2026-05-20 10:33:13,199 | INFO | telegram.ext.Application | Application started
2026-05-20 10:33:13,496 | INFO | VCPlatform | Admin bot started
2026-05-20 10:33:14,466 | INFO | telegram.ext.Application | Application started
2026-05-20 10:33:17,032 | INFO | VCPlatform | [6444599625] Client bot launched: @YTBHAI_LIVE_BOT
2026-05-20 10:33:17,156 | INFO | VCPlatform | [6444599625] Monitor started for https://t.me/+VasrzM1i2TQzYmFl
2026-05-20 10:33:17,156 | INFO | VCPlatform | [6444599625] Channel from cache: '𝐒𝐔𝐑𝐄𝐒𝐇𝐎𝐓 𝐁𝐘 𝐉𝐀𝐂𝐊' (bare_id=2412810294) for https://t.me/+VasrzM1i2TQzYmFl
2026-05-20 10:33:17,157 | INFO | VCPlatform | [6444599625] VC push update handler registered
2026-05-20 10:33:17,931 | INFO | telegram.ext.Application | Application started
2026-05-20 10:33:19,015 | INFO | VCPlatform | [6444599625] Live already running in https://t.me/+VasrzM1i2TQzYmFl on startup — joining...
2026-05-20 10:33:19,340 | INFO | VCPlatform | [6444599625_2] Client bot launched: @YTBHAILIVEFC2_BOT
2026-05-20 10:33:19,467 | INFO | VCPlatform | [6444599625_2] Monitor started for https://t.me/+5wYXdZfacPwwZTZl
2026-05-20 10:33:19,468 | INFO | VCPlatform | [6444599625_2] Channel from cache: '𝐒𝐔𝐑𝐄𝐒𝐇𝐎𝐓 𝐁𝐘 𝐑𝐀𝐌' (bare_id=2893144270) for https://t.me/+5wYXdZfacPwwZTZl
2026-05-20 10:33:19,468 | INFO | VCPlatform | [6444599625_2] VC push update handler registered
2026-05-20 10:33:20,144 | INFO | VCPlatform | [6444599625_2] Live already running in https://t.me/+5wYXdZfacPwwZTZl on startup — joining...
2026-05-20 10:33:20,246 | INFO | telegram.ext.Application | Application started
2026-05-20 10:33:21,336 | INFO | VCPlatform | [6444599625] Joined VC in chat -1002412810294
2026-05-20 10:33:21,336 | INFO | VCPlatform | [6444599625] Joined VC on startup in https://t.me/+VasrzM1i2TQzYmFl
2026-05-20 10:33:21,337 | INFO | VCPlatform | [6444599625] NTG: ConnectionState.CONNECTING
2026-05-20 10:33:21,722 | INFO | VCPlatform | [6444599625] NTG: ConnectionState.CONNECTED
2026-05-20 10:33:21,730 | INFO | VCPlatform | [6444599625_2] NTG: ConnectionState.CONNECTING
2026-05-20 10:33:21,731 | INFO | VCPlatform | [6444599625_2] Joined VC in chat -1002893144270
2026-05-20 10:33:21,731 | INFO | VCPlatform | [6444599625_2] Joined VC on startup in https://t.me/+5wYXdZfacPwwZTZl
2026-05-20 10:33:22,129 | INFO | VCPlatform | [6444599625_2] NTG: ConnectionState.CONNECTED
2026-05-20 10:33:23,316 | INFO | VCPlatform | [6444599625_3] Client bot launched: @YTBHAILIVEFC3_BOT
2026-05-20 10:33:23,434 | INFO | VCPlatform | [6444599625_3] Monitor started for https://t.me/+hnGoxIQ1wj83NGVl
2026-05-20 10:33:23,435 | INFO | VCPlatform | [6444599625_3] Channel from cache: '𝐒𝐔𝐑𝐄𝐒𝐇𝐎𝐓 𝐁𝐘 𝐀𝐋𝐄𝐗' (bare_id=2408551846) for https://t.me/+hnGoxIQ1wj83NGVl
2026-05-20 10:33:23,435 | INFO | VCPlatform | [6444599625_3] VC push update handler registered
2026-05-20 10:33:24,231 | INFO | telegram.ext.Application | Application started
2026-05-20 10:33:25,411 | INFO | VCPlatform | [6444599625_3] Live already running in https://t.me/+hnGoxIQ1wj83NGVl on startup — joining...
2026-05-20 10:33:26,647 | INFO | VCPlatform | [6451644278] Client bot launched: @YTBHAILIVEFC4_BOT
2026-05-20 10:33:26,802 | INFO | VCPlatform | [6451644278] Monitor started for https://t.me/+NYnorF2xfkhiYmI1
2026-05-20 10:33:26,803 | INFO | VCPlatform | [6451644278] Channel from cache: '𝙔𝙖𝙖𝙧𝙒𝙞𝙣 𝘼𝙡𝙚𝙭' (bare_id=2167741832) for https://t.me/+NYnorF2xfkhiYmI1
2026-05-20 10:33:26,804 | INFO | VCPlatform | [6451644278] VC push update handler registered
2026-05-20 10:33:27,562 | INFO | telegram.ext.Application | Application started
2026-05-20 10:33:28,061 | INFO | VCPlatform | [6444599625_3] NTG: ConnectionState.CONNECTING
2026-05-20 10:33:28,065 | INFO | VCPlatform | [6444599625_3] Joined VC in chat -1002408551846
2026-05-20 10:33:28,065 | INFO | VCPlatform | [6444599625_3] Joined VC on startup in https://t.me/+hnGoxIQ1wj83NGVl
2026-05-20 10:33:28,138 | INFO | VCPlatform | [6451644278] Live already running in https://t.me/+NYnorF2xfkhiYmI1 on startup — joining...
2026-05-20 10:33:28,440 | INFO | VCPlatform | [6444599625_3] NTG: ConnectionState.CONNECTED
2026-05-20 10:33:29,110 | INFO | VCPlatform | [6444599625_4] Client bot launched: @YTBHAILIVEFC5_BOT
2026-05-20 10:33:29,267 | INFO | VCPlatform | [6444599625_4] Monitor started for https://t.me/+Z6J56TI-fZFlZTQ1
2026-05-20 10:33:29,267 | INFO | VCPlatform | [6444599625_4] Channel from cache: '𝐒𝐮𝐫𝐞𝐬𝐡𝐨𝐭 𝐛𝐲 𝐉𝐚𝐜𝐤' (bare_id=2098714715) for https://t.me/+Z6J56TI-fZFlZTQ1
2026-05-20 10:33:29,268 | INFO | VCPlatform | [6444599625_4] VC push update handler registered
2026-05-20 10:33:30,071 | INFO | telegram.ext.Application | Application started
2026-05-20 10:33:30,606 | INFO | VCPlatform | [7535601861] Client bot launched: @YTBHAILIVEFC6_BOT
2026-05-20 10:33:30,953 | INFO | VCPlatform | [6451644278] NTG: ConnectionState.CONNECTING
2026-05-20 10:33:30,955 | INFO | VCPlatform | [6451644278] Joined VC in chat -1002167741832
2026-05-20 10:33:30,956 | INFO | VCPlatform | [6451644278] Joined VC on startup in https://t.me/+NYnorF2xfkhiYmI1
2026-05-20 10:33:31,353 | INFO | VCPlatform | [6451644278] NTG: ConnectionState.CONNECTED
2026-05-20 10:33:31,512 | INFO | telegram.ext.Application | Application started
2026-05-20 10:33:32,879 | INFO | VCPlatform | [7535601861_2] Client bot launched: @YTBHAILIVEFC7_BOT
2026-05-20 10:33:33,006 | INFO | VCPlatform | [7535601861_2] Monitor started for https://t.me/+cX4Z43GzQHJmZDU1
2026-05-20 10:33:33,006 | INFO | VCPlatform | [7535601861_2] Channel from cache: 'Shureshot By Komal' (bare_id=2433043152) for https://t.me/+cX4Z43GzQHJmZDU1
2026-05-20 10:33:33,006 | INFO | VCPlatform | [7535601861_2] VC push update handler registered
2026-05-20 10:33:33,783 | INFO | telegram.ext.Application | Application started
2026-05-20 10:33:36,093 | INFO | VCPlatform | [8015937475] Client bot launched: @AutoGmail_RoBot
2026-05-20 10:33:36,094 | INFO | VCPlatform | Platform fully running.
2026-05-20 10:33:36,094 | INFO | VCPlatform | [8015937475] Monitor started for https://t.me/+F4IAa6kyKnQ4NjI1
2026-05-20 10:33:36,095 | INFO | VCPlatform | [8015937475] Channel from cache: 'ZAYRO 𝐒𝐔𝐑𝐄𝐒𝐇𝐎𝐓' (bare_id=2459134980) for https://t.me/+F4IAa6kyKnQ4NjI1
2026-05-20 10:33:36,095 | INFO | VCPlatform | [8015937475] VC push update handler registered
2026-05-20 10:33:37,437 | INFO | VCPlatform | [8015937475] Live already running in https://t.me/+F4IAa6kyKnQ4NjI1 on startup — joining...
2026-05-20 10:33:39,786 | INFO | VCPlatform | [8015937475] NTG: ConnectionState.CONNECTING
2026-05-20 10:33:39,788 | INFO | VCPlatform | [8015937475] Joined VC in chat -1002459134980
2026-05-20 10:33:39,788 | INFO | VCPlatform | [8015937475] Joined VC on startup in https://t.me/+F4IAa6kyKnQ4NjI1
2026-05-20 10:33:40,204 | INFO | VCPlatform | [8015937475] NTG: ConnectionState.CONNECTED
2026-05-20 10:36:21,558 | INFO | telegram.ext.Application | Application started
2026-05-20 10:36:21,821 | INFO | VCPlatform | Admin bot started
2026-05-20 10:36:22,724 | INFO | telegram.ext.Application | Application started
2026-05-20 10:36:25,632 | INFO | VCPlatform | [6444599625] Client bot launched: @YTBHAI_LIVE_BOT
2026-05-20 10:36:25,745 | INFO | VCPlatform | [6444599625] Monitor started for https://t.me/+VasrzM1i2TQzYmFl
2026-05-20 10:36:25,746 | INFO | VCPlatform | [6444599625] Channel from cache: '𝐒𝐔𝐑𝐄𝐒𝐇𝐎𝐓 𝐁𝐘 𝐉𝐀𝐂𝐊' (bare_id=2412810294) for https://t.me/+VasrzM1i2TQzYmFl
2026-05-20 10:36:25,750 | INFO | VCPlatform | [6444599625] VC push update handler registered
2026-05-20 10:36:26,534 | INFO | telegram.ext.Application | Application started
2026-05-20 10:36:27,358 | INFO | VCPlatform | [6444599625] Live already running in https://t.me/+VasrzM1i2TQzYmFl on startup — joining...
2026-05-20 10:36:27,866 | INFO | VCPlatform | [6444599625_2] Client bot launched: @YTBHAILIVEFC2_BOT
2026-05-20 10:36:27,988 | INFO | VCPlatform | [6444599625_2] Monitor started for https://t.me/+5wYXdZfacPwwZTZl
2026-05-20 10:36:27,989 | INFO | VCPlatform | [6444599625_2] Channel from cache: '𝐒𝐔𝐑𝐄𝐒𝐇𝐎𝐓 𝐁𝐘 𝐑𝐀𝐌' (bare_id=2893144270) for https://t.me/+5wYXdZfacPwwZTZl
2026-05-20 10:36:27,989 | INFO | VCPlatform | [6444599625_2] VC push update handler registered
2026-05-20 10:36:28,766 | INFO | telegram.ext.Application | Application started
2026-05-20 10:36:28,784 | INFO | VCPlatform | [6444599625_2] Live already running in https://t.me/+5wYXdZfacPwwZTZl on startup — joining...
2026-05-20 10:36:29,677 | INFO | VCPlatform | [6444599625] NTG: ConnectionState.CONNECTING
2026-05-20 10:36:29,679 | INFO | VCPlatform | [6444599625] Joined VC in chat -1002412810294
2026-05-20 10:36:29,681 | INFO | VCPlatform | [6444599625] Joined VC on startup in https://t.me/+VasrzM1i2TQzYmFl
2026-05-20 10:36:30,068 | INFO | VCPlatform | [6444599625] NTG: ConnectionState.CONNECTED
2026-05-20 10:36:30,363 | INFO | VCPlatform | [6444599625_2] NTG: ConnectionState.CONNECTING
2026-05-20 10:36:30,369 | INFO | VCPlatform | [6444599625_2] Joined VC in chat -1002893144270
2026-05-20 10:36:30,369 | INFO | VCPlatform | [6444599625_2] Joined VC on startup in https://t.me/+5wYXdZfacPwwZTZl
2026-05-20 10:36:30,744 | INFO | VCPlatform | [6444599625_2] NTG: ConnectionState.CONNECTED
2026-05-20 10:36:31,538 | INFO | VCPlatform | [6444599625_3] Client bot launched: @YTBHAILIVEFC3_BOT
2026-05-20 10:36:31,655 | INFO | VCPlatform | [6444599625_3] Monitor started for https://t.me/+hnGoxIQ1wj83NGVl
2026-05-20 10:36:31,655 | INFO | VCPlatform | [6444599625_3] Channel from cache: '𝐒𝐔𝐑𝐄𝐒𝐇𝐎𝐓 𝐁𝐘 𝐀𝐋𝐄𝐗' (bare_id=2408551846) for https://t.me/+hnGoxIQ1wj83NGVl
2026-05-20 10:36:31,656 | INFO | VCPlatform | [6444599625_3] VC push update handler registered
2026-05-20 10:36:32,427 | INFO | telegram.ext.Application | Application started
2026-05-20 10:36:33,266 | INFO | VCPlatform | [6444599625_3] Live already running in https://t.me/+hnGoxIQ1wj83NGVl on startup — joining...
2026-05-20 10:36:34,737 | INFO | VCPlatform | [6451644278] Client bot launched: @YTBHAILIVEFC4_BOT
2026-05-20 10:36:34,875 | INFO | VCPlatform | [6451644278] Monitor started for https://t.me/+NYnorF2xfkhiYmI1
2026-05-20 10:36:34,876 | INFO | VCPlatform | [6451644278] Channel from cache: '𝙔𝙖𝙖𝙧𝙒𝙞𝙣 𝘼𝙡𝙚𝙭' (bare_id=2167741832) for https://t.me/+NYnorF2xfkhiYmI1
2026-05-20 10:36:34,876 | INFO | VCPlatform | [6451644278] VC push update handler registered
2026-05-20 10:36:35,503 | INFO | VCPlatform | [6444599625_3] NTG: ConnectionState.CONNECTING
2026-05-20 10:36:35,507 | INFO | VCPlatform | [6444599625_3] Joined VC in chat -1002408551846
2026-05-20 10:36:35,507 | INFO | VCPlatform | [6444599625_3] Joined VC on startup in https://t.me/+hnGoxIQ1wj83NGVl
2026-05-20 10:36:35,657 | INFO | telegram.ext.Application | Application started
2026-05-20 10:36:35,886 | INFO | VCPlatform | [6444599625_3] NTG: ConnectionState.CONNECTED
2026-05-20 10:36:36,231 | INFO | VCPlatform | [6451644278] Live already running in https://t.me/+NYnorF2xfkhiYmI1 on startup — joining...
2026-05-20 10:36:37,204 | INFO | VCPlatform | [6444599625_4] Client bot launched: @YTBHAILIVEFC5_BOT
2026-05-20 10:36:37,342 | INFO | VCPlatform | [6444599625_4] Monitor started for https://t.me/+Z6J56TI-fZFlZTQ1
2026-05-20 10:36:37,342 | INFO | VCPlatform | [6444599625_4] Channel from cache: '𝐒𝐮𝐫𝐞𝐬𝐡𝐨𝐭 𝐛𝐲 𝐉𝐚𝐜𝐤' (bare_id=2098714715) for https://t.me/+Z6J56TI-fZFlZTQ1
2026-05-20 10:36:37,343 | INFO | VCPlatform | [6444599625_4] VC push update handler registered
2026-05-20 10:36:38,130 | INFO | telegram.ext.Application | Application started
2026-05-20 10:36:38,542 | INFO | VCPlatform | [6451644278] NTG: ConnectionState.CONNECTING
2026-05-20 10:36:38,556 | INFO | VCPlatform | [6451644278] Joined VC in chat -1002167741832
2026-05-20 10:36:38,557 | INFO | VCPlatform | [6451644278] Joined VC on startup in https://t.me/+NYnorF2xfkhiYmI1
2026-05-20 10:36:38,670 | INFO | VCPlatform | [7535601861] Client bot launched: @YTBHAILIVEFC6_BOT
2026-05-20 10:36:38,903 | INFO | VCPlatform | [6451644278] NTG: ConnectionState.CONNECTED
2026-05-20 10:36:39,569 | INFO | telegram.ext.Application | Application started
2026-05-20 10:36:40,927 | INFO | VCPlatform | [7535601861_2] Client bot launched: @YTBHAILIVEFC7_BOT
2026-05-20 10:36:41,048 | INFO | VCPlatform | [7535601861_2] Monitor started for https://t.me/+cX4Z43GzQHJmZDU1
2026-05-20 10:36:41,049 | INFO | VCPlatform | [7535601861_2] Channel from cache: 'Shureshot By Komal' (bare_id=2433043152) for https://t.me/+cX4Z43GzQHJmZDU1
2026-05-20 10:36:41,049 | INFO | VCPlatform | [7535601861_2] VC push update handler registered
2026-05-20 10:36:41,820 | INFO | telegram.ext.Application | Application started
2026-05-20 10:36:44,542 | INFO | VCPlatform | [8015937475] Client bot launched: @AutoGmail_RoBot
2026-05-20 10:36:44,542 | INFO | VCPlatform | Platform fully running.
2026-05-20 10:36:44,542 | INFO | VCPlatform | [8015937475] Monitor started for https://t.me/+F4IAa6kyKnQ4NjI1
2026-05-20 10:36:44,542 | INFO | VCPlatform | [8015937475] Channel from cache: 'ZAYRO 𝐒𝐔𝐑𝐄𝐒𝐇𝐎𝐓' (bare_id=2459134980) for https://t.me/+F4IAa6kyKnQ4NjI1
2026-05-20 10:36:44,542 | INFO | VCPlatform | [8015937475] VC push update handler registered
2026-05-20 10:36:46,157 | INFO | VCPlatform | [8015937475] Live already running in https://t.me/+F4IAa6kyKnQ4NjI1 on startup — joining...
2026-05-20 10:36:48,090 | INFO | VCPlatform | [8015937475] NTG: ConnectionState.CONNECTING
2026-05-20 10:36:48,093 | INFO | VCPlatform | [8015937475] Joined VC in chat -1002459134980
2026-05-20 10:36:48,094 | INFO | VCPlatform | [8015937475] Joined VC on startup in https://t.me/+F4IAa6kyKnQ4NjI1
2026-05-20 10:36:48,486 | INFO | VCPlatform | [8015937475] NTG: ConnectionState.CONNECTED
2026-05-20 10:37:42,850 | INFO | VCPlatform | [7535601861_2] Monitor stopped for https://t.me/+cX4Z43GzQHJmZDU1
2026-05-20 10:37:42,850 | INFO | VCPlatform | [7535601861_2] Monitors restarted: 1 running for 1 channels
2026-05-20 10:37:42,852 | INFO | VCPlatform | [7535601861_2] Monitor started for https://t.me/+cX4Z43GzQHJmZDU1
2026-05-20 10:37:42,852 | INFO | VCPlatform | [7535601861_2] Channel from cache: 'Shureshot By Komal' (bare_id=2433043152) for https://t.me/+cX4Z43GzQHJmZDU1
2026-05-20 10:37:42,854 | INFO | VCPlatform | [7535601861_2] VC push update handler registered
2026-05-20 10:40:47,490 | INFO | VCPlatform | [7535601861_2] Monitor stopped for https://t.me/+cX4Z43GzQHJmZDU1
2026-05-20 10:40:47,491 | INFO | VCPlatform | [7535601861_2] Monitors restarted: 1 running for 1 channels
2026-05-20 10:40:47,492 | INFO | VCPlatform | [7535601861_2] Monitor started for https://t.me/+cX4Z43GzQHJmZDU1
2026-05-20 10:40:47,492 | INFO | VCPlatform | [7535601861_2] Channel from cache: 'Shureshot By Komal' (bare_id=2433043152) for https://t.me/+cX4Z43GzQHJmZDU1
2026-05-20 10:40:47,493 | INFO | VCPlatform | [7535601861_2] VC push update handler registered
2026-05-20 10:40:48,261 | INFO | VCPlatform | [7535601861_2] Live already running in https://t.me/+cX4Z43GzQHJmZDU1 on startup — joining...
2026-05-20 10:40:49,532 | INFO | VCPlatform | [7535601861_2] NTG: ConnectionState.CONNECTING
2026-05-20 10:40:49,534 | INFO | VCPlatform | [7535601861_2] Joined VC in chat -1002433043152
2026-05-20 10:40:49,534 | INFO | VCPlatform | [7535601861_2] Joined VC on startup in https://t.me/+cX4Z43GzQHJmZDU1
2026-05-20 10:40:49,916 | INFO | VCPlatform | [7535601861_2] NTG: ConnectionState.CONNECTED
2026-05-20 10:43:11,194 | INFO | VCPlatform | [8015937475] Stream restarted via set_stream_sources
2026-05-20 10:43:27,948 | INFO | VCPlatform | [7535601861] Monitors restarted: 1 running for 1 channels
2026-05-20 10:43:27,949 | INFO | VCPlatform | [7535601861] Monitor started for https://t.me/+akHf5OY8eHYxZTQ1
2026-05-20 10:43:27,950 | INFO | VCPlatform | [7535601861] Channel from cache: '𝙔𝙖𝙖𝙧𝙒𝙞𝙣 𝘼𝙡𝙚𝙭' (bare_id=2176401264) for https://t.me/+akHf5OY8eHYxZTQ1
2026-05-20 10:43:47,856 | INFO | VCPlatform | [6444599625] Stream restarted via set_stream_sources
2026-05-20 10:43:48,469 | INFO | VCPlatform | [6444599625_2] Stream restarted via set_stream_sources
2026-05-20 10:43:53,460 | INFO | VCPlatform | [6444599625] Monitor stopped for https://t.me/+VasrzM1i2TQzYmFl
2026-05-20 10:43:53,461 | INFO | VCPlatform | [6444599625] Monitors restarted: 1 running for 1 channels
2026-05-20 10:43:53,461 | INFO | VCPlatform | [6444599625] Monitor started for https://t.me/+VasrzM1i2TQzYmFl
2026-05-20 10:43:53,461 | INFO | VCPlatform | [6444599625] Channel from cache: '𝐒𝐔𝐑𝐄𝐒𝐇𝐎𝐓 𝐁𝐘 𝐉𝐀𝐂𝐊' (bare_id=2412810294) for https://t.me/+VasrzM1i2TQzYmFl
2026-05-20 10:43:53,461 | INFO | VCPlatform | [6444599625] VC push update handler registered
2026-05-20 10:43:53,462 | INFO | VCPlatform | [6444599625_2] Monitor stopped for https://t.me/+5wYXdZfacPwwZTZl
2026-05-20 10:43:53,462 | INFO | VCPlatform | [6444599625_2] Monitors restarted: 1 running for 1 channels
2026-05-20 10:43:53,462 | INFO | VCPlatform | [6444599625_2] Monitor started for https://t.me/+5wYXdZfacPwwZTZl
2026-05-20 10:43:53,462 | INFO | VCPlatform | [6444599625_2] Channel from cache: '𝐒𝐔𝐑𝐄𝐒𝐇𝐎𝐓 𝐁𝐘 𝐑𝐀𝐌' (bare_id=2893144270) for https://t.me/+5wYXdZfacPwwZTZl
2026-05-20 10:43:53,462 | INFO | VCPlatform | [6444599625_2] VC push update handler registered
2026-05-20 10:43:53,463 | INFO | VCPlatform | [6444599625_3] Monitor stopped for https://t.me/+hnGoxIQ1wj83NGVl
2026-05-20 10:43:53,463 | INFO | VCPlatform | [6444599625_3] Monitors restarted: 1 running for 1 channels
2026-05-20 10:43:53,463 | INFO | VCPlatform | [6444599625_3] Monitor started for https://t.me/+hnGoxIQ1wj83NGVl
2026-05-20 10:43:53,463 | INFO | VCPlatform | [6444599625_3] Channel from cache: '𝐒𝐔𝐑𝐄𝐒𝐇𝐎𝐓 𝐁𝐘 𝐀𝐋𝐄𝐗' (bare_id=2408551846) for https://t.me/+hnGoxIQ1wj83NGVl
2026-05-20 10:43:53,463 | INFO | VCPlatform | [6444599625_3] VC push update handler registered
2026-05-20 10:43:53,464 | INFO | VCPlatform | [6451644278] Monitor stopped for https://t.me/+NYnorF2xfkhiYmI1
2026-05-20 10:43:53,464 | INFO | VCPlatform | [6451644278] Monitors restarted: 1 running for 1 channels
2026-05-20 10:43:53,464 | INFO | VCPlatform | [6451644278] Monitor started for https://t.me/+NYnorF2xfkhiYmI1
2026-05-20 10:43:53,465 | INFO | VCPlatform | [6451644278] Channel from cache: '𝙔𝙖𝙖𝙧𝙒𝙞𝙣 𝘼𝙡𝙚𝙭' (bare_id=2167741832) for https://t.me/+NYnorF2xfkhiYmI1
2026-05-20 10:43:53,466 | INFO | VCPlatform | [6451644278] VC push update handler registered
2026-05-20 10:43:53,466 | INFO | VCPlatform | [6444599625_4] Monitor stopped for https://t.me/+Z6J56TI-fZFlZTQ1
2026-05-20 10:43:53,466 | INFO | VCPlatform | [6444599625_4] Monitors restarted: 1 running for 1 channels
2026-05-20 10:43:53,466 | INFO | VCPlatform | [6444599625_4] Monitor started for https://t.me/+Z6J56TI-fZFlZTQ1
2026-05-20 10:43:53,466 | INFO | VCPlatform | [6444599625_4] Channel from cache: '𝐒𝐮𝐫𝐞𝐬𝐡𝐨𝐭 𝐛𝐲 𝐉𝐚𝐜𝐤' (bare_id=2098714715) for https://t.me/+Z6J56TI-fZFlZTQ1
2026-05-20 10:43:53,467 | INFO | VCPlatform | [6444599625_4] VC push update handler registered
2026-05-20 10:43:53,467 | INFO | VCPlatform | [7535601861_2] Monitor stopped for https://t.me/+cX4Z43GzQHJmZDU1
2026-05-20 10:43:53,467 | INFO | VCPlatform | [7535601861_2] Monitors restarted: 1 running for 1 channels
2026-05-20 10:43:53,468 | INFO | VCPlatform | [7535601861_2] Monitor started for https://t.me/+cX4Z43GzQHJmZDU1
2026-05-20 10:43:53,468 | INFO | VCPlatform | [7535601861_2] Channel from cache: 'Shureshot By Komal' (bare_id=2433043152) for https://t.me/+cX4Z43GzQHJmZDU1
2026-05-20 10:43:53,468 | INFO | VCPlatform | [7535601861_2] VC push update handler registered
2026-05-20 10:43:53,468 | INFO | VCPlatform | [8015937475] Monitor stopped for https://t.me/+F4IAa6kyKnQ4NjI1
2026-05-20 10:43:53,469 | INFO | VCPlatform | [8015937475] Monitors restarted: 1 running for 1 channels
2026-05-20 10:43:53,470 | INFO | VCPlatform | [8015937475] Monitor started for https://t.me/+F4IAa6kyKnQ4NjI1
2026-05-20 10:43:53,471 | INFO | VCPlatform | [8015937475] Channel from cache: 'ZAYRO 𝐒𝐔𝐑𝐄𝐒𝐇𝐎𝐓' (bare_id=2459134980) for https://t.me/+F4IAa6kyKnQ4NjI1
2026-05-20 10:43:53,471 | INFO | VCPlatform | [8015937475] VC push update handler registered
2026-05-20 10:43:53,609 | INFO | VCPlatform | [6444599625_3] Stream restarted via set_stream_sources
2026-05-20 10:47:08,638 | INFO | VCPlatform | [7535601861_2] Stream restarted via set_stream_sources
2026-05-20 10:47:56,647 | INFO | VCPlatform | [6451644278] Stream restarted via set_stream_sources
2026-05-20 10:49:34,296 | INFO | VCPlatform | [8015937475] Stream restarted via set_stream_sources
2026-05-20 10:51:05,956 | INFO | VCPlatform | [6444599625] Stream restarted via set_stream_sources
2026-05-20 10:51:06,570 | INFO | VCPlatform | [6444599625_2] Stream restarted via set_stream_sources
2026-05-20 10:51:11,712 | INFO | VCPlatform | [6444599625_3] Stream restarted via set_stream_sources
2026-05-20 10:53:27,749 | INFO | VCPlatform | [7535601861_2] Stream restarted via set_stream_sources
2026-05-20 10:55:57,401 | INFO | VCPlatform | [8015937475] Stream restarted via set_stream_sources
2026-05-20 10:58:24,083 | INFO | VCPlatform | [6444599625] Stream restarted via set_stream_sources
2026-05-20 10:58:24,672 | INFO | VCPlatform | [6444599625_2] Stream restarted via set_stream_sources
2026-05-20 10:58:29,817 | INFO | VCPlatform | [6444599625_3] Stream restarted via set_stream_sources
2026-05-20 10:59:14,755 | INFO | VCPlatform | [6451644278] Stream restarted via set_stream_sources
2026-05-20 10:59:46,854 | INFO | VCPlatform | [7535601861_2] Stream restarted via set_stream_sources
2026-05-20 11:02:20,506 | INFO | VCPlatform | [8015937475] Stream restarted via set_stream_sources
2026-05-20 11:05:42,187 | INFO | VCPlatform | [6444599625] Stream restarted via set_stream_sources
2026-05-20 11:05:42,774 | INFO | VCPlatform | [6444599625_2] Stream restarted via set_stream_sources
2026-05-20 11:05:47,921 | INFO | VCPlatform | [6444599625_3] Stream restarted via set_stream_sources
2026-05-20 11:06:05,958 | INFO | VCPlatform | [7535601861_2] Stream restarted via set_stream_sources
2026-05-20 11:08:43,609 | INFO | VCPlatform | [8015937475] Stream restarted via set_stream_sources
2026-05-20 11:10:32,888 | INFO | VCPlatform | [6451644278] Stream restarted via set_stream_sources
2026-05-20 11:12:25,064 | INFO | VCPlatform | [7535601861_2] Stream restarted via set_stream_sources
2026-05-20 11:13:00,290 | INFO | VCPlatform | [6444599625] Stream restarted via set_stream_sources
2026-05-20 11:13:00,878 | INFO | VCPlatform | [6444599625_2] Stream restarted via set_stream_sources
2026-05-20 11:13:06,026 | INFO | VCPlatform | [6444599625_3] Stream restarted via set_stream_sources
2026-05-20 11:15:06,756 | INFO | VCPlatform | [8015937475] Stream restarted via set_stream_sources
2026-05-20 11:18:44,169 | INFO | VCPlatform | [7535601861_2] Stream restarted via set_stream_sources
2026-05-20 11:20:18,399 | INFO | VCPlatform | [6444599625] Stream restarted via set_stream_sources
2026-05-20 11:20:18,978 | INFO | VCPlatform | [6444599625_2] Stream restarted via set_stream_sources
2026-05-20 11:20:24,145 | INFO | VCPlatform | [6444599625_3] Stream restarted via set_stream_sources
2026-05-20 11:21:29,857 | INFO | VCPlatform | [8015937475] Stream restarted via set_stream_sources
2026-05-20 11:21:50,989 | INFO | VCPlatform | [6451644278] Stream restarted via set_stream_sources
2026-05-20 11:25:03,312 | INFO | VCPlatform | [7535601861_2] Stream restarted via set_stream_sources
2026-05-20 11:27:36,518 | INFO | VCPlatform | [6444599625] Stream restarted via set_stream_sources
2026-05-20 11:27:37,080 | INFO | VCPlatform | [6444599625_2] Stream restarted via set_stream_sources
2026-05-20 11:27:42,250 | INFO | VCPlatform | [6444599625_3] Stream restarted via set_stream_sources
2026-05-20 11:27:52,960 | INFO | VCPlatform | [8015937475] Stream restarted via set_stream_sources
2026-05-20 11:31:22,391 | INFO | VCPlatform | [7535601861_2] Stream restarted via set_stream_sources
2026-05-20 11:33:09,105 | INFO | VCPlatform | [6451644278] Stream restarted via set_stream_sources
2026-05-20 11:33:16,037 | INFO | VCPlatform | [7535601861_2] Monitor stopped for https://t.me/+cX4Z43GzQHJmZDU1
2026-05-20 11:33:26,055 | INFO | VCPlatform | [7535601861_2] Monitor started for https://t.me/+akHf5OY8eHYxZTQ1
2026-05-20 11:33:26,060 | INFO | VCPlatform | [7535601861_2] Channel from cache: '𝙔𝙖𝙖𝙧𝙒𝙞𝙣 𝘼𝙡𝙚𝙭' (bare_id=2176401264) for https://t.me/+akHf5OY8eHYxZTQ1
2026-05-20 11:33:26,061 | INFO | VCPlatform | [7535601861_2] VC push update handler registered
2026-05-20 11:33:26,799 | INFO | VCPlatform | [7535601861_2] Live already running in https://t.me/+akHf5OY8eHYxZTQ1 on startup — joining...
2026-05-20 11:33:26,800 | WARNING | VCPlatform | [7535601861_2] vc_join: leaving stale VC -1002433043152 before joining -1002176401264
2026-05-20 11:33:30,134 | INFO | VCPlatform | [7535601861_2] NTG: ConnectionState.CONNECTING
2026-05-20 11:33:30,142 | INFO | VCPlatform | [7535601861_2] Joined VC in chat -1002176401264
2026-05-20 11:33:30,142 | INFO | VCPlatform | [7535601861_2] Joined VC on startup in https://t.me/+akHf5OY8eHYxZTQ1
2026-05-20 11:33:30,467 | INFO | VCPlatform | [7535601861_2] NTG: ConnectionState.CONNECTED
2026-05-20 11:34:16,074 | INFO | VCPlatform | [8015937475] Stream restarted via set_stream_sources
2026-05-20 11:34:54,619 | INFO | VCPlatform | [6444599625] Stream restarted via set_stream_sources
2026-05-20 11:34:55,183 | INFO | VCPlatform | [6444599625_2] Stream restarted via set_stream_sources
2026-05-20 11:35:00,353 | INFO | VCPlatform | [6444599625_3] Stream restarted via set_stream_sources
2026-05-20 11:39:49,243 | INFO | VCPlatform | [7535601861_2] Stream restarted via set_stream_sources
2026-05-20 11:40:39,179 | INFO | VCPlatform | [8015937475] Stream restarted via set_stream_sources
2026-05-20 11:42:12,724 | INFO | VCPlatform | [6444599625] Stream restarted via set_stream_sources
2026-05-20 11:42:13,289 | INFO | VCPlatform | [6444599625_2] Stream restarted via set_stream_sources
2026-05-20 11:42:18,456 | INFO | VCPlatform | [6444599625_3] Stream restarted via set_stream_sources
2026-05-20 11:44:27,210 | INFO | VCPlatform | [6451644278] Stream restarted via set_stream_sources
2026-05-20 11:46:08,348 | INFO | VCPlatform | [7535601861_2] Stream restarted via set_stream_sources
2026-05-20 11:47:02,279 | INFO | VCPlatform | [8015937475] Stream restarted via set_stream_sources
2026-05-20 11:49:30,827 | INFO | VCPlatform | [6444599625] Stream restarted via set_stream_sources
2026-05-20 11:49:31,389 | INFO | VCPlatform | [6444599625_2] Stream restarted via set_stream_sources
2026-05-20 11:49:36,565 | INFO | VCPlatform | [6444599625_3] Stream restarted via set_stream_sources
2026-05-20 11:52:27,452 | INFO | VCPlatform | [7535601861_2] Stream restarted via set_stream_sources
2026-05-20 11:53:25,388 | INFO | VCPlatform | [8015937475] Stream restarted via set_stream_sources
2026-05-20 11:55:45,314 | INFO | VCPlatform | [6451644278] Stream restarted via set_stream_sources
2026-05-20 11:56:48,929 | INFO | VCPlatform | [6444599625] Stream restarted via set_stream_sources
2026-05-20 11:56:49,491 | INFO | VCPlatform | [6444599625_2] Stream restarted via set_stream_sources
2026-05-20 11:56:54,668 | INFO | VCPlatform | [6444599625_3] Stream restarted via set_stream_sources
2026-05-20 11:58:46,556 | INFO | VCPlatform | [7535601861_2] Stream restarted via set_stream_sources
2026-05-20 11:59:48,493 | INFO | VCPlatform | [8015937475] Stream restarted via set_stream_sources
2026-05-20 12:04:07,034 | INFO | VCPlatform | [6444599625] Stream restarted via set_stream_sources
2026-05-20 12:04:07,595 | INFO | VCPlatform | [6444599625_2] Stream restarted via set_stream_sources
2026-05-20 12:04:12,771 | INFO | VCPlatform | [6444599625_3] Stream restarted via set_stream_sources
2026-05-20 12:05:05,699 | INFO | VCPlatform | [7535601861_2] Stream restarted via set_stream_sources
2026-05-20 12:06:11,595 | INFO | VCPlatform | [8015937475] Stream restarted via set_stream_sources
2026-05-20 12:07:03,417 | INFO | VCPlatform | [6451644278] Stream restarted via set_stream_sources
2026-05-20 12:11:24,811 | INFO | VCPlatform | [7535601861_2] Stream restarted via set_stream_sources
2026-05-20 12:11:25,135 | INFO | VCPlatform | [6444599625] Stream restarted via set_stream_sources
2026-05-20 12:11:25,698 | INFO | VCPlatform | [6444599625_2] Stream restarted via set_stream_sources
2026-05-20 12:11:30,874 | INFO | VCPlatform | [6444599625_3] Stream restarted via set_stream_sources
2026-05-20 12:12:34,703 | INFO | VCPlatform | [8015937475] Stream restarted via set_stream_sources
2026-05-20 12:17:43,921 | INFO | VCPlatform | [7535601861_2] Stream restarted via set_stream_sources
2026-05-20 12:18:21,519 | INFO | VCPlatform | [6451644278] Stream restarted via set_stream_sources
2026-05-20 12:18:43,239 | INFO | VCPlatform | [6444599625] Stream restarted via set_stream_sources
2026-05-20 12:18:43,803 | INFO | VCPlatform | [6444599625_2] Stream restarted via set_stream_sources
2026-05-20 12:18:48,977 | INFO | VCPlatform | [6444599625_3] Stream restarted via set_stream_sources
2026-05-20 12:18:57,803 | INFO | VCPlatform | [8015937475] Stream restarted via set_stream_sources
2026-05-20 12:24:03,030 | INFO | VCPlatform | [7535601861_2] Stream restarted via set_stream_sources
2026-05-20 12:25:20,906 | INFO | VCPlatform | [8015937475] Stream restarted via set_stream_sources
2026-05-20 12:26:01,345 | INFO | VCPlatform | [6444599625] Stream restarted via set_stream_sources
2026-05-20 12:26:01,912 | INFO | VCPlatform | [6444599625_2] Stream restarted via set_stream_sources
2026-05-20 12:26:07,080 | INFO | VCPlatform | [6444599625_3] Stream restarted via set_stream_sources
2026-05-20 12:29:39,629 | INFO | VCPlatform | [6451644278] Stream restarted via set_stream_sources
2026-05-20 12:30:22,136 | INFO | VCPlatform | [7535601861_2] Stream restarted via set_stream_sources
2026-05-20 12:31:44,025 | INFO | VCPlatform | [8015937475] Stream restarted via set_stream_sources
2026-05-20 12:33:19,484 | INFO | VCPlatform | [6444599625] Stream restarted via set_stream_sources
2026-05-20 12:33:20,023 | INFO | VCPlatform | [6444599625_2] Stream restarted via set_stream_sources
2026-05-20 12:33:25,183 | INFO | VCPlatform | [6444599625_3] Stream restarted via set_stream_sources
2026-05-20 12:36:41,238 | INFO | VCPlatform | [7535601861_2] Stream restarted via set_stream_sources
2026-05-20 12:38:07,127 | INFO | VCPlatform | [8015937475] Stream restarted via set_stream_sources
2026-05-20 12:40:37,588 | INFO | VCPlatform | [6444599625] Stream restarted via set_stream_sources
2026-05-20 12:40:38,128 | INFO | VCPlatform | [6444599625_2] Stream restarted via set_stream_sources
2026-05-20 12:40:43,287 | INFO | VCPlatform | [6444599625_3] Stream restarted via set_stream_sources
2026-05-20 12:40:57,734 | INFO | VCPlatform | [6451644278] Stream restarted via set_stream_sources
2026-05-20 12:43:00,340 | INFO | VCPlatform | [7535601861_2] Stream restarted via set_stream_sources
2026-05-20 12:44:30,231 | INFO | VCPlatform | [8015937475] Stream restarted via set_stream_sources
2026-05-20 12:47:55,703 | INFO | VCPlatform | [6444599625] Stream restarted via set_stream_sources
2026-05-20 12:47:56,255 | INFO | VCPlatform | [6444599625_2] Stream restarted via set_stream_sources
2026-05-20 12:48:01,433 | INFO | VCPlatform | [6444599625_3] Stream restarted via set_stream_sources
2026-05-20 12:49:19,444 | INFO | VCPlatform | [7535601861_2] Stream restarted via set_stream_sources
2026-05-20 12:50:53,335 | INFO | VCPlatform | [8015937475] Stream restarted via set_stream_sources
2026-05-20 12:52:15,851 | INFO | VCPlatform | [6451644278] Stream restarted via set_stream_sources
2026-05-20 12:55:13,818 | INFO | VCPlatform | [6444599625] Stream restarted via set_stream_sources
2026-05-20 12:55:14,351 | INFO | VCPlatform | [6444599625_2] Stream restarted via set_stream_sources
2026-05-20 12:55:19,535 | INFO | VCPlatform | [6444599625_3] Stream restarted via set_stream_sources
2026-05-20 12:55:38,555 | INFO | VCPlatform | [7535601861_2] Stream restarted via set_stream_sources
2026-05-20 12:57:16,437 | INFO | VCPlatform | [8015937475] Stream restarted via set_stream_sources
2026-05-20 13:01:57,660 | INFO | VCPlatform | [7535601861_2] Stream restarted via set_stream_sources
2026-05-20 13:02:31,917 | INFO | VCPlatform | [6444599625] Stream restarted via set_stream_sources
2026-05-20 13:02:32,453 | INFO | VCPlatform | [6444599625_2] Stream restarted via set_stream_sources
2026-05-20 13:02:37,640 | INFO | VCPlatform | [6444599625_3] Stream restarted via set_stream_sources
2026-05-20 13:03:33,955 | INFO | VCPlatform | [6451644278] Stream restarted via set_stream_sources
2026-05-20 13:03:39,540 | INFO | VCPlatform | [8015937475] Stream restarted via set_stream_sources
2026-05-20 13:08:16,764 | INFO | VCPlatform | [7535601861_2] Stream restarted via set_stream_sources
2026-05-20 13:09:50,024 | INFO | VCPlatform | [6444599625] Stream restarted via set_stream_sources
2026-05-20 13:09:50,557 | INFO | VCPlatform | [6444599625_2] Stream restarted via set_stream_sources
2026-05-20 13:09:55,742 | INFO | VCPlatform | [6444599625_3] Stream restarted via set_stream_sources
2026-05-20 13:10:02,642 | INFO | VCPlatform | [8015937475] Stream restarted via set_stream_sources
2026-05-20 13:14:35,867 | INFO | VCPlatform | [7535601861_2] Stream restarted via set_stream_sources
2026-05-20 13:14:52,056 | INFO | VCPlatform | [6451644278] Stream restarted via set_stream_sources
2026-05-20 13:16:25,747 | INFO | VCPlatform | [8015937475] Stream restarted via set_stream_sources
2026-05-20 13:17:08,130 | INFO | VCPlatform | [6444599625] Stream restarted via set_stream_sources
2026-05-20 13:17:08,675 | INFO | VCPlatform | [6444599625_2] Stream restarted via set_stream_sources
2026-05-20 13:17:13,846 | INFO | VCPlatform | [6444599625_3] Stream restarted via set_stream_sources
2026-05-20 13:20:54,970 | INFO | VCPlatform | [7535601861_2] Stream restarted via set_stream_sources
2026-05-20 13:22:48,850 | INFO | VCPlatform | [8015937475] Stream restarted via set_stream_sources
2026-05-20 13:24:26,232 | INFO | VCPlatform | [6444599625] Stream restarted via set_stream_sources
2026-05-20 13:24:26,777 | INFO | VCPlatform | [6444599625_2] Stream restarted via set_stream_sources
2026-05-20 13:24:31,949 | INFO | VCPlatform | [6444599625_3] Stream restarted via set_stream_sources
2026-05-20 13:26:10,159 | INFO | VCPlatform | [6451644278] Stream restarted via set_stream_sources
2026-05-20 13:27:14,072 | INFO | VCPlatform | [7535601861_2] Stream restarted via set_stream_sources
2026-05-20 13:29:11,952 | INFO | VCPlatform | [8015937475] Stream restarted via set_stream_sources
2026-05-20 13:31:44,336 | INFO | VCPlatform | [6444599625] Stream restarted via set_stream_sources
2026-05-20 13:31:44,879 | INFO | VCPlatform | [6444599625_2] Stream restarted via set_stream_sources
2026-05-20 13:31:50,050 | INFO | VCPlatform | [6444599625_3] Stream restarted via set_stream_sources
2026-05-20 13:33:33,175 | INFO | VCPlatform | [7535601861_2] Stream restarted via set_stream_sources
2026-05-20 13:35:35,056 | INFO | VCPlatform | [8015937475] Stream restarted via set_stream_sources
2026-05-20 13:37:28,262 | INFO | VCPlatform | [6451644278] Stream restarted via set_stream_sources
2026-05-20 13:39:02,455 | INFO | VCPlatform | [6444599625] Stream restarted via set_stream_sources
2026-05-20 13:39:02,984 | INFO | VCPlatform | [6444599625_2] Stream restarted via set_stream_sources
2026-05-20 13:39:08,153 | INFO | VCPlatform | [6444599625_3] Stream restarted via set_stream_sources
2026-05-20 13:39:52,279 | INFO | VCPlatform | [7535601861_2] Stream restarted via set_stream_sources
2026-05-20 13:41:58,158 | INFO | VCPlatform | [8015937475] Stream restarted via set_stream_sources
2026-05-20 13:46:11,385 | INFO | VCPlatform | [7535601861_2] Stream restarted via set_stream_sources
2026-05-20 13:46:20,550 | INFO | VCPlatform | [6444599625] Stream restarted via set_stream_sources
2026-05-20 13:46:21,083 | INFO | VCPlatform | [6444599625_2] Stream restarted via set_stream_sources
2026-05-20 13:46:26,259 | INFO | VCPlatform | [6444599625_3] Stream restarted via set_stream_sources
2026-05-20 13:48:21,261 | INFO | VCPlatform | [8015937475] Stream restarted via set_stream_sources
2026-05-20 13:48:46,364 | INFO | VCPlatform | [6451644278] Stream restarted via set_stream_sources
2026-05-20 13:51:03,428 | ERROR | telegram.ext.Updater | Error while getting Updates: httpx.ReadError: 
2026-05-20 13:51:03,429 | ERROR | telegram.ext.Updater | Exception happened while polling for updates.
Traceback (most recent call last):
  File "/root/voiceplay/.venv/lib/python3.10/site-packages/httpx/_transports/default.py", line 66, in map_httpcore_exceptions
    yield
  File "/root/voiceplay/.venv/lib/python3.10/site-packages/httpx/_transports/default.py", line 366, in handle_async_request
    resp = await self._pool.handle_async_request(req)
  File "/root/voiceplay/.venv/lib/python3.10/site-packages/httpcore/_async/connection_pool.py", line 256, in handle_async_request
    raise exc from None
  File "/root/voiceplay/.venv/lib/python3.10/site-packages/httpcore/_async/connection_pool.py", line 236, in handle_async_request
    response = await connection.handle_async_request(
  File "/root/voiceplay/.venv/lib/python3.10/site-packages/httpcore/_async/connection.py", line 103, in handle_async_request
    return await self._connection.handle_async_request(request)
  File "/root/voiceplay/.venv/lib/python3.10/site-packages/httpcore/_async/http11.py", line 136, in handle_async_request
    raise exc
  File "/root/voiceplay/.venv/lib/python3.10/site-packages/httpcore/_async/http11.py", line 106, in handle_async_request
    ) = await self._receive_response_headers(**kwargs)
  File "/root/voiceplay/.venv/lib/python3.10/site-packages/httpcore/_async/http11.py", line 177, in _receive_response_headers
    event = await self._receive_event(timeout=timeout)
  File "/root/voiceplay/.venv/lib/python3.10/site-packages/httpcore/_async/http11.py", line 217, in _receive_event
    data = await self._network_stream.read(
  File "/root/voiceplay/.venv/lib/python3.10/site-packages/httpcore/_backends/anyio.py", line 32, in read
    with map_exceptions(exc_map):
  File "/usr/lib/python3.10/contextlib.py", line 153, in __exit__
    self.gen.throw(typ, value, traceback)
  File "/root/voiceplay/.venv/lib/python3.10/site-packages/httpcore/_exceptions.py", line 14, in map_exceptions
    raise to_exc(exc) from exc
httpcore.ReadError

The above exception was the direct cause of the following exception:

Traceback (most recent call last):
  File "/root/voiceplay/.venv/lib/python3.10/site-packages/telegram/request/_httpxrequest.py", line 268, in do_request
    res = await self._client.request(
  File "/root/voiceplay/.venv/lib/python3.10/site-packages/httpx/_client.py", line 1530, in request
    return await self.send(request, auth=auth, follow_redirects=follow_redirects)
  File "/root/voiceplay/.venv/lib/python3.10/site-packages/httpx/_client.py", line 1617, in send
    response = await self._send_handling_auth(
  File "/root/voiceplay/.venv/lib/python3.10/site-packages/httpx/_client.py", line 1645, in _send_handling_auth
    response = await self._send_handling_redirects(
  File "/root/voiceplay/.venv/lib/python3.10/site-packages/httpx/_client.py", line 1682, in _send_handling_redirects
    response = await self._send_single_request(request)
  File "/root/voiceplay/.venv/lib/python3.10/site-packages/httpx/_client.py", line 1719, in _send_single_request
    response = await transport.handle_async_request(request)
  File "/root/voiceplay/.venv/lib/python3.10/site-packages/httpx/_transports/default.py", line 365, in handle_async_request
    with map_httpcore_exceptions():
  File "/usr/lib/python3.10/contextlib.py", line 153, in __exit__
    self.gen.throw(typ, value, traceback)
  File "/root/voiceplay/.venv/lib/python3.10/site-packages/httpx/_transports/default.py", line 83, in map_httpcore_exceptions
    raise mapped_exc(message) from exc
httpx.ReadError

The above exception was the direct cause of the following exception:

Traceback (most recent call last):
  File "/root/voiceplay/.venv/lib/python3.10/site-packages/telegram/ext/_updater.py", line 688, in _network_loop_retry
    if not await action_cb():
  File "/root/voiceplay/.venv/lib/python3.10/site-packages/telegram/ext/_updater.py", line 384, in polling_action_cb
    raise exc
  File "/root/voiceplay/.venv/lib/python3.10/site-packages/telegram/ext/_updater.py", line 373, in polling_action_cb
    updates = await self.bot.get_updates(
  File "/root/voiceplay/.venv/lib/python3.10/site-packages/telegram/ext/_extbot.py", line 558, in get_updates
    updates = await super().get_updates(
  File "/root/voiceplay/.venv/lib/python3.10/site-packages/telegram/_bot.py", line 525, in decorator
    result = await func(self, *args, **kwargs)  # skipcq: PYL-E1102
  File "/root/voiceplay/.venv/lib/python3.10/site-packages/telegram/_bot.py", line 3584, in get_updates
    await self._post(
  File "/root/voiceplay/.venv/lib/python3.10/site-packages/telegram/_bot.py", line 613, in _post
    return await self._do_post(
  File "/root/voiceplay/.venv/lib/python3.10/site-packages/telegram/ext/_extbot.py", line 340, in _do_post
    return await super()._do_post(
  File "/root/voiceplay/.venv/lib/python3.10/site-packages/telegram/_bot.py", line 641, in _do_post
    return await request.post(
  File "/root/voiceplay/.venv/lib/python3.10/site-packages/telegram/request/_baserequest.py", line 200, in post
    result = await self._request_wrapper(
  File "/root/voiceplay/.venv/lib/python3.10/site-packages/telegram/request/_baserequest.py", line 340, in _request_wrapper
    raise exc
  File "/root/voiceplay/.venv/lib/python3.10/site-packages/telegram/request/_baserequest.py", line 330, in _request_wrapper
    code, payload = await self.do_request(
  File "/root/voiceplay/.venv/lib/python3.10/site-packages/telegram/request/_httpxrequest.py", line 292, in do_request
    raise NetworkError(f"httpx.{err.__class__.__name__}: {err}") from err
telegram.error.NetworkError: httpx.ReadError: 
2026-05-20 13:51:39,426 | ERROR | telegram.ext.Updater | Error while getting Updates: httpx.ReadError: 
2026-05-20 13:51:39,426 | ERROR | telegram.ext.Updater | Exception happened while polling for updates.
Traceback (most recent call last):
  File "/root/voiceplay/.venv/lib/python3.10/site-packages/httpx/_transports/default.py", line 66, in map_httpcore_exceptions
    yield
  File "/root/voiceplay/.venv/lib/python3.10/site-packages/httpx/_transports/default.py", line 366, in handle_async_request
    resp = await self._pool.handle_async_request(req)
  File "/root/voiceplay/.venv/lib/python3.10/site-packages/httpcore/_async/connection_pool.py", line 256, in handle_async_request
    raise exc from None
  File "/root/voiceplay/.venv/lib/python3.10/site-packages/httpcore/_async/connection_pool.py", line 236, in handle_async_request
    response = await connection.handle_async_request(
  File "/root/voiceplay/.venv/lib/python3.10/site-packages/httpcore/_async/connection.py", line 103, in handle_async_request
    return await self._connection.handle_async_request(request)
  File "/root/voiceplay/.venv/lib/python3.10/site-packages/httpcore/_async/http11.py", line 136, in handle_async_request
    raise exc
  File "/root/voiceplay/.venv/lib/python3.10/site-packages/httpcore/_async/http11.py", line 106, in handle_async_request
    ) = await self._receive_response_headers(**kwargs)
  File "/root/voiceplay/.venv/lib/python3.10/site-packages/httpcore/_async/http11.py", line 177, in _receive_response_headers
    event = await self._receive_event(timeout=timeout)
  File "/root/voiceplay/.venv/lib/python3.10/site-packages/httpcore/_async/http11.py", line 217, in _receive_event
    data = await self._network_stream.read(
  File "/root/voiceplay/.venv/lib/python3.10/site-packages/httpcore/_backends/anyio.py", line 32, in read
    with map_exceptions(exc_map):
  File "/usr/lib/python3.10/contextlib.py", line 153, in __exit__
    self.gen.throw(typ, value, traceback)
  File "/root/voiceplay/.venv/lib/python3.10/site-packages/httpcore/_exceptions.py", line 14, in map_exceptions
    raise to_exc(exc) from exc
httpcore.ReadError

The above exception was the direct cause of the following exception:

Traceback (most recent call last):
  File "/root/voiceplay/.venv/lib/python3.10/site-packages/telegram/request/_httpxrequest.py", line 268, in do_request
    res = await self._client.request(
  File "/root/voiceplay/.venv/lib/python3.10/site-packages/httpx/_client.py", line 1530, in request
    return await self.send(request, auth=auth, follow_redirects=follow_redirects)
  File "/root/voiceplay/.venv/lib/python3.10/site-packages/httpx/_client.py", line 1617, in send
    response = await self._send_handling_auth(
  File "/root/voiceplay/.venv/lib/python3.10/site-packages/httpx/_client.py", line 1645, in _send_handling_auth
    response = await self._send_handling_redirects(
  File "/root/voiceplay/.venv/lib/python3.10/site-packages/httpx/_client.py", line 1682, in _send_handling_redirects
    response = await self._send_single_request(request)
  File "/root/voiceplay/.venv/lib/python3.10/site-packages/httpx/_client.py", line 1719, in _send_single_request
    response = await transport.handle_async_request(request)
  File "/root/voiceplay/.venv/lib/python3.10/site-packages/httpx/_transports/default.py", line 365, in handle_async_request
    with map_httpcore_exceptions():
  File "/usr/lib/python3.10/contextlib.py", line 153, in __exit__
    self.gen.throw(typ, value, traceback)
  File "/root/voiceplay/.venv/lib/python3.10/site-packages/httpx/_transports/default.py", line 83, in map_httpcore_exceptions
    raise mapped_exc(message) from exc
httpx.ReadError

The above exception was the direct cause of the following exception:

Traceback (most recent call last):
  File "/root/voiceplay/.venv/lib/python3.10/site-packages/telegram/ext/_updater.py", line 688, in _network_loop_retry
    if not await action_cb():
  File "/root/voiceplay/.venv/lib/python3.10/site-packages/telegram/ext/_updater.py", line 384, in polling_action_cb
    raise exc
  File "/root/voiceplay/.venv/lib/python3.10/site-packages/telegram/ext/_updater.py", line 373, in polling_action_cb
    updates = await self.bot.get_updates(
  File "/root/voiceplay/.venv/lib/python3.10/site-packages/telegram/ext/_extbot.py", line 558, in get_updates
    updates = await super().get_updates(
  File "/root/voiceplay/.venv/lib/python3.10/site-packages/telegram/_bot.py", line 525, in decorator
    result = await func(self, *args, **kwargs)  # skipcq: PYL-E1102
  File "/root/voiceplay/.venv/lib/python3.10/site-packages/telegram/_bot.py", line 3584, in get_updates
    await self._post(
  File "/root/voiceplay/.venv/lib/python3.10/site-packages/telegram/_bot.py", line 613, in _post
    return await self._do_post(
  File "/root/voiceplay/.venv/lib/python3.10/site-packages/telegram/ext/_extbot.py", line 340, in _do_post
    return await super()._do_post(
  File "/root/voiceplay/.venv/lib/python3.10/site-packages/telegram/_bot.py", line 641, in _do_post
    return await request.post(
  File "/root/voiceplay/.venv/lib/python3.10/site-packages/telegram/request/_baserequest.py", line 200, in post
    result = await self._request_wrapper(
  File "/root/voiceplay/.venv/lib/python3.10/site-packages/telegram/request/_baserequest.py", line 340, in _request_wrapper
    raise exc
  File "/root/voiceplay/.venv/lib/python3.10/site-packages/telegram/request/_baserequest.py", line 330, in _request_wrapper
    code, payload = await self.do_request(
  File "/root/voiceplay/.venv/lib/python3.10/site-packages/telegram/request/_httpxrequest.py", line 292, in do_request
    raise NetworkError(f"httpx.{err.__class__.__name__}: {err}") from err
telegram.error.NetworkError: httpx.ReadError: 
2026-05-20 13:52:30,487 | INFO | VCPlatform | [7535601861_2] Stream restarted via set_stream_sources
2026-05-20 13:53:38,653 | INFO | VCPlatform | [6444599625] Stream restarted via set_stream_sources
2026-05-20 13:53:39,186 | INFO | VCPlatform | [6444599625_2] Stream restarted via set_stream_sources
2026-05-20 13:53:44,362 | INFO | VCPlatform | [6444599625_3] Stream restarted via set_stream_sources
2026-05-20 13:54:44,364 | INFO | VCPlatform | [8015937475] Stream restarted via set_stream_sources
2026-05-20 13:55:53,379 | INFO | VCPlatform | [6444599625_2] Monitor stopped for https://t.me/+5wYXdZfacPwwZTZl
2026-05-20 13:55:53,379 | INFO | VCPlatform | [6444599625_2] Monitors restarted: 1 running for 1 channels
2026-05-20 13:55:53,381 | INFO | VCPlatform | [6444599625_2] Monitor started for https://t.me/+5wYXdZfacPwwZTZl
2026-05-20 13:55:53,383 | INFO | VCPlatform | [6444599625_2] Channel from cache: '𝐒𝐔𝐑𝐄𝐒𝐇𝐎𝐓 𝐁𝐘 𝐑𝐀𝐌' (bare_id=2893144270) for https://t.me/+5wYXdZfacPwwZTZl
2026-05-20 13:55:53,384 | INFO | VCPlatform | [6444599625_2] VC push update handler registered
2026-05-20 13:58:49,591 | INFO | VCPlatform | [7535601861_2] Stream restarted via set_stream_sources
2026-05-20 14:00:04,473 | INFO | VCPlatform | [6451644278] Stream restarted via set_stream_sources
2026-05-20 14:00:56,753 | INFO | VCPlatform | [6444599625] Stream restarted via set_stream_sources
2026-05-20 14:00:57,287 | INFO | VCPlatform | [6444599625_2] Stream restarted via set_stream_sources
2026-05-20 14:01:02,464 | INFO | VCPlatform | [6444599625_3] Stream restarted via set_stream_sources
2026-05-20 14:01:07,466 | INFO | VCPlatform | [8015937475] Stream restarted via set_stream_sources
2026-05-20 14:05:08,697 | INFO | VCPlatform | [7535601861_2] Stream restarted via set_stream_sources
2026-05-20 14:07:30,569 | INFO | VCPlatform | [8015937475] Stream restarted via set_stream_sources
2026-05-20 14:08:14,856 | INFO | VCPlatform | [6444599625] Stream restarted via set_stream_sources
2026-05-20 14:08:15,389 | INFO | VCPlatform | [6444599625_2] Stream restarted via set_stream_sources
2026-05-20 14:08:20,577 | INFO | VCPlatform | [6444599625_3] Stream restarted via set_stream_sources
2026-05-20 14:11:22,575 | INFO | VCPlatform | [6451644278] Stream restarted via set_stream_sources
2026-05-20 14:11:27,799 | INFO | VCPlatform | [7535601861_2] Stream restarted via set_stream_sources
2026-05-20 14:13:53,672 | INFO | VCPlatform | [8015937475] Stream restarted via set_stream_sources
2026-05-20 14:15:32,963 | INFO | VCPlatform | [6444599625] Stream restarted via set_stream_sources
2026-05-20 14:15:33,490 | INFO | VCPlatform | [6444599625_2] Stream restarted via set_stream_sources
2026-05-20 14:15:38,679 | INFO | VCPlatform | [6444599625_3] Stream restarted via set_stream_sources
2026-05-20 14:16:54,906 | ERROR | telegram.ext.Updater | Error while getting Updates: httpx.ReadError: 
2026-05-20 14:16:54,906 | ERROR | telegram.ext.Updater | Exception happened while polling for updates.
Traceback (most recent call last):
  File "/root/voiceplay/.venv/lib/python3.10/site-packages/httpx/_transports/default.py", line 66, in map_httpcore_exceptions
    yield
  File "/root/voiceplay/.venv/lib/python3.10/site-packages/httpx/_transports/default.py", line 366, in handle_async_request
    resp = await self._pool.handle_async_request(req)
  File "/root/voiceplay/.venv/lib/python3.10/site-packages/httpcore/_async/connection_pool.py", line 256, in handle_async_request
    raise exc from None
  File "/root/voiceplay/.venv/lib/python3.10/site-packages/httpcore/_async/connection_pool.py", line 236, in handle_async_request
    response = await connection.handle_async_request(
  File "/root/voiceplay/.venv/lib/python3.10/site-packages/httpcore/_async/connection.py", line 103, in handle_async_request
    return await self._connection.handle_async_request(request)
  File "/root/voiceplay/.venv/lib/python3.10/site-packages/httpcore/_async/http11.py", line 136, in handle_async_request
    raise exc
  File "/root/voiceplay/.venv/lib/python3.10/site-packages/httpcore/_async/http11.py", line 106, in handle_async_request
    ) = await self._receive_response_headers(**kwargs)
  File "/root/voiceplay/.venv/lib/python3.10/site-packages/httpcore/_async/http11.py", line 177, in _receive_response_headers
    event = await self._receive_event(timeout=timeout)
  File "/root/voiceplay/.venv/lib/python3.10/site-packages/httpcore/_async/http11.py", line 217, in _receive_event
    data = await self._network_stream.read(
  File "/root/voiceplay/.venv/lib/python3.10/site-packages/httpcore/_backends/anyio.py", line 32, in read
    with map_exceptions(exc_map):
  File "/usr/lib/python3.10/contextlib.py", line 153, in __exit__
    self.gen.throw(typ, value, traceback)
  File "/root/voiceplay/.venv/lib/python3.10/site-packages/httpcore/_exceptions.py", line 14, in map_exceptions
    raise to_exc(exc) from exc
httpcore.ReadError

The above exception was the direct cause of the following exception:

Traceback (most recent call last):
  File "/root/voiceplay/.venv/lib/python3.10/site-packages/telegram/request/_httpxrequest.py", line 268, in do_request
    res = await self._client.request(
  File "/root/voiceplay/.venv/lib/python3.10/site-packages/httpx/_client.py", line 1530, in request
    return await self.send(request, auth=auth, follow_redirects=follow_redirects)
  File "/root/voiceplay/.venv/lib/python3.10/site-packages/httpx/_client.py", line 1617, in send
    response = await self._send_handling_auth(
  File "/root/voiceplay/.venv/lib/python3.10/site-packages/httpx/_client.py", line 1645, in _send_handling_auth
    response = await self._send_handling_redirects(
  File "/root/voiceplay/.venv/lib/python3.10/site-packages/httpx/_client.py", line 1682, in _send_handling_redirects
    response = await self._send_single_request(request)
  File "/root/voiceplay/.venv/lib/python3.10/site-packages/httpx/_client.py", line 1719, in _send_single_request
    response = await transport.handle_async_request(request)
  File "/root/voiceplay/.venv/lib/python3.10/site-packages/httpx/_transports/default.py", line 365, in handle_async_request
    with map_httpcore_exceptions():
  File "/usr/lib/python3.10/contextlib.py", line 153, in __exit__
    self.gen.throw(typ, value, traceback)
  File "/root/voiceplay/.venv/lib/python3.10/site-packages/httpx/_transports/default.py", line 83, in map_httpcore_exceptions
    raise mapped_exc(message) from exc
httpx.ReadError

The above exception was the direct cause of the following exception:

Traceback (most recent call last):
  File "/root/voiceplay/.venv/lib/python3.10/site-packages/telegram/ext/_updater.py", line 688, in _network_loop_retry
    if not await action_cb():
  File "/root/voiceplay/.venv/lib/python3.10/site-packages/telegram/ext/_updater.py", line 384, in polling_action_cb
    raise exc
  File "/root/voiceplay/.venv/lib/python3.10/site-packages/telegram/ext/_updater.py", line 373, in polling_action_cb
    updates = await self.bot.get_updates(
  File "/root/voiceplay/.venv/lib/python3.10/site-packages/telegram/ext/_extbot.py", line 558, in get_updates
    updates = await super().get_updates(
  File "/root/voiceplay/.venv/lib/python3.10/site-packages/telegram/_bot.py", line 525, in decorator
    result = await func(self, *args, **kwargs)  # skipcq: PYL-E1102
  File "/root/voiceplay/.venv/lib/python3.10/site-packages/telegram/_bot.py", line 3584, in get_updates
    await self._post(
  File "/root/voiceplay/.venv/lib/python3.10/site-packages/telegram/_bot.py", line 613, in _post
    return await self._do_post(
  File "/root/voiceplay/.venv/lib/python3.10/site-packages/telegram/ext/_extbot.py", line 340, in _do_post
    return await super()._do_post(
  File "/root/voiceplay/.venv/lib/python3.10/site-packages/telegram/_bot.py", line 641, in _do_post
    return await request.post(
  File "/root/voiceplay/.venv/lib/python3.10/site-packages/telegram/request/_baserequest.py", line 200, in post
    result = await self._request_wrapper(
  File "/root/voiceplay/.venv/lib/python3.10/site-packages/telegram/request/_baserequest.py", line 340, in _request_wrapper
    raise exc
  File "/root/voiceplay/.venv/lib/python3.10/site-packages/telegram/request/_baserequest.py", line 330, in _request_wrapper
    code, payload = await self.do_request(
  File "/root/voiceplay/.venv/lib/python3.10/site-packages/telegram/request/_httpxrequest.py", line 292, in do_request
    raise NetworkError(f"httpx.{err.__class__.__name__}: {err}") from err
telegram.error.NetworkError: httpx.ReadError: 
2026-05-20 14:16:56,848 | ERROR | telegram.ext.Updater | Error while getting Updates: httpx.ReadError: 
2026-05-20 14:16:56,849 | ERROR | telegram.ext.Updater | Exception happened while polling for updates.
Traceback (most recent call last):
  File "/root/voiceplay/.venv/lib/python3.10/site-packages/httpx/_transports/default.py", line 66, in map_httpcore_exceptions
    yield
  File "/root/voiceplay/.venv/lib/python3.10/site-packages/httpx/_transports/default.py", line 366, in handle_async_request
    resp = await self._pool.handle_async_request(req)
  File "/root/voiceplay/.venv/lib/python3.10/site-packages/httpcore/_async/connection_pool.py", line 256, in handle_async_request
    raise exc from None
  File "/root/voiceplay/.venv/lib/python3.10/site-packages/httpcore/_async/connection_pool.py", line 236, in handle_async_request
    response = await connection.handle_async_request(
  File "/root/voiceplay/.venv/lib/python3.10/site-packages/httpcore/_async/connection.py", line 103, in handle_async_request
    return await self._connection.handle_async_request(request)
  File "/root/voiceplay/.venv/lib/python3.10/site-packages/httpcore/_async/http11.py", line 136, in handle_async_request
    raise exc
  File "/root/voiceplay/.venv/lib/python3.10/site-packages/httpcore/_async/http11.py", line 106, in handle_async_request
    ) = await self._receive_response_headers(**kwargs)
  File "/root/voiceplay/.venv/lib/python3.10/site-packages/httpcore/_async/http11.py", line 177, in _receive_response_headers
    event = await self._receive_event(timeout=timeout)
  File "/root/voiceplay/.venv/lib/python3.10/site-packages/httpcore/_async/http11.py", line 217, in _receive_event
    data = await self._network_stream.read(
  File "/root/voiceplay/.venv/lib/python3.10/site-packages/httpcore/_backends/anyio.py", line 32, in read
    with map_exceptions(exc_map):
  File "/usr/lib/python3.10/contextlib.py", line 153, in __exit__
    self.gen.throw(typ, value, traceback)
  File "/root/voiceplay/.venv/lib/python3.10/site-packages/httpcore/_exceptions.py", line 14, in map_exceptions
    raise to_exc(exc) from exc
httpcore.ReadError

The above exception was the direct cause of the following exception:

Traceback (most recent call last):
  File "/root/voiceplay/.venv/lib/python3.10/site-packages/telegram/request/_httpxrequest.py", line 268, in do_request
    res = await self._client.request(
  File "/root/voiceplay/.venv/lib/python3.10/site-packages/httpx/_client.py", line 1530, in request
    return await self.send(request, auth=auth, follow_redirects=follow_redirects)
  File "/root/voiceplay/.venv/lib/python3.10/site-packages/httpx/_client.py", line 1617, in send
    response = await self._send_handling_auth(
  File "/root/voiceplay/.venv/lib/python3.10/site-packages/httpx/_client.py", line 1645, in _send_handling_auth
    response = await self._send_handling_redirects(
  File "/root/voiceplay/.venv/lib/python3.10/site-packages/httpx/_client.py", line 1682, in _send_handling_redirects
    response = await self._send_single_request(request)
  File "/root/voiceplay/.venv/lib/python3.10/site-packages/httpx/_client.py", line 1719, in _send_single_request
    response = await transport.handle_async_request(request)
  File "/root/voiceplay/.venv/lib/python3.10/site-packages/httpx/_transports/default.py", line 365, in handle_async_request
    with map_httpcore_exceptions():
  File "/usr/lib/python3.10/contextlib.py", line 153, in __exit__
    self.gen.throw(typ, value, traceback)
  File "/root/voiceplay/.venv/lib/python3.10/site-packages/httpx/_transports/default.py", line 83, in map_httpcore_exceptions
    raise mapped_exc(message) from exc
httpx.ReadError

The above exception was the direct cause of the following exception:

Traceback (most recent call last):
  File "/root/voiceplay/.venv/lib/python3.10/site-packages/telegram/ext/_updater.py", line 688, in _network_loop_retry
    if not await action_cb():
  File "/root/voiceplay/.venv/lib/python3.10/site-packages/telegram/ext/_updater.py", line 384, in polling_action_cb
    raise exc
  File "/root/voiceplay/.venv/lib/python3.10/site-packages/telegram/ext/_updater.py", line 373, in polling_action_cb
    updates = await self.bot.get_updates(
  File "/root/voiceplay/.venv/lib/python3.10/site-packages/telegram/ext/_extbot.py", line 558, in get_updates
    updates = await super().get_updates(
  File "/root/voiceplay/.venv/lib/python3.10/site-packages/telegram/_bot.py", line 525, in decorator
    result = await func(self, *args, **kwargs)  # skipcq: PYL-E1102
  File "/root/voiceplay/.venv/lib/python3.10/site-packages/telegram/_bot.py", line 3584, in get_updates
    await self._post(
  File "/root/voiceplay/.venv/lib/python3.10/site-packages/telegram/_bot.py", line 613, in _post
    return await self._do_post(
  File "/root/voiceplay/.venv/lib/python3.10/site-packages/telegram/ext/_extbot.py", line 340, in _do_post
    return await super()._do_post(
  File "/root/voiceplay/.venv/lib/python3.10/site-packages/telegram/_bot.py", line 641, in _do_post
    return await request.post(
  File "/root/voiceplay/.venv/lib/python3.10/site-packages/telegram/request/_baserequest.py", line 200, in post
    result = await self._request_wrapper(
  File "/root/voiceplay/.venv/lib/python3.10/site-packages/telegram/request/_baserequest.py", line 340, in _request_wrapper
    raise exc
  File "/root/voiceplay/.venv/lib/python3.10/site-packages/telegram/request/_baserequest.py", line 330, in _request_wrapper
    code, payload = await self.do_request(
  File "/root/voiceplay/.venv/lib/python3.10/site-packages/telegram/request/_httpxrequest.py", line 292, in do_request
    raise NetworkError(f"httpx.{err.__class__.__name__}: {err}") from err
telegram.error.NetworkError: httpx.ReadError: 
2026-05-20 14:17:35,913 | ERROR | telegram.ext.Updater | Error while getting Updates: httpx.ReadError: 
2026-05-20 14:17:35,914 | ERROR | telegram.ext.Updater | Exception happened while polling for updates.
Traceback (most recent call last):
  File "/root/voiceplay/.venv/lib/python3.10/site-packages/httpx/_transports/default.py", line 66, in map_httpcore_exceptions
    yield
  File "/root/voiceplay/.venv/lib/python3.10/site-packages/httpx/_transports/default.py", line 366, in handle_async_request
    resp = await self._pool.handle_async_request(req)
  File "/root/voiceplay/.venv/lib/python3.10/site-packages/httpcore/_async/connection_pool.py", line 256, in handle_async_request
    raise exc from None
  File "/root/voiceplay/.venv/lib/python3.10/site-packages/httpcore/_async/connection_pool.py", line 236, in handle_async_request
    response = await connection.handle_async_request(
  File "/root/voiceplay/.venv/lib/python3.10/site-packages/httpcore/_async/connection.py", line 103, in handle_async_request
    return await self._connection.handle_async_request(request)
  File "/root/voiceplay/.venv/lib/python3.10/site-packages/httpcore/_async/http11.py", line 136, in handle_async_request
    raise exc
  File "/root/voiceplay/.venv/lib/python3.10/site-packages/httpcore/_async/http11.py", line 106, in handle_async_request
    ) = await self._receive_response_headers(**kwargs)
  File "/root/voiceplay/.venv/lib/python3.10/site-packages/httpcore/_async/http11.py", line 177, in _receive_response_headers
    event = await self._receive_event(timeout=timeout)
  File "/root/voiceplay/.venv/lib/python3.10/site-packages/httpcore/_async/http11.py", line 217, in _receive_event
    data = await self._network_stream.read(
  File "/root/voiceplay/.venv/lib/python3.10/site-packages/httpcore/_backends/anyio.py", line 32, in read
    with map_exceptions(exc_map):
  File "/usr/lib/python3.10/contextlib.py", line 153, in __exit__
    self.gen.throw(typ, value, traceback)
  File "/root/voiceplay/.venv/lib/python3.10/site-packages/httpcore/_exceptions.py", line 14, in map_exceptions
    raise to_exc(exc) from exc
httpcore.ReadError

The above exception was the direct cause of the following exception:

Traceback (most recent call last):
  File "/root/voiceplay/.venv/lib/python3.10/site-packages/telegram/request/_httpxrequest.py", line 268, in do_request
    res = await self._client.request(
  File "/root/voiceplay/.venv/lib/python3.10/site-packages/httpx/_client.py", line 1530, in request
    return await self.send(request, auth=auth, follow_redirects=follow_redirects)
  File "/root/voiceplay/.venv/lib/python3.10/site-packages/httpx/_client.py", line 1617, in send
    response = await self._send_handling_auth(
  File "/root/voiceplay/.venv/lib/python3.10/site-packages/httpx/_client.py", line 1645, in _send_handling_auth
    response = await self._send_handling_redirects(
  File "/root/voiceplay/.venv/lib/python3.10/site-packages/httpx/_client.py", line 1682, in _send_handling_redirects
    response = await self._send_single_request(request)
  File "/root/voiceplay/.venv/lib/python3.10/site-packages/httpx/_client.py", line 1719, in _send_single_request
    response = await transport.handle_async_request(request)
  File "/root/voiceplay/.venv/lib/python3.10/site-packages/httpx/_transports/default.py", line 365, in handle_async_request
    with map_httpcore_exceptions():
  File "/usr/lib/python3.10/contextlib.py", line 153, in __exit__
    self.gen.throw(typ, value, traceback)
  File "/root/voiceplay/.venv/lib/python3.10/site-packages/httpx/_transports/default.py", line 83, in map_httpcore_exceptions
    raise mapped_exc(message) from exc
httpx.ReadError

The above exception was the direct cause of the following exception:

Traceback (most recent call last):
  File "/root/voiceplay/.venv/lib/python3.10/site-packages/telegram/ext/_updater.py", line 688, in _network_loop_retry
    if not await action_cb():
  File "/root/voiceplay/.venv/lib/python3.10/site-packages/telegram/ext/_updater.py", line 384, in polling_action_cb
    raise exc
  File "/root/voiceplay/.venv/lib/python3.10/site-packages/telegram/ext/_updater.py", line 373, in polling_action_cb
    updates = await self.bot.get_updates(
  File "/root/voiceplay/.venv/lib/python3.10/site-packages/telegram/ext/_extbot.py", line 558, in get_updates
    updates = await super().get_updates(
  File "/root/voiceplay/.venv/lib/python3.10/site-packages/telegram/_bot.py", line 525, in decorator
    result = await func(self, *args, **kwargs)  # skipcq: PYL-E1102
  File "/root/voiceplay/.venv/lib/python3.10/site-packages/telegram/_bot.py", line 3584, in get_updates
    await self._post(
  File "/root/voiceplay/.venv/lib/python3.10/site-packages/telegram/_bot.py", line 613, in _post
    return await self._do_post(
  File "/root/voiceplay/.venv/lib/python3.10/site-packages/telegram/ext/_extbot.py", line 340, in _do_post
    return await super()._do_post(
  File "/root/voiceplay/.venv/lib/python3.10/site-packages/telegram/_bot.py", line 641, in _do_post
    return await request.post(
  File "/root/voiceplay/.venv/lib/python3.10/site-packages/telegram/request/_baserequest.py", line 200, in post
    result = await self._request_wrapper(
  File "/root/voiceplay/.venv/lib/python3.10/site-packages/telegram/request/_baserequest.py", line 340, in _request_wrapper
    raise exc
  File "/root/voiceplay/.venv/lib/python3.10/site-packages/telegram/request/_baserequest.py", line 330, in _request_wrapper
    code, payload = await self.do_request(
  File "/root/voiceplay/.venv/lib/python3.10/site-packages/telegram/request/_httpxrequest.py", line 292, in do_request
    raise NetworkError(f"httpx.{err.__class__.__name__}: {err}") from err
telegram.error.NetworkError: httpx.ReadError: 
2026-05-20 14:17:46,905 | INFO | VCPlatform | [7535601861_2] Stream restarted via set_stream_sources
2026-05-20 14:20:16,774 | INFO | VCPlatform | [8015937475] Stream restarted via set_stream_sources
2026-05-20 14:22:40,678 | INFO | VCPlatform | [6451644278] Stream restarted via set_stream_sources
2026-05-20 14:22:51,065 | INFO | VCPlatform | [6444599625] Stream restarted via set_stream_sources
2026-05-20 14:22:51,594 | INFO | VCPlatform | [6444599625_2] Stream restarted via set_stream_sources
2026-05-20 14:22:56,781 | INFO | VCPlatform | [6444599625_3] Stream restarted via set_stream_sources
2026-05-20 14:24:06,010 | INFO | VCPlatform | [7535601861_2] Stream restarted via set_stream_sources
2026-05-20 14:26:39,877 | INFO | VCPlatform | [8015937475] Stream restarted via set_stream_sources
2026-05-20 14:30:09,169 | INFO | VCPlatform | [6444599625] Stream restarted via set_stream_sources
2026-05-20 14:30:09,735 | INFO | VCPlatform | [6444599625_2] Stream restarted via set_stream_sources
2026-05-20 14:30:14,883 | INFO | VCPlatform | [6444599625_3] Stream restarted via set_stream_sources
2026-05-20 14:30:25,112 | INFO | VCPlatform | [7535601861_2] Stream restarted via set_stream_sources
2026-05-20 14:32:21,465 | ERROR | telegram.ext.Updater | Error while getting Updates: httpx.ReadError: 
2026-05-20 14:32:21,466 | ERROR | telegram.ext.Updater | Exception happened while polling for updates.
Traceback (most recent call last):
  File "/root/voiceplay/.venv/lib/python3.10/site-packages/httpx/_transports/default.py", line 66, in map_httpcore_exceptions
    yield
  File "/root/voiceplay/.venv/lib/python3.10/site-packages/httpx/_transports/default.py", line 366, in handle_async_request
    resp = await self._pool.handle_async_request(req)
  File "/root/voiceplay/.venv/lib/python3.10/site-packages/httpcore/_async/connection_pool.py", line 256, in handle_async_request
    raise exc from None
  File "/root/voiceplay/.venv/lib/python3.10/site-packages/httpcore/_async/connection_pool.py", line 236, in handle_async_request
    response = await connection.handle_async_request(
  File "/root/voiceplay/.venv/lib/python3.10/site-packages/httpcore/_async/connection.py", line 103, in handle_async_request
    return await self._connection.handle_async_request(request)
  File "/root/voiceplay/.venv/lib/python3.10/site-packages/httpcore/_async/http11.py", line 136, in handle_async_request
    raise exc
  File "/root/voiceplay/.venv/lib/python3.10/site-packages/httpcore/_async/http11.py", line 106, in handle_async_request
    ) = await self._receive_response_headers(**kwargs)
  File "/root/voiceplay/.venv/lib/python3.10/site-packages/httpcore/_async/http11.py", line 177, in _receive_response_headers
    event = await self._receive_event(timeout=timeout)
  File "/root/voiceplay/.venv/lib/python3.10/site-packages/httpcore/_async/http11.py", line 217, in _receive_event
    data = await self._network_stream.read(
  File "/root/voiceplay/.venv/lib/python3.10/site-packages/httpcore/_backends/anyio.py", line 32, in read
    with map_exceptions(exc_map):
  File "/usr/lib/python3.10/contextlib.py", line 153, in __exit__
    self.gen.throw(typ, value, traceback)
  File "/root/voiceplay/.venv/lib/python3.10/site-packages/httpcore/_exceptions.py", line 14, in map_exceptions
    raise to_exc(exc) from exc
httpcore.ReadError

The above exception was the direct cause of the following exception:

Traceback (most recent call last):
  File "/root/voiceplay/.venv/lib/python3.10/site-packages/telegram/request/_httpxrequest.py", line 268, in do_request
    res = await self._client.request(
  File "/root/voiceplay/.venv/lib/python3.10/site-packages/httpx/_client.py", line 1530, in request
    return await self.send(request, auth=auth, follow_redirects=follow_redirects)
  File "/root/voiceplay/.venv/lib/python3.10/site-packages/httpx/_client.py", line 1617, in send
    response = await self._send_handling_auth(
  File "/root/voiceplay/.venv/lib/python3.10/site-packages/httpx/_client.py", line 1645, in _send_handling_auth
    response = await self._send_handling_redirects(
  File "/root/voiceplay/.venv/lib/python3.10/site-packages/httpx/_client.py", line 1682, in _send_handling_redirects
    response = await self._send_single_request(request)
  File "/root/voiceplay/.venv/lib/python3.10/site-packages/httpx/_client.py", line 1719, in _send_single_request
    response = await transport.handle_async_request(request)
  File "/root/voiceplay/.venv/lib/python3.10/site-packages/httpx/_transports/default.py", line 365, in handle_async_request
    with map_httpcore_exceptions():
  File "/usr/lib/python3.10/contextlib.py", line 153, in __exit__
    self.gen.throw(typ, value, traceback)
  File "/root/voiceplay/.venv/lib/python3.10/site-packages/httpx/_transports/default.py", line 83, in map_httpcore_exceptions
    raise mapped_exc(message) from exc
httpx.ReadError

The above exception was the direct cause of the following exception:

Traceback (most recent call last):
  File "/root/voiceplay/.venv/lib/python3.10/site-packages/telegram/ext/_updater.py", line 688, in _network_loop_retry
    if not await action_cb():
  File "/root/voiceplay/.venv/lib/python3.10/site-packages/telegram/ext/_updater.py", line 384, in polling_action_cb
    raise exc
  File "/root/voiceplay/.venv/lib/python3.10/site-packages/telegram/ext/_updater.py", line 373, in polling_action_cb
    updates = await self.bot.get_updates(
  File "/root/voiceplay/.venv/lib/python3.10/site-packages/telegram/ext/_extbot.py", line 558, in get_updates
    updates = await super().get_updates(
  File "/root/voiceplay/.venv/lib/python3.10/site-packages/telegram/_bot.py", line 525, in decorator
    result = await func(self, *args, **kwargs)  # skipcq: PYL-E1102
  File "/root/voiceplay/.venv/lib/python3.10/site-packages/telegram/_bot.py", line 3584, in get_updates
    await self._post(
  File "/root/voiceplay/.venv/lib/python3.10/site-packages/telegram/_bot.py", line 613, in _post
    return await self._do_post(
  File "/root/voiceplay/.venv/lib/python3.10/site-packages/telegram/ext/_extbot.py", line 340, in _do_post
    return await super()._do_post(
  File "/root/voiceplay/.venv/lib/python3.10/site-packages/telegram/_bot.py", line 641, in _do_post
    return await request.post(
  File "/root/voiceplay/.venv/lib/python3.10/site-packages/telegram/request/_baserequest.py", line 200, in post
    result = await self._request_wrapper(
  File "/root/voiceplay/.venv/lib/python3.10/site-packages/telegram/request/_baserequest.py", line 340, in _request_wrapper
    raise exc
  File "/root/voiceplay/.venv/lib/python3.10/site-packages/telegram/request/_baserequest.py", line 330, in _request_wrapper
    code, payload = await self.do_request(
  File "/root/voiceplay/.venv/lib/python3.10/site-packages/telegram/request/_httpxrequest.py", line 292, in do_request
    raise NetworkError(f"httpx.{err.__class__.__name__}: {err}") from err
telegram.error.NetworkError: httpx.ReadError: 
2026-05-20 14:33:02,979 | INFO | VCPlatform | [8015937475] Stream restarted via set_stream_sources
2026-05-20 14:33:58,781 | INFO | VCPlatform | [6451644278] Stream restarted via set_stream_sources
2026-05-20 14:36:44,215 | INFO | VCPlatform | [7535601861_2] Stream restarted via set_stream_sources
2026-05-20 14:37:27,276 | INFO | VCPlatform | [6444599625] Stream restarted via set_stream_sources
2026-05-20 14:37:27,838 | INFO | VCPlatform | [6444599625_2] Stream restarted via set_stream_sources
2026-05-20 14:37:32,988 | INFO | VCPlatform | [6444599625_3] Stream restarted via set_stream_sources
2026-05-20 14:39:26,082 | INFO | VCPlatform | [8015937475] Stream restarted via set_stream_sources
2026-05-20 14:43:03,319 | INFO | VCPlatform | [7535601861_2] Stream restarted via set_stream_sources
2026-05-20 14:44:45,379 | INFO | VCPlatform | [6444599625] Stream restarted via set_stream_sources
2026-05-20 14:44:45,939 | INFO | VCPlatform | [6444599625_2] Stream restarted via set_stream_sources
2026-05-20 14:44:51,091 | INFO | VCPlatform | [6444599625_3] Stream restarted via set_stream_sources
2026-05-20 14:45:16,883 | INFO | VCPlatform | [6451644278] Stream restarted via set_stream_sources
2026-05-20 14:45:49,185 | INFO | VCPlatform | [8015937475] Stream restarted via set_stream_sources
2026-05-20 14:49:22,421 | INFO | VCPlatform | [7535601861_2] Stream restarted via set_stream_sources
2026-05-20 14:52:03,482 | INFO | VCPlatform | [6444599625] Stream restarted via set_stream_sources
2026-05-20 14:52:04,043 | INFO | VCPlatform | [6444599625_2] Stream restarted via set_stream_sources
2026-05-20 14:52:09,192 | INFO | VCPlatform | [6444599625_3] Stream restarted via set_stream_sources
2026-05-20 14:52:12,288 | INFO | VCPlatform | [8015937475] Stream restarted via set_stream_sources
2026-05-20 14:55:41,550 | INFO | VCPlatform | [7535601861_2] Stream restarted via set_stream_sources
2026-05-20 14:56:34,989 | INFO | VCPlatform | [6451644278] Stream restarted via set_stream_sources
2026-05-20 14:58:35,393 | INFO | VCPlatform | [8015937475] Stream restarted via set_stream_sources
2026-05-20 14:59:21,584 | INFO | VCPlatform | [6444599625] Stream restarted via set_stream_sources
2026-05-20 14:59:22,146 | INFO | VCPlatform | [6444599625_2] Stream restarted via set_stream_sources
2026-05-20 14:59:27,296 | INFO | VCPlatform | [6444599625_3] Stream restarted via set_stream_sources
2026-05-20 15:02:00,659 | INFO | VCPlatform | [7535601861_2] Stream restarted via set_stream_sources
2026-05-20 15:04:58,496 | INFO | VCPlatform | [8015937475] Stream restarted via set_stream_sources
2026-05-20 15:06:39,687 | INFO | VCPlatform | [6444599625] Stream restarted via set_stream_sources
2026-05-20 15:06:40,250 | INFO | VCPlatform | [6444599625_2] Stream restarted via set_stream_sources
2026-05-20 15:06:45,397 | INFO | VCPlatform | [6444599625_3] Stream restarted via set_stream_sources
2026-05-20 15:07:53,097 | INFO | VCPlatform | [6451644278] Stream restarted via set_stream_sources
2026-05-20 15:08:19,761 | INFO | VCPlatform | [7535601861_2] Stream restarted via set_stream_sources
2026-05-20 15:11:21,620 | INFO | VCPlatform | [8015937475] Stream restarted via set_stream_sources
2026-05-20 15:13:57,789 | INFO | VCPlatform | [6444599625] Stream restarted via set_stream_sources
2026-05-20 15:13:58,360 | INFO | VCPlatform | [6444599625_2] Stream restarted via set_stream_sources
2026-05-20 15:14:03,500 | INFO | VCPlatform | [6444599625_3] Stream restarted via set_stream_sources
2026-05-20 15:14:38,864 | INFO | VCPlatform | [7535601861_2] Stream restarted via set_stream_sources
2026-05-20 15:17:44,725 | INFO | VCPlatform | [8015937475] Stream restarted via set_stream_sources
2026-05-20 15:18:54,533 | INFO | VCPlatform | [6444599625] Reminder sent (3 days left)
2026-05-20 15:19:11,201 | INFO | VCPlatform | [6451644278] Stream restarted via set_stream_sources
2026-05-20 15:20:57,966 | INFO | VCPlatform | [7535601861_2] Stream restarted via set_stream_sources
2026-05-20 15:21:15,892 | INFO | VCPlatform | [6444599625] Stream restarted via set_stream_sources
2026-05-20 15:21:16,462 | INFO | VCPlatform | [6444599625_2] Stream restarted via set_stream_sources
2026-05-20 15:21:21,603 | INFO | VCPlatform | [6444599625_3] Stream restarted via set_stream_sources
2026-05-20 15:24:07,830 | INFO | VCPlatform | [8015937475] Stream restarted via set_stream_sources
2026-05-20 15:27:17,069 | INFO | VCPlatform | [7535601861_2] Stream restarted via set_stream_sources
2026-05-20 15:28:33,994 | INFO | VCPlatform | [6444599625] Stream restarted via set_stream_sources
2026-05-20 15:28:34,566 | INFO | VCPlatform | [6444599625_2] Stream restarted via set_stream_sources
2026-05-20 15:28:39,706 | INFO | VCPlatform | [6444599625_3] Stream restarted via set_stream_sources
2026-05-20 15:30:29,314 | INFO | VCPlatform | [6451644278] Stream restarted via set_stream_sources
2026-05-20 15:30:30,953 | INFO | VCPlatform | [8015937475] Stream restarted via set_stream_sources
2026-05-20 15:33:36,172 | INFO | VCPlatform | [7535601861_2] Stream restarted via set_stream_sources
2026-05-20 15:35:52,101 | INFO | VCPlatform | [6444599625] Stream restarted via set_stream_sources
2026-05-20 15:35:52,668 | INFO | VCPlatform | [6444599625_2] Stream restarted via set_stream_sources
2026-05-20 15:35:57,807 | INFO | VCPlatform | [6444599625_3] Stream restarted via set_stream_sources
2026-05-20 15:36:54,054 | INFO | VCPlatform | [8015937475] Stream restarted via set_stream_sources
2026-05-20 15:39:55,276 | INFO | VCPlatform | [7535601861_2] Stream restarted via set_stream_sources
2026-05-20 15:41:47,417 | INFO | VCPlatform | [6451644278] Stream restarted via set_stream_sources
2026-05-20 15:43:10,209 | INFO | VCPlatform | [6444599625] Stream restarted via set_stream_sources
2026-05-20 15:43:10,772 | INFO | VCPlatform | [6444599625_2] Stream restarted via set_stream_sources
2026-05-20 15:43:15,910 | INFO | VCPlatform | [6444599625_3] Stream restarted via set_stream_sources
2026-05-20 15:43:17,155 | INFO | VCPlatform | [8015937475] Stream restarted via set_stream_sources
2026-05-20 15:46:14,379 | INFO | VCPlatform | [7535601861_2] Stream restarted via set_stream_sources
2026-05-20 15:49:40,262 | INFO | VCPlatform | [8015937475] Stream restarted via set_stream_sources
2026-05-20 15:50:28,311 | INFO | VCPlatform | [6444599625] Stream restarted via set_stream_sources
2026-05-20 15:50:28,873 | INFO | VCPlatform | [6444599625_2] Stream restarted via set_stream_sources
2026-05-20 15:50:34,012 | INFO | VCPlatform | [6444599625_3] Stream restarted via set_stream_sources
2026-05-20 15:52:33,482 | INFO | VCPlatform | [7535601861_2] Stream restarted via set_stream_sources
2026-05-20 15:53:05,520 | INFO | VCPlatform | [6451644278] Stream restarted via set_stream_sources
2026-05-20 15:56:03,364 | INFO | VCPlatform | [8015937475] Stream restarted via set_stream_sources
2026-05-20 15:57:46,417 | INFO | VCPlatform | [6444599625] Stream restarted via set_stream_sources
2026-05-20 15:57:46,976 | INFO | VCPlatform | [6444599625_2] Stream restarted via set_stream_sources
2026-05-20 15:57:52,116 | INFO | VCPlatform | [6444599625_3] Stream restarted via set_stream_sources
2026-05-20 15:58:52,583 | INFO | VCPlatform | [7535601861_2] Stream restarted via set_stream_sources
2026-05-20 16:02:26,469 | INFO | VCPlatform | [8015937475] Stream restarted via set_stream_sources
2026-05-20 16:04:23,624 | INFO | VCPlatform | [6451644278] Stream restarted via set_stream_sources
2026-05-20 16:05:04,527 | INFO | VCPlatform | [6444599625] Stream restarted via set_stream_sources
2026-05-20 16:05:05,081 | INFO | VCPlatform | [6444599625_2] Stream restarted via set_stream_sources
2026-05-20 16:05:10,218 | INFO | VCPlatform | [6444599625_3] Stream restarted via set_stream_sources
2026-05-20 16:05:11,685 | INFO | VCPlatform | [7535601861_2] Stream restarted via set_stream_sources
2026-05-20 16:08:49,575 | INFO | VCPlatform | [8015937475] Stream restarted via set_stream_sources
2026-05-20 16:11:09,227 | INFO | VCPlatform | [6444599625_4] Monitor stopped for https://t.me/+Z6J56TI-fZFlZTQ1
2026-05-20 16:11:09,228 | INFO | VCPlatform | [6444599625_4] Monitors restarted: 1 running for 1 channels
2026-05-20 16:11:09,231 | INFO | VCPlatform | [6444599625_4] Monitor started for https://t.me/+Z6J56TI-fZFlZTQ1
2026-05-20 16:11:09,235 | INFO | VCPlatform | [6444599625_4] Channel from cache: '𝐒𝐮𝐫𝐞𝐬𝐡𝐨𝐭 𝐛𝐲 𝐉𝐚𝐜𝐤' (bare_id=2098714715) for https://t.me/+Z6J56TI-fZFlZTQ1
2026-05-20 16:11:09,237 | INFO | VCPlatform | [6444599625_4] VC push update handler registered
2026-05-20 16:11:09,914 | INFO | VCPlatform | [6444599625_4] Live already running in https://t.me/+Z6J56TI-fZFlZTQ1 on startup — joining...
2026-05-20 16:11:12,797 | INFO | VCPlatform | [6444599625_4] NTG: ConnectionState.CONNECTING
2026-05-20 16:11:12,803 | INFO | VCPlatform | [6444599625_4] Joined VC in chat -1002098714715
2026-05-20 16:11:12,804 | INFO | VCPlatform | [6444599625_4] Joined VC on startup in https://t.me/+Z6J56TI-fZFlZTQ1
2026-05-20 16:11:13,172 | INFO | VCPlatform | [6444599625_4] NTG: ConnectionState.CONNECTED
2026-05-20 16:11:30,787 | INFO | VCPlatform | [7535601861_2] Stream restarted via set_stream_sources
2026-05-20 16:12:22,630 | INFO | VCPlatform | [6444599625] Stream restarted via set_stream_sources
2026-05-20 16:12:23,183 | INFO | VCPlatform | [6444599625_2] Stream restarted via set_stream_sources
2026-05-20 16:12:28,320 | INFO | VCPlatform | [6444599625_3] Stream restarted via set_stream_sources
2026-05-20 16:15:12,683 | INFO | VCPlatform | [8015937475] Stream restarted via set_stream_sources
2026-05-20 16:15:41,725 | INFO | VCPlatform | [6451644278] Stream restarted via set_stream_sources
2026-05-20 16:17:49,892 | INFO | VCPlatform | [7535601861_2] Stream restarted via set_stream_sources
2026-05-20 16:18:30,903 | INFO | VCPlatform | [6444599625_4] Stream restarted via set_stream_sources
2026-05-20 16:19:40,732 | INFO | VCPlatform | [6444599625] Stream restarted via set_stream_sources
2026-05-20 16:19:41,285 | INFO | VCPlatform | [6444599625_2] Stream restarted via set_stream_sources
2026-05-20 16:19:46,427 | INFO | VCPlatform | [6444599625_3] Stream restarted via set_stream_sources
2026-05-20 16:21:35,782 | INFO | VCPlatform | [8015937475] Stream restarted via set_stream_sources
2026-05-20 16:24:08,994 | INFO | VCPlatform | [7535601861_2] Stream restarted via set_stream_sources
2026-05-20 16:25:49,017 | INFO | VCPlatform | [6444599625_4] Stream restarted via set_stream_sources
2026-05-20 16:26:58,835 | INFO | VCPlatform | [6444599625] Stream restarted via set_stream_sources
2026-05-20 16:26:59,389 | INFO | VCPlatform | [6444599625_2] Stream restarted via set_stream_sources
2026-05-20 16:26:59,830 | INFO | VCPlatform | [6451644278] Stream restarted via set_stream_sources
2026-05-20 16:27:04,528 | INFO | VCPlatform | [6444599625_3] Stream restarted via set_stream_sources
2026-05-20 16:27:58,884 | INFO | VCPlatform | [8015937475] Stream restarted via set_stream_sources
2026-05-20 16:30:28,100 | INFO | VCPlatform | [7535601861_2] Stream restarted via set_stream_sources
2026-05-20 16:33:07,122 | INFO | VCPlatform | [6444599625_4] Stream restarted via set_stream_sources
2026-05-20 16:34:16,938 | INFO | VCPlatform | [6444599625] Stream restarted via set_stream_sources
2026-05-20 16:34:17,491 | INFO | VCPlatform | [6444599625_2] Stream restarted via set_stream_sources
2026-05-20 16:34:21,987 | INFO | VCPlatform | [8015937475] Stream restarted via set_stream_sources
2026-05-20 16:34:22,633 | INFO | VCPlatform | [6444599625_3] Stream restarted via set_stream_sources
2026-05-20 16:36:47,203 | INFO | VCPlatform | [7535601861_2] Stream restarted via set_stream_sources
2026-05-20 16:38:17,935 | INFO | VCPlatform | [6451644278] Stream restarted via set_stream_sources
2026-05-20 16:40:25,227 | INFO | VCPlatform | [6444599625_4] Stream restarted via set_stream_sources
2026-05-20 16:40:45,104 | INFO | VCPlatform | [8015937475] Stream restarted via set_stream_sources
2026-05-20 16:41:35,046 | INFO | VCPlatform | [6444599625] Stream restarted via set_stream_sources
2026-05-20 16:41:35,596 | INFO | VCPlatform | [6444599625_2] Stream restarted via set_stream_sources
2026-05-20 16:41:40,735 | INFO | VCPlatform | [6444599625_3] Stream restarted via set_stream_sources
2026-05-20 16:43:06,312 | INFO | VCPlatform | [7535601861_2] Stream restarted via set_stream_sources
2026-05-20 16:47:08,205 | INFO | VCPlatform | [8015937475] Stream restarted via set_stream_sources
2026-05-20 16:47:43,329 | INFO | VCPlatform | [6444599625_4] Stream restarted via set_stream_sources
2026-05-20 16:48:53,150 | INFO | VCPlatform | [6444599625] Stream restarted via set_stream_sources
2026-05-20 16:48:53,699 | INFO | VCPlatform | [6444599625_2] Stream restarted via set_stream_sources
2026-05-20 16:48:58,840 | INFO | VCPlatform | [6444599625_3] Stream restarted via set_stream_sources
2026-05-20 16:49:25,414 | INFO | VCPlatform | [7535601861_2] Stream restarted via set_stream_sources
2026-05-20 16:49:36,037 | INFO | VCPlatform | [6451644278] Stream restarted via set_stream_sources
2026-05-20 16:53:31,316 | INFO | VCPlatform | [8015937475] Stream restarted via set_stream_sources
2026-05-20 16:55:01,432 | INFO | VCPlatform | [6444599625_4] Stream restarted via set_stream_sources
2026-05-20 16:55:44,518 | INFO | VCPlatform | [7535601861_2] Stream restarted via set_stream_sources
2026-05-20 16:56:11,254 | INFO | VCPlatform | [6444599625] Stream restarted via set_stream_sources
2026-05-20 16:56:11,801 | INFO | VCPlatform | [6444599625_2] Stream restarted via set_stream_sources
2026-05-20 16:56:16,943 | INFO | VCPlatform | [6444599625_3] Stream restarted via set_stream_sources
2026-05-20 16:59:54,416 | INFO | VCPlatform | [8015937475] Stream restarted via set_stream_sources
2026-05-20 17:00:54,140 | INFO | VCPlatform | [6451644278] Stream restarted via set_stream_sources
2026-05-20 17:02:03,625 | INFO | VCPlatform | [7535601861_2] Stream restarted via set_stream_sources
2026-05-20 17:02:19,535 | INFO | VCPlatform | [6444599625_4] Stream restarted via set_stream_sources
2026-05-20 17:03:29,357 | INFO | VCPlatform | [6444599625] Stream restarted via set_stream_sources
2026-05-20 17:03:29,905 | INFO | VCPlatform | [6444599625_2] Stream restarted via set_stream_sources
2026-05-20 17:03:35,049 | INFO | VCPlatform | [6444599625_3] Stream restarted via set_stream_sources
2026-05-20 17:06:17,522 | INFO | VCPlatform | [8015937475] Stream restarted via set_stream_sources
2026-05-20 17:08:22,732 | INFO | VCPlatform | [7535601861_2] Stream restarted via set_stream_sources
2026-05-20 17:09:37,639 | INFO | VCPlatform | [6444599625_4] Stream restarted via set_stream_sources
2026-05-20 17:10:47,458 | INFO | VCPlatform | [6444599625] Stream restarted via set_stream_sources
2026-05-20 17:10:48,011 | INFO | VCPlatform | [6444599625_2] Stream restarted via set_stream_sources
2026-05-20 17:10:53,152 | INFO | VCPlatform | [6444599625_3] Stream restarted via set_stream_sources
2026-05-20 17:12:12,243 | INFO | VCPlatform | [6451644278] Stream restarted via set_stream_sources
2026-05-20 17:12:40,624 | INFO | VCPlatform | [8015937475] Stream restarted via set_stream_sources
2026-05-20 17:14:41,837 | INFO | VCPlatform | [7535601861_2] Stream restarted via set_stream_sources
2026-05-20 17:16:55,744 | INFO | VCPlatform | [6444599625_4] Stream restarted via set_stream_sources
2026-05-20 17:18:05,561 | INFO | VCPlatform | [6444599625] Stream restarted via set_stream_sources
2026-05-20 17:18:06,111 | INFO | VCPlatform | [6444599625_2] Stream restarted via set_stream_sources
2026-05-20 17:18:11,265 | INFO | VCPlatform | [6444599625_3] Stream restarted via set_stream_sources
2026-05-20 17:19:03,737 | INFO | VCPlatform | [8015937475] Stream restarted via set_stream_sources
2026-05-20 17:21:00,945 | INFO | VCPlatform | [7535601861_2] Stream restarted via set_stream_sources
2026-05-20 17:23:30,348 | INFO | VCPlatform | [6451644278] Stream restarted via set_stream_sources
2026-05-20 17:24:13,844 | INFO | VCPlatform | [6444599625_4] Stream restarted via set_stream_sources
2026-05-20 17:25:23,666 | INFO | VCPlatform | [6444599625] Stream restarted via set_stream_sources
2026-05-20 17:25:24,211 | INFO | VCPlatform | [6444599625_2] Stream restarted via set_stream_sources
2026-05-20 17:25:26,839 | INFO | VCPlatform | [8015937475] Stream restarted via set_stream_sources
2026-05-20 17:25:29,367 | INFO | VCPlatform | [6444599625_3] Stream restarted via set_stream_sources
2026-05-20 17:27:20,049 | INFO | VCPlatform | [7535601861_2] Stream restarted via set_stream_sources
2026-05-20 17:31:31,954 | INFO | VCPlatform | [6444599625_4] Stream restarted via set_stream_sources
2026-05-20 17:31:49,943 | INFO | VCPlatform | [8015937475] Stream restarted via set_stream_sources
2026-05-20 17:32:41,767 | INFO | VCPlatform | [6444599625] Stream restarted via set_stream_sources
2026-05-20 17:32:42,315 | INFO | VCPlatform | [6444599625_2] Stream restarted via set_stream_sources
2026-05-20 17:32:47,470 | INFO | VCPlatform | [6444599625_3] Stream restarted via set_stream_sources
2026-05-20 17:33:39,153 | INFO | VCPlatform | [7535601861_2] Stream restarted via set_stream_sources
2026-05-20 17:34:48,450 | INFO | VCPlatform | [6451644278] Stream restarted via set_stream_sources
2026-05-20 17:38:13,046 | INFO | VCPlatform | [8015937475] Stream restarted via set_stream_sources
2026-05-20 17:38:50,058 | INFO | VCPlatform | [6444599625_4] Stream restarted via set_stream_sources
2026-05-20 17:39:58,258 | INFO | VCPlatform | [7535601861_2] Stream restarted via set_stream_sources
2026-05-20 17:39:59,878 | INFO | VCPlatform | [6444599625] Stream restarted via set_stream_sources
2026-05-20 17:40:00,422 | INFO | VCPlatform | [6444599625_2] Stream restarted via set_stream_sources
2026-05-20 17:40:05,579 | INFO | VCPlatform | [6444599625_3] Stream restarted via set_stream_sources
2026-05-20 17:44:36,150 | INFO | VCPlatform | [8015937475] Stream restarted via set_stream_sources
2026-05-20 17:46:06,554 | INFO | VCPlatform | [6451644278] Stream restarted via set_stream_sources
2026-05-20 17:46:08,161 | INFO | VCPlatform | [6444599625_4] Stream restarted via set_stream_sources
2026-05-20 17:46:17,366 | INFO | VCPlatform | [7535601861_2] Stream restarted via set_stream_sources
2026-05-20 17:47:17,982 | INFO | VCPlatform | [6444599625] Stream restarted via set_stream_sources
2026-05-20 17:47:18,522 | INFO | VCPlatform | [6444599625_2] Stream restarted via set_stream_sources
2026-05-20 17:47:23,686 | INFO | VCPlatform | [6444599625_3] Stream restarted via set_stream_sources
2026-05-20 17:50:59,253 | INFO | VCPlatform | [8015937475] Stream restarted via set_stream_sources
2026-05-20 17:52:31,167 | ERROR | telegram.ext.Updater | Error while getting Updates: httpx.ReadError: 
2026-05-20 17:52:31,168 | ERROR | telegram.ext.Updater | Exception happened while polling for updates.
Traceback (most recent call last):
  File "/root/voiceplay/.venv/lib/python3.10/site-packages/httpx/_transports/default.py", line 66, in map_httpcore_exceptions
    yield
  File "/root/voiceplay/.venv/lib/python3.10/site-packages/httpx/_transports/default.py", line 366, in handle_async_request
    resp = await self._pool.handle_async_request(req)
  File "/root/voiceplay/.venv/lib/python3.10/site-packages/httpcore/_async/connection_pool.py", line 256, in handle_async_request
    raise exc from None
  File "/root/voiceplay/.venv/lib/python3.10/site-packages/httpcore/_async/connection_pool.py", line 236, in handle_async_request
    response = await connection.handle_async_request(
  File "/root/voiceplay/.venv/lib/python3.10/site-packages/httpcore/_async/connection.py", line 103, in handle_async_request
    return await self._connection.handle_async_request(request)
  File "/root/voiceplay/.venv/lib/python3.10/site-packages/httpcore/_async/http11.py", line 136, in handle_async_request
    raise exc
  File "/root/voiceplay/.venv/lib/python3.10/site-packages/httpcore/_async/http11.py", line 106, in handle_async_request
    ) = await self._receive_response_headers(**kwargs)
  File "/root/voiceplay/.venv/lib/python3.10/site-packages/httpcore/_async/http11.py", line 177, in _receive_response_headers
    event = await self._receive_event(timeout=timeout)
  File "/root/voiceplay/.venv/lib/python3.10/site-packages/httpcore/_async/http11.py", line 217, in _receive_event
    data = await self._network_stream.read(
  File "/root/voiceplay/.venv/lib/python3.10/site-packages/httpcore/_backends/anyio.py", line 32, in read
    with map_exceptions(exc_map):
  File "/usr/lib/python3.10/contextlib.py", line 153, in __exit__
    self.gen.throw(typ, value, traceback)
  File "/root/voiceplay/.venv/lib/python3.10/site-packages/httpcore/_exceptions.py", line 14, in map_exceptions
    raise to_exc(exc) from exc
httpcore.ReadError

The above exception was the direct cause of the following exception:

Traceback (most recent call last):
  File "/root/voiceplay/.venv/lib/python3.10/site-packages/telegram/request/_httpxrequest.py", line 268, in do_request
    res = await self._client.request(
  File "/root/voiceplay/.venv/lib/python3.10/site-packages/httpx/_client.py", line 1530, in request
    return await self.send(request, auth=auth, follow_redirects=follow_redirects)
  File "/root/voiceplay/.venv/lib/python3.10/site-packages/httpx/_client.py", line 1617, in send
    response = await self._send_handling_auth(
  File "/root/voiceplay/.venv/lib/python3.10/site-packages/httpx/_client.py", line 1645, in _send_handling_auth
    response = await self._send_handling_redirects(
  File "/root/voiceplay/.venv/lib/python3.10/site-packages/httpx/_client.py", line 1682, in _send_handling_redirects
    response = await self._send_single_request(request)
  File "/root/voiceplay/.venv/lib/python3.10/site-packages/httpx/_client.py", line 1719, in _send_single_request
    response = await transport.handle_async_request(request)
  File "/root/voiceplay/.venv/lib/python3.10/site-packages/httpx/_transports/default.py", line 365, in handle_async_request
    with map_httpcore_exceptions():
  File "/usr/lib/python3.10/contextlib.py", line 153, in __exit__
    self.gen.throw(typ, value, traceback)
  File "/root/voiceplay/.venv/lib/python3.10/site-packages/httpx/_transports/default.py", line 83, in map_httpcore_exceptions
    raise mapped_exc(message) from exc
httpx.ReadError

The above exception was the direct cause of the following exception:

Traceback (most recent call last):
  File "/root/voiceplay/.venv/lib/python3.10/site-packages/telegram/ext/_updater.py", line 688, in _network_loop_retry
    if not await action_cb():
  File "/root/voiceplay/.venv/lib/python3.10/site-packages/telegram/ext/_updater.py", line 384, in polling_action_cb
    raise exc
  File "/root/voiceplay/.venv/lib/python3.10/site-packages/telegram/ext/_updater.py", line 373, in polling_action_cb
    updates = await self.bot.get_updates(
  File "/root/voiceplay/.venv/lib/python3.10/site-packages/telegram/ext/_extbot.py", line 558, in get_updates
    updates = await super().get_updates(
  File "/root/voiceplay/.venv/lib/python3.10/site-packages/telegram/_bot.py", line 525, in decorator
    result = await func(self, *args, **kwargs)  # skipcq: PYL-E1102
  File "/root/voiceplay/.venv/lib/python3.10/site-packages/telegram/_bot.py", line 3584, in get_updates
    await self._post(
  File "/root/voiceplay/.venv/lib/python3.10/site-packages/telegram/_bot.py", line 613, in _post
    return await self._do_post(
  File "/root/voiceplay/.venv/lib/python3.10/site-packages/telegram/ext/_extbot.py", line 340, in _do_post
    return await super()._do_post(
  File "/root/voiceplay/.venv/lib/python3.10/site-packages/telegram/_bot.py", line 641, in _do_post
    return await request.post(
  File "/root/voiceplay/.venv/lib/python3.10/site-packages/telegram/request/_baserequest.py", line 200, in post
    result = await self._request_wrapper(
  File "/root/voiceplay/.venv/lib/python3.10/site-packages/telegram/request/_baserequest.py", line 340, in _request_wrapper
    raise exc
  File "/root/voiceplay/.venv/lib/python3.10/site-packages/telegram/request/_baserequest.py", line 330, in _request_wrapper
    code, payload = await self.do_request(
  File "/root/voiceplay/.venv/lib/python3.10/site-packages/telegram/request/_httpxrequest.py", line 292, in do_request
    raise NetworkError(f"httpx.{err.__class__.__name__}: {err}") from err
telegram.error.NetworkError: httpx.ReadError: 
2026-05-20 17:52:31,976 | ERROR | telegram.ext.Updater | Error while getting Updates: httpx.ReadError: 
2026-05-20 17:52:31,976 | ERROR | telegram.ext.Updater | Exception happened while polling for updates.
Traceback (most recent call last):
  File "/root/voiceplay/.venv/lib/python3.10/site-packages/httpx/_transports/default.py", line 66, in map_httpcore_exceptions
    yield
  File "/root/voiceplay/.venv/lib/python3.10/site-packages/httpx/_transports/default.py", line 366, in handle_async_request
    resp = await self._pool.handle_async_request(req)
  File "/root/voiceplay/.venv/lib/python3.10/site-packages/httpcore/_async/connection_pool.py", line 256, in handle_async_request
    raise exc from None
  File "/root/voiceplay/.venv/lib/python3.10/site-packages/httpcore/_async/connection_pool.py", line 236, in handle_async_request
    response = await connection.handle_async_request(
  File "/root/voiceplay/.venv/lib/python3.10/site-packages/httpcore/_async/connection.py", line 103, in handle_async_request
    return await self._connection.handle_async_request(request)
  File "/root/voiceplay/.venv/lib/python3.10/site-packages/httpcore/_async/http11.py", line 136, in handle_async_request
    raise exc
  File "/root/voiceplay/.venv/lib/python3.10/site-packages/httpcore/_async/http11.py", line 106, in handle_async_request
    ) = await self._receive_response_headers(**kwargs)
  File "/root/voiceplay/.venv/lib/python3.10/site-packages/httpcore/_async/http11.py", line 177, in _receive_response_headers
    event = await self._receive_event(timeout=timeout)
  File "/root/voiceplay/.venv/lib/python3.10/site-packages/httpcore/_async/http11.py", line 217, in _receive_event
    data = await self._network_stream.read(
  File "/root/voiceplay/.venv/lib/python3.10/site-packages/httpcore/_backends/anyio.py", line 32, in read
    with map_exceptions(exc_map):
  File "/usr/lib/python3.10/contextlib.py", line 153, in __exit__
    self.gen.throw(typ, value, traceback)
  File "/root/voiceplay/.venv/lib/python3.10/site-packages/httpcore/_exceptions.py", line 14, in map_exceptions
    raise to_exc(exc) from exc
httpcore.ReadError

The above exception was the direct cause of the following exception:

Traceback (most recent call last):
  File "/root/voiceplay/.venv/lib/python3.10/site-packages/telegram/request/_httpxrequest.py", line 268, in do_request
    res = await self._client.request(
  File "/root/voiceplay/.venv/lib/python3.10/site-packages/httpx/_client.py", line 1530, in request
    return await self.send(request, auth=auth, follow_redirects=follow_redirects)
  File "/root/voiceplay/.venv/lib/python3.10/site-packages/httpx/_client.py", line 1617, in send
    response = await self._send_handling_auth(
  File "/root/voiceplay/.venv/lib/python3.10/site-packages/httpx/_client.py", line 1645, in _send_handling_auth
    response = await self._send_handling_redirects(
  File "/root/voiceplay/.venv/lib/python3.10/site-packages/httpx/_client.py", line 1682, in _send_handling_redirects
    response = await self._send_single_request(request)
  File "/root/voiceplay/.venv/lib/python3.10/site-packages/httpx/_client.py", line 1719, in _send_single_request
    response = await transport.handle_async_request(request)
  File "/root/voiceplay/.venv/lib/python3.10/site-packages/httpx/_transports/default.py", line 365, in handle_async_request
    with map_httpcore_exceptions():
  File "/usr/lib/python3.10/contextlib.py", line 153, in __exit__
    self.gen.throw(typ, value, traceback)
  File "/root/voiceplay/.venv/lib/python3.10/site-packages/httpx/_transports/default.py", line 83, in map_httpcore_exceptions
    raise mapped_exc(message) from exc
httpx.ReadError

The above exception was the direct cause of the following exception:

Traceback (most recent call last):
  File "/root/voiceplay/.venv/lib/python3.10/site-packages/telegram/ext/_updater.py", line 688, in _network_loop_retry
    if not await action_cb():
  File "/root/voiceplay/.venv/lib/python3.10/site-packages/telegram/ext/_updater.py", line 384, in polling_action_cb
    raise exc
  File "/root/voiceplay/.venv/lib/python3.10/site-packages/telegram/ext/_updater.py", line 373, in polling_action_cb
    updates = await self.bot.get_updates(
  File "/root/voiceplay/.venv/lib/python3.10/site-packages/telegram/ext/_extbot.py", line 558, in get_updates
    updates = await super().get_updates(
  File "/root/voiceplay/.venv/lib/python3.10/site-packages/telegram/_bot.py", line 525, in decorator
    result = await func(self, *args, **kwargs)  # skipcq: PYL-E1102
  File "/root/voiceplay/.venv/lib/python3.10/site-packages/telegram/_bot.py", line 3584, in get_updates
    await self._post(
  File "/root/voiceplay/.venv/lib/python3.10/site-packages/telegram/_bot.py", line 613, in _post
    return await self._do_post(
  File "/root/voiceplay/.venv/lib/python3.10/site-packages/telegram/ext/_extbot.py", line 340, in _do_post
    return await super()._do_post(
  File "/root/voiceplay/.venv/lib/python3.10/site-packages/telegram/_bot.py", line 641, in _do_post
    return await request.post(
  File "/root/voiceplay/.venv/lib/python3.10/site-packages/telegram/request/_baserequest.py", line 200, in post
    result = await self._request_wrapper(
  File "/root/voiceplay/.venv/lib/python3.10/site-packages/telegram/request/_baserequest.py", line 340, in _request_wrapper
    raise exc
  File "/root/voiceplay/.venv/lib/python3.10/site-packages/telegram/request/_baserequest.py", line 330, in _request_wrapper
    code, payload = await self.do_request(
  File "/root/voiceplay/.venv/lib/python3.10/site-packages/telegram/request/_httpxrequest.py", line 292, in do_request
    raise NetworkError(f"httpx.{err.__class__.__name__}: {err}") from err
telegram.error.NetworkError: httpx.ReadError: 
2026-05-20 17:52:36,469 | INFO | VCPlatform | [7535601861_2] Stream restarted via set_stream_sources
2026-05-20 17:53:26,263 | INFO | VCPlatform | [6444599625_4] Stream restarted via set_stream_sources
2026-05-20 17:54:36,088 | INFO | VCPlatform | [6444599625] Stream restarted via set_stream_sources
2026-05-20 17:54:36,636 | INFO | VCPlatform | [6444599625_2] Stream restarted via set_stream_sources
2026-05-20 17:54:41,790 | INFO | VCPlatform | [6444599625_3] Stream restarted via set_stream_sources
2026-05-20 17:57:22,358 | INFO | VCPlatform | [8015937475] Stream restarted via set_stream_sources
2026-05-20 17:57:24,656 | INFO | VCPlatform | [6451644278] Stream restarted via set_stream_sources
2026-05-20 17:58:55,571 | INFO | VCPlatform | [7535601861_2] Stream restarted via set_stream_sources
2026-05-20 18:00:44,368 | INFO | VCPlatform | [6444599625_4] Stream restarted via set_stream_sources
2026-05-20 18:01:54,194 | INFO | VCPlatform | [6444599625] Stream restarted via set_stream_sources
2026-05-20 18:01:54,737 | INFO | VCPlatform | [6444599625_2] Stream restarted via set_stream_sources
2026-05-20 18:01:59,892 | INFO | VCPlatform | [6444599625_3] Stream restarted via set_stream_sources
2026-05-20 18:03:45,463 | INFO | VCPlatform | [8015937475] Stream restarted via set_stream_sources
2026-05-20 18:05:14,676 | INFO | VCPlatform | [7535601861_2] Stream restarted via set_stream_sources
2026-05-20 18:08:02,474 | INFO | VCPlatform | [6444599625_4] Stream restarted via set_stream_sources
2026-05-20 18:08:42,758 | INFO | VCPlatform | [6451644278] Stream restarted via set_stream_sources
2026-05-20 18:09:12,297 | INFO | VCPlatform | [6444599625] Stream restarted via set_stream_sources
2026-05-20 18:09:12,840 | INFO | VCPlatform | [6444599625_2] Stream restarted via set_stream_sources
2026-05-20 18:09:17,998 | INFO | VCPlatform | [6444599625_3] Stream restarted via set_stream_sources
2026-05-20 18:10:08,564 | INFO | VCPlatform | [8015937475] Stream restarted via set_stream_sources
2026-05-20 18:11:33,778 | INFO | VCPlatform | [7535601861_2] Stream restarted via set_stream_sources
2026-05-20 18:15:20,577 | INFO | VCPlatform | [6444599625_4] Stream restarted via set_stream_sources
2026-05-20 18:16:30,402 | INFO | VCPlatform | [6444599625] Stream restarted via set_stream_sources
2026-05-20 18:16:30,941 | INFO | VCPlatform | [6444599625_2] Stream restarted via set_stream_sources
2026-05-20 18:16:31,670 | INFO | VCPlatform | [8015937475] Stream restarted via set_stream_sources
2026-05-20 18:16:36,099 | INFO | VCPlatform | [6444599625_3] Stream restarted via set_stream_sources
2026-05-20 18:17:52,881 | INFO | VCPlatform | [7535601861_2] Stream restarted via set_stream_sources
2026-05-20 18:20:00,863 | INFO | VCPlatform | [6451644278] Stream restarted via set_stream_sources
2026-05-20 18:22:38,686 | INFO | VCPlatform | [6444599625_4] Stream restarted via set_stream_sources
2026-05-20 18:22:54,778 | INFO | VCPlatform | [8015937475] Stream restarted via set_stream_sources
2026-05-20 18:23:48,505 | INFO | VCPlatform | [6444599625] Stream restarted via set_stream_sources
2026-05-20 18:23:49,047 | INFO | VCPlatform | [6444599625_2] Stream restarted via set_stream_sources
2026-05-20 18:23:54,201 | INFO | VCPlatform | [6444599625_3] Stream restarted via set_stream_sources
2026-05-20 18:24:11,987 | INFO | VCPlatform | [7535601861_2] Stream restarted via set_stream_sources
2026-05-20 18:29:17,882 | INFO | VCPlatform | [8015937475] Stream restarted via set_stream_sources
2026-05-20 18:29:56,787 | INFO | VCPlatform | [6444599625_4] Stream restarted via set_stream_sources
2026-05-20 18:30:31,089 | INFO | VCPlatform | [7535601861_2] Stream restarted via set_stream_sources
2026-05-20 18:31:06,609 | INFO | VCPlatform | [6444599625] Stream restarted via set_stream_sources
2026-05-20 18:31:07,149 | INFO | VCPlatform | [6444599625_2] Stream restarted via set_stream_sources
2026-05-20 18:31:12,306 | INFO | VCPlatform | [6444599625_3] Stream restarted via set_stream_sources
2026-05-20 18:31:18,965 | INFO | VCPlatform | [6451644278] Stream restarted via set_stream_sources
2026-05-20 18:35:40,993 | INFO | VCPlatform | [8015937475] Stream restarted via set_stream_sources
2026-05-20 18:36:50,192 | INFO | VCPlatform | [7535601861_2] Stream restarted via set_stream_sources
2026-05-20 18:37:14,891 | INFO | VCPlatform | [6444599625_4] Stream restarted via set_stream_sources
2026-05-20 18:38:24,713 | INFO | VCPlatform | [6444599625] Stream restarted via set_stream_sources
2026-05-20 18:38:25,252 | INFO | VCPlatform | [6444599625_2] Stream restarted via set_stream_sources
2026-05-20 18:38:28,534 | INFO | VCPlatform | [6444599625] Reminder sent (3 days left)
2026-05-20 18:38:30,408 | INFO | VCPlatform | [6444599625_3] Stream restarted via set_stream_sources
2026-05-20 18:42:04,092 | INFO | VCPlatform | [8015937475] Stream restarted via set_stream_sources
2026-05-20 18:42:37,075 | INFO | VCPlatform | [6451644278] Stream restarted via set_stream_sources
2026-05-20 18:43:09,294 | INFO | VCPlatform | [7535601861_2] Stream restarted via set_stream_sources
2026-05-20 18:44:32,998 | INFO | VCPlatform | [6444599625_4] Stream restarted via set_stream_sources
2026-05-20 18:45:42,816 | INFO | VCPlatform | [6444599625] Stream restarted via set_stream_sources
2026-05-20 18:45:43,354 | INFO | VCPlatform | [6444599625_2] Stream restarted via set_stream_sources
2026-05-20 18:45:48,509 | INFO | VCPlatform | [6444599625_3] Stream restarted via set_stream_sources
2026-05-20 18:48:27,195 | INFO | VCPlatform | [8015937475] Stream restarted via set_stream_sources
2026-05-20 18:49:28,397 | INFO | VCPlatform | [7535601861_2] Stream restarted via set_stream_sources
2026-05-20 18:51:51,101 | INFO | VCPlatform | [6444599625_4] Stream restarted via set_stream_sources
2026-05-20 18:53:00,922 | INFO | VCPlatform | [6444599625] Stream restarted via set_stream_sources
2026-05-20 18:53:01,461 | INFO | VCPlatform | [6444599625_2] Stream restarted via set_stream_sources
2026-05-20 18:53:06,611 | INFO | VCPlatform | [6444599625_3] Stream restarted via set_stream_sources
2026-05-20 18:53:55,173 | INFO | VCPlatform | [6451644278] Stream restarted via set_stream_sources
2026-05-20 18:54:50,300 | INFO | VCPlatform | [8015937475] Stream restarted via set_stream_sources
2026-05-20 18:55:47,501 | INFO | VCPlatform | [7535601861_2] Stream restarted via set_stream_sources
2026-05-20 18:59:09,209 | INFO | VCPlatform | [6444599625_4] Stream restarted via set_stream_sources
2026-05-20 19:00:19,033 | INFO | VCPlatform | [6444599625] Stream restarted via set_stream_sources
2026-05-20 19:00:19,566 | INFO | VCPlatform | [6444599625_2] Stream restarted via set_stream_sources
2026-05-20 19:00:24,717 | INFO | VCPlatform | [6444599625_3] Stream restarted via set_stream_sources
2026-05-20 19:01:13,403 | INFO | VCPlatform | [8015937475] Stream restarted via set_stream_sources
2026-05-20 19:02:06,604 | INFO | VCPlatform | [7535601861_2] Stream restarted via set_stream_sources
2026-05-20 19:05:13,276 | INFO | VCPlatform | [6451644278] Stream restarted via set_stream_sources
2026-05-20 19:06:27,313 | INFO | VCPlatform | [6444599625_4] Stream restarted via set_stream_sources
2026-05-20 19:07:36,506 | INFO | VCPlatform | [8015937475] Stream restarted via set_stream_sources
2026-05-20 19:07:37,132 | INFO | VCPlatform | [6444599625] Stream restarted via set_stream_sources
2026-05-20 19:07:37,669 | INFO | VCPlatform | [6444599625_2] Stream restarted via set_stream_sources
2026-05-20 19:07:42,817 | INFO | VCPlatform | [6444599625_3] Stream restarted via set_stream_sources
2026-05-20 19:08:25,707 | INFO | VCPlatform | [7535601861_2] Stream restarted via set_stream_sources
2026-05-20 19:13:45,414 | INFO | VCPlatform | [6444599625_4] Stream restarted via set_stream_sources
2026-05-20 19:13:59,608 | INFO | VCPlatform | [8015937475] Stream restarted via set_stream_sources
2026-05-20 19:14:44,810 | INFO | VCPlatform | [7535601861_2] Stream restarted via set_stream_sources
2026-05-20 19:14:55,235 | INFO | VCPlatform | [6444599625] Stream restarted via set_stream_sources
2026-05-20 19:14:55,771 | INFO | VCPlatform | [6444599625_2] Stream restarted via set_stream_sources
2026-05-20 19:15:00,924 | INFO | VCPlatform | [6444599625_3] Stream restarted via set_stream_sources
2026-05-20 19:16:31,381 | INFO | VCPlatform | [6451644278] Stream restarted via set_stream_sources
2026-05-20 19:20:22,711 | INFO | VCPlatform | [8015937475] Stream restarted via set_stream_sources
2026-05-20 19:21:03,519 | INFO | VCPlatform | [6444599625_4] Stream restarted via set_stream_sources
2026-05-20 19:21:03,915 | INFO | VCPlatform | [7535601861_2] Stream restarted via set_stream_sources
2026-05-20 19:22:13,339 | INFO | VCPlatform | [6444599625] Stream restarted via set_stream_sources
2026-05-20 19:22:13,885 | INFO | VCPlatform | [6444599625_2] Stream restarted via set_stream_sources
2026-05-20 19:22:19,046 | INFO | VCPlatform | [6444599625_3] Stream restarted via set_stream_sources
2026-05-20 19:26:45,813 | INFO | VCPlatform | [8015937475] Stream restarted via set_stream_sources
2026-05-20 19:27:23,029 | INFO | VCPlatform | [7535601861_2] Stream restarted via set_stream_sources
2026-05-20 19:27:49,484 | INFO | VCPlatform | [6451644278] Stream restarted via set_stream_sources
2026-05-20 19:28:21,630 | INFO | VCPlatform | [6444599625_4] Stream restarted via set_stream_sources
2026-05-20 19:29:31,442 | INFO | VCPlatform | [6444599625] Stream restarted via set_stream_sources
2026-05-20 19:29:31,987 | INFO | VCPlatform | [6444599625_2] Stream restarted via set_stream_sources
2026-05-20 19:29:37,148 | INFO | VCPlatform | [6444599625_3] Stream restarted via set_stream_sources
2026-05-20 19:33:08,921 | INFO | VCPlatform | [8015937475] Stream restarted via set_stream_sources
2026-05-20 19:33:42,128 | INFO | VCPlatform | [7535601861_2] Stream restarted via set_stream_sources
2026-05-20 19:35:39,732 | INFO | VCPlatform | [6444599625_4] Stream restarted via set_stream_sources
2026-05-20 19:36:49,546 | INFO | VCPlatform | [6444599625] Stream restarted via set_stream_sources
2026-05-20 19:36:50,089 | INFO | VCPlatform | [6444599625_2] Stream restarted via set_stream_sources
2026-05-20 19:36:55,252 | INFO | VCPlatform | [6444599625_3] Stream restarted via set_stream_sources
2026-05-20 19:39:07,586 | INFO | VCPlatform | [6451644278] Stream restarted via set_stream_sources
2026-05-20 19:39:32,020 | INFO | VCPlatform | [8015937475] Stream restarted via set_stream_sources
2026-05-20 19:40:01,245 | INFO | VCPlatform | [7535601861_2] Stream restarted via set_stream_sources
2026-05-20 19:42:57,836 | INFO | VCPlatform | [6444599625_4] Stream restarted via set_stream_sources
2026-05-20 19:44:07,656 | INFO | VCPlatform | [6444599625] Stream restarted via set_stream_sources
2026-05-20 19:44:08,203 | INFO | VCPlatform | [6444599625_2] Stream restarted via set_stream_sources
2026-05-20 19:44:13,354 | INFO | VCPlatform | [6444599625_3] Stream restarted via set_stream_sources
2026-05-20 19:45:55,123 | INFO | VCPlatform | [8015937475] Stream restarted via set_stream_sources
2026-05-20 19:46:20,348 | INFO | VCPlatform | [7535601861_2] Stream restarted via set_stream_sources
2026-05-20 19:50:15,941 | INFO | VCPlatform | [6444599625_4] Stream restarted via set_stream_sources
2026-05-20 19:50:25,690 | INFO | VCPlatform | [6451644278] Stream restarted via set_stream_sources
2026-05-20 19:51:25,756 | INFO | VCPlatform | [6444599625] Stream restarted via set_stream_sources
2026-05-20 19:51:26,306 | INFO | VCPlatform | [6444599625_2] Stream restarted via set_stream_sources
2026-05-20 19:51:31,456 | INFO | VCPlatform | [6444599625_3] Stream restarted via set_stream_sources
2026-05-20 19:52:18,225 | INFO | VCPlatform | [8015937475] Stream restarted via set_stream_sources
2026-05-20 19:52:39,452 | INFO | VCPlatform | [7535601861_2] Stream restarted via set_stream_sources
2026-05-20 19:57:34,044 | INFO | VCPlatform | [6444599625_4] Stream restarted via set_stream_sources
2026-05-20 19:58:41,328 | INFO | VCPlatform | [8015937475] Stream restarted via set_stream_sources
2026-05-20 19:58:43,859 | INFO | VCPlatform | [6444599625] Stream restarted via set_stream_sources
2026-05-20 19:58:44,412 | INFO | VCPlatform | [6444599625_2] Stream restarted via set_stream_sources
2026-05-20 19:58:49,562 | INFO | VCPlatform | [6444599625_3] Stream restarted via set_stream_sources
2026-05-20 19:58:58,552 | INFO | VCPlatform | [7535601861_2] Stream restarted via set_stream_sources
2026-05-20 20:01:43,796 | INFO | VCPlatform | [6451644278] Stream restarted via set_stream_sources
2026-05-20 20:02:21,508 | INFO | VCPlatform | [6444599625] Reminder sent (3 days left)
2026-05-20 20:04:52,150 | INFO | VCPlatform | [6444599625_4] Stream restarted via set_stream_sources
2026-05-20 20:05:04,431 | INFO | VCPlatform | [8015937475] Stream restarted via set_stream_sources
2026-05-20 20:05:17,658 | INFO | VCPlatform | [7535601861_2] Stream restarted via set_stream_sources
2026-05-20 20:06:02,046 | INFO | VCPlatform | [6444599625] Stream restarted via set_stream_sources
2026-05-20 20:06:02,534 | INFO | VCPlatform | [6444599625_2] Stream restarted via set_stream_sources
2026-05-20 20:06:07,664 | INFO | VCPlatform | [6444599625_3] Stream restarted via set_stream_sources
2026-05-20 20:11:27,536 | INFO | VCPlatform | [8015937475] Stream restarted via set_stream_sources
2026-05-20 20:11:36,760 | INFO | VCPlatform | [7535601861_2] Stream restarted via set_stream_sources
2026-05-20 20:12:10,251 | INFO | VCPlatform | [6444599625_4] Stream restarted via set_stream_sources
2026-05-20 20:13:01,905 | INFO | VCPlatform | [6451644278] Stream restarted via set_stream_sources
2026-05-20 20:13:20,150 | INFO | VCPlatform | [6444599625] Stream restarted via set_stream_sources
2026-05-20 20:13:20,624 | INFO | VCPlatform | [6444599625_2] Stream restarted via set_stream_sources
2026-05-20 20:13:25,765 | INFO | VCPlatform | [6444599625_3] Stream restarted via set_stream_sources
2026-05-20 20:17:50,638 | INFO | VCPlatform | [8015937475] Stream restarted via set_stream_sources
2026-05-20 20:17:55,862 | INFO | VCPlatform | [7535601861_2] Stream restarted via set_stream_sources
2026-05-20 20:19:28,359 | INFO | VCPlatform | [6444599625_4] Stream restarted via set_stream_sources
2026-05-20 20:20:38,255 | INFO | VCPlatform | [6444599625] Stream restarted via set_stream_sources
2026-05-20 20:20:38,727 | INFO | VCPlatform | [6444599625_2] Stream restarted via set_stream_sources
2026-05-20 20:20:43,869 | INFO | VCPlatform | [6444599625_3] Stream restarted via set_stream_sources
2026-05-20 20:24:13,741 | INFO | VCPlatform | [8015937475] Stream restarted via set_stream_sources
2026-05-20 20:24:14,966 | INFO | VCPlatform | [7535601861_2] Stream restarted via set_stream_sources
2026-05-20 20:24:20,006 | INFO | VCPlatform | [6451644278] Stream restarted via set_stream_sources
2026-05-20 20:26:46,465 | INFO | VCPlatform | [6444599625_4] Stream restarted via set_stream_sources
2026-05-20 20:27:56,361 | INFO | VCPlatform | [6444599625] Stream restarted via set_stream_sources
2026-05-20 20:27:56,830 | INFO | VCPlatform | [6444599625_2] Stream restarted via set_stream_sources
2026-05-20 20:28:01,976 | INFO | VCPlatform | [6444599625_3] Stream restarted via set_stream_sources
2026-05-20 20:30:34,086 | INFO | VCPlatform | [7535601861_2] Stream restarted via set_stream_sources
2026-05-20 20:30:36,852 | INFO | VCPlatform | [8015937475] Stream restarted via set_stream_sources
2026-05-20 20:34:04,568 | INFO | VCPlatform | [6444599625_4] Stream restarted via set_stream_sources
2026-05-20 20:35:14,463 | INFO | VCPlatform | [6444599625] Stream restarted via set_stream_sources
2026-05-20 20:35:14,933 | INFO | VCPlatform | [6444599625_2] Stream restarted via set_stream_sources
2026-05-20 20:35:20,077 | INFO | VCPlatform | [6444599625_3] Stream restarted via set_stream_sources
2026-05-20 20:35:38,108 | INFO | VCPlatform | [6451644278] Stream restarted via set_stream_sources
2026-05-20 20:36:53,190 | INFO | VCPlatform | [7535601861_2] Stream restarted via set_stream_sources
2026-05-20 20:36:59,962 | INFO | VCPlatform | [8015937475] Stream restarted via set_stream_sources
2026-05-20 20:41:22,670 | INFO | VCPlatform | [6444599625_4] Stream restarted via set_stream_sources
2026-05-20 20:42:32,565 | INFO | VCPlatform | [6444599625] Stream restarted via set_stream_sources
2026-05-20 20:42:33,036 | INFO | VCPlatform | [6444599625_2] Stream restarted via set_stream_sources
2026-05-20 20:42:38,178 | INFO | VCPlatform | [6444599625_3] Stream restarted via set_stream_sources
2026-05-20 20:43:12,293 | INFO | VCPlatform | [7535601861_2] Stream restarted via set_stream_sources
2026-05-20 20:43:23,067 | INFO | VCPlatform | [8015937475] Stream restarted via set_stream_sources
2026-05-20 20:46:56,212 | INFO | VCPlatform | [6451644278] Stream restarted via set_stream_sources
2026-05-20 20:48:40,778 | INFO | VCPlatform | [6444599625_4] Stream restarted via set_stream_sources
2026-05-20 20:49:31,395 | INFO | VCPlatform | [7535601861_2] Stream restarted via set_stream_sources
2026-05-20 20:49:46,169 | INFO | VCPlatform | [8015937475] Stream restarted via set_stream_sources
2026-05-20 20:49:50,668 | INFO | VCPlatform | [6444599625] Stream restarted via set_stream_sources
2026-05-20 20:49:51,137 | INFO | VCPlatform | [6444599625_2] Stream restarted via set_stream_sources
2026-05-20 20:49:56,281 | INFO | VCPlatform | [6444599625_3] Stream restarted via set_stream_sources
2026-05-20 20:55:50,501 | INFO | VCPlatform | [7535601861_2] Stream restarted via set_stream_sources
2026-05-20 20:55:58,883 | INFO | VCPlatform | [6444599625_4] Stream restarted via set_stream_sources
2026-05-20 20:56:09,275 | INFO | VCPlatform | [8015937475] Stream restarted via set_stream_sources
2026-05-20 20:57:08,777 | INFO | VCPlatform | [6444599625] Stream restarted via set_stream_sources
2026-05-20 20:57:09,240 | INFO | VCPlatform | [6444599625_2] Stream restarted via set_stream_sources
2026-05-20 20:57:14,382 | INFO | VCPlatform | [6444599625_3] Stream restarted via set_stream_sources
2026-05-20 20:58:14,317 | INFO | VCPlatform | [6451644278] Stream restarted via set_stream_sources
2026-05-20 21:02:09,607 | INFO | VCPlatform | [7535601861_2] Stream restarted via set_stream_sources
2026-05-20 21:02:32,374 | INFO | VCPlatform | [8015937475] Stream restarted via set_stream_sources
2026-05-20 21:03:16,988 | INFO | VCPlatform | [6444599625_4] Stream restarted via set_stream_sources
2026-05-20 21:04:26,879 | INFO | VCPlatform | [6444599625] Stream restarted via set_stream_sources
2026-05-20 21:04:27,351 | INFO | VCPlatform | [6444599625_2] Stream restarted via set_stream_sources
2026-05-20 21:04:32,484 | INFO | VCPlatform | [6444599625_3] Stream restarted via set_stream_sources
2026-05-20 21:08:28,709 | INFO | VCPlatform | [7535601861_2] Stream restarted via set_stream_sources
2026-05-20 21:08:55,481 | INFO | VCPlatform | [8015937475] Stream restarted via set_stream_sources
2026-05-20 21:09:32,418 | INFO | VCPlatform | [6451644278] Stream restarted via set_stream_sources
2026-05-20 21:10:35,093 | INFO | VCPlatform | [6444599625_4] Stream restarted via set_stream_sources
2026-05-20 21:11:44,984 | INFO | VCPlatform | [6444599625] Stream restarted via set_stream_sources
2026-05-20 21:11:45,452 | INFO | VCPlatform | [6444599625_2] Stream restarted via set_stream_sources
2026-05-20 21:11:50,587 | INFO | VCPlatform | [6444599625_3] Stream restarted via set_stream_sources
2026-05-20 21:14:47,817 | INFO | VCPlatform | [7535601861_2] Stream restarted via set_stream_sources
2026-05-20 21:15:18,582 | INFO | VCPlatform | [8015937475] Stream restarted via set_stream_sources
2026-05-20 21:17:53,206 | INFO | VCPlatform | [6444599625_4] Stream restarted via set_stream_sources
2026-05-20 21:19:03,091 | INFO | VCPlatform | [6444599625] Stream restarted via set_stream_sources
2026-05-20 21:19:03,555 | INFO | VCPlatform | [6444599625_2] Stream restarted via set_stream_sources
2026-05-20 21:19:08,691 | INFO | VCPlatform | [6444599625_3] Stream restarted via set_stream_sources
2026-05-20 21:20:50,524 | INFO | VCPlatform | [6451644278] Stream restarted via set_stream_sources
2026-05-20 21:21:06,918 | INFO | VCPlatform | [7535601861_2] Stream restarted via set_stream_sources
2026-05-20 21:21:41,691 | INFO | VCPlatform | [8015937475] Stream restarted via set_stream_sources
2026-05-20 21:25:11,314 | INFO | VCPlatform | [6444599625_4] Stream restarted via set_stream_sources
2026-05-20 21:26:21,189 | INFO | VCPlatform | [6444599625] Stream restarted via set_stream_sources
2026-05-20 21:26:21,657 | INFO | VCPlatform | [6444599625_2] Stream restarted via set_stream_sources
2026-05-20 21:26:26,796 | INFO | VCPlatform | [6444599625_3] Stream restarted via set_stream_sources
2026-05-20 21:27:26,023 | INFO | VCPlatform | [7535601861_2] Stream restarted via set_stream_sources
2026-05-20 21:28:04,787 | INFO | VCPlatform | [8015937475] Stream restarted via set_stream_sources
2026-05-20 21:32:08,632 | INFO | VCPlatform | [6451644278] Stream restarted via set_stream_sources
2026-05-20 21:32:29,414 | INFO | VCPlatform | [6444599625_4] Stream restarted via set_stream_sources
2026-05-20 21:33:39,296 | INFO | VCPlatform | [6444599625] Stream restarted via set_stream_sources
2026-05-20 21:33:39,761 | INFO | VCPlatform | [6444599625_2] Stream restarted via set_stream_sources
2026-05-20 21:33:44,897 | INFO | VCPlatform | [6444599625_3] Stream restarted via set_stream_sources
2026-05-20 21:33:45,126 | INFO | VCPlatform | [7535601861_2] Stream restarted via set_stream_sources
2026-05-20 21:34:27,893 | INFO | VCPlatform | [8015937475] Stream restarted via set_stream_sources
2026-05-20 21:39:47,521 | INFO | VCPlatform | [6444599625_4] Stream restarted via set_stream_sources
2026-05-20 21:40:04,229 | INFO | VCPlatform | [7535601861_2] Stream restarted via set_stream_sources
2026-05-20 21:40:50,995 | INFO | VCPlatform | [8015937475] Stream restarted via set_stream_sources
2026-05-20 21:40:57,401 | INFO | VCPlatform | [6444599625] Stream restarted via set_stream_sources
2026-05-20 21:40:57,863 | INFO | VCPlatform | [6444599625_2] Stream restarted via set_stream_sources
2026-05-20 21:41:03,030 | INFO | VCPlatform | [6444599625_3] Stream restarted via set_stream_sources
2026-05-20 21:43:26,733 | INFO | VCPlatform | [6451644278] Stream restarted via set_stream_sources
2026-05-20 21:46:23,332 | INFO | VCPlatform | [7535601861_2] Stream restarted via set_stream_sources
2026-05-20 21:47:05,635 | INFO | VCPlatform | [6444599625_4] Stream restarted via set_stream_sources
2026-05-20 21:47:14,097 | INFO | VCPlatform | [8015937475] Stream restarted via set_stream_sources
2026-05-20 21:48:15,505 | INFO | VCPlatform | [6444599625] Stream restarted via set_stream_sources
2026-05-20 21:48:15,965 | INFO | VCPlatform | [6444599625_2] Stream restarted via set_stream_sources
2026-05-20 21:48:21,134 | INFO | VCPlatform | [6444599625_3] Stream restarted via set_stream_sources
2026-05-20 21:52:42,435 | INFO | VCPlatform | [7535601861_2] Stream restarted via set_stream_sources
2026-05-20 21:53:37,199 | INFO | VCPlatform | [8015937475] Stream restarted via set_stream_sources
2026-05-20 21:54:23,736 | INFO | VCPlatform | [6444599625_4] Stream restarted via set_stream_sources
2026-05-20 21:54:44,835 | INFO | VCPlatform | [6451644278] Stream restarted via set_stream_sources
2026-05-20 21:55:33,611 | INFO | VCPlatform | [6444599625] Stream restarted via set_stream_sources
2026-05-20 21:55:34,067 | INFO | VCPlatform | [6444599625_2] Stream restarted via set_stream_sources
2026-05-20 21:55:39,237 | INFO | VCPlatform | [6444599625_3] Stream restarted via set_stream_sources
2026-05-20 21:59:01,539 | INFO | VCPlatform | [7535601861_2] Stream restarted via set_stream_sources
2026-05-20 22:00:00,315 | INFO | VCPlatform | [8015937475] Stream restarted via set_stream_sources
2026-05-20 22:01:41,840 | INFO | VCPlatform | [6444599625_4] Stream restarted via set_stream_sources
2026-05-20 22:02:51,714 | INFO | VCPlatform | [6444599625] Stream restarted via set_stream_sources
2026-05-20 22:02:52,170 | INFO | VCPlatform | [6444599625_2] Stream restarted via set_stream_sources
2026-05-20 22:02:57,337 | INFO | VCPlatform | [6444599625_3] Stream restarted via set_stream_sources
2026-05-20 22:05:20,643 | INFO | VCPlatform | [7535601861_2] Stream restarted via set_stream_sources
2026-05-20 22:06:02,938 | INFO | VCPlatform | [6451644278] Stream restarted via set_stream_sources
2026-05-20 22:06:23,418 | INFO | VCPlatform | [8015937475] Stream restarted via set_stream_sources
2026-05-20 22:08:59,945 | INFO | VCPlatform | [6444599625_4] Stream restarted via set_stream_sources
2026-05-20 22:10:09,819 | INFO | VCPlatform | [6444599625] Stream restarted via set_stream_sources
2026-05-20 22:10:10,272 | INFO | VCPlatform | [6444599625_2] Stream restarted via set_stream_sources
2026-05-20 22:10:15,440 | INFO | VCPlatform | [6444599625_3] Stream restarted via set_stream_sources
2026-05-20 22:11:39,745 | INFO | VCPlatform | [7535601861_2] Stream restarted via set_stream_sources
2026-05-20 22:12:46,520 | INFO | VCPlatform | [8015937475] Stream restarted via set_stream_sources
2026-05-20 22:16:18,050 | INFO | VCPlatform | [6444599625_4] Stream restarted via set_stream_sources
2026-05-20 22:17:21,043 | INFO | VCPlatform | [6451644278] Stream restarted via set_stream_sources
2026-05-20 22:17:27,921 | INFO | VCPlatform | [6444599625] Stream restarted via set_stream_sources
2026-05-20 22:17:28,377 | INFO | VCPlatform | [6444599625_2] Stream restarted via set_stream_sources
2026-05-20 22:17:33,541 | INFO | VCPlatform | [6444599625_3] Stream restarted via set_stream_sources
2026-05-20 22:17:58,847 | INFO | VCPlatform | [7535601861_2] Stream restarted via set_stream_sources
2026-05-20 22:19:09,625 | INFO | VCPlatform | [8015937475] Stream restarted via set_stream_sources
2026-05-20 22:23:36,153 | INFO | VCPlatform | [6444599625_4] Stream restarted via set_stream_sources
2026-05-20 22:24:17,950 | INFO | VCPlatform | [7535601861_2] Stream restarted via set_stream_sources
2026-05-20 22:24:46,023 | INFO | VCPlatform | [6444599625] Stream restarted via set_stream_sources
2026-05-20 22:24:46,479 | INFO | VCPlatform | [6444599625_2] Stream restarted via set_stream_sources
2026-05-20 22:24:51,645 | INFO | VCPlatform | [6444599625_3] Stream restarted via set_stream_sources
2026-05-20 22:25:32,729 | INFO | VCPlatform | [8015937475] Stream restarted via set_stream_sources
2026-05-20 22:28:39,146 | INFO | VCPlatform | [6451644278] Stream restarted via set_stream_sources
2026-05-20 22:30:37,055 | INFO | VCPlatform | [7535601861_2] Stream restarted via set_stream_sources
2026-05-20 22:30:54,256 | INFO | VCPlatform | [6444599625_4] Stream restarted via set_stream_sources
2026-05-20 22:31:55,834 | INFO | VCPlatform | [8015937475] Stream restarted via set_stream_sources
2026-05-20 22:32:04,127 | INFO | VCPlatform | [6444599625] Stream restarted via set_stream_sources
2026-05-20 22:32:04,582 | INFO | VCPlatform | [6444599625_2] Stream restarted via set_stream_sources
2026-05-20 22:32:09,747 | INFO | VCPlatform | [6444599625_3] Stream restarted via set_stream_sources
2026-05-20 22:36:56,157 | INFO | VCPlatform | [7535601861_2] Stream restarted via set_stream_sources
2026-05-20 22:38:12,361 | INFO | VCPlatform | [6444599625_4] Stream restarted via set_stream_sources
2026-05-20 22:38:18,935 | INFO | VCPlatform | [8015937475] Stream restarted via set_stream_sources
2026-05-20 22:39:22,227 | INFO | VCPlatform | [6444599625] Stream restarted via set_stream_sources
2026-05-20 22:39:22,683 | INFO | VCPlatform | [6444599625_2] Stream restarted via set_stream_sources
2026-05-20 22:39:27,859 | INFO | VCPlatform | [6444599625_3] Stream restarted via set_stream_sources
2026-05-20 22:39:57,251 | INFO | VCPlatform | [6451644278] Stream restarted via set_stream_sources
2026-05-20 22:43:15,262 | INFO | VCPlatform | [7535601861_2] Stream restarted via set_stream_sources
2026-05-20 22:44:42,038 | INFO | VCPlatform | [8015937475] Stream restarted via set_stream_sources
2026-05-20 22:45:30,463 | INFO | VCPlatform | [6444599625_4] Stream restarted via set_stream_sources
2026-05-20 22:46:40,335 | INFO | VCPlatform | [6444599625] Stream restarted via set_stream_sources
2026-05-20 22:46:40,785 | INFO | VCPlatform | [6444599625_2] Stream restarted via set_stream_sources
2026-05-20 22:46:45,961 | INFO | VCPlatform | [6444599625_3] Stream restarted via set_stream_sources
2026-05-20 22:49:34,366 | INFO | VCPlatform | [7535601861_2] Stream restarted via set_stream_sources
2026-05-20 22:51:05,143 | INFO | VCPlatform | [8015937475] Stream restarted via set_stream_sources
2026-05-20 22:51:15,360 | INFO | VCPlatform | [6451644278] Stream restarted via set_stream_sources
2026-05-20 22:52:48,565 | INFO | VCPlatform | [6444599625_4] Stream restarted via set_stream_sources
2026-05-20 22:53:58,441 | INFO | VCPlatform | [6444599625] Stream restarted via set_stream_sources
2026-05-20 22:53:58,887 | INFO | VCPlatform | [6444599625_2] Stream restarted via set_stream_sources
2026-05-20 22:54:04,063 | INFO | VCPlatform | [6444599625_3] Stream restarted via set_stream_sources
2026-05-20 22:55:53,467 | INFO | VCPlatform | [7535601861_2] Stream restarted via set_stream_sources
2026-05-20 22:57:28,248 | INFO | VCPlatform | [8015937475] Stream restarted via set_stream_sources
2026-05-20 23:00:06,670 | INFO | VCPlatform | [6444599625_4] Stream restarted via set_stream_sources
2026-05-20 23:01:16,543 | INFO | VCPlatform | [6444599625] Stream restarted via set_stream_sources
2026-05-20 23:01:16,989 | INFO | VCPlatform | [6444599625_2] Stream restarted via set_stream_sources
2026-05-20 23:01:22,166 | INFO | VCPlatform | [6444599625_3] Stream restarted via set_stream_sources
2026-05-20 23:02:12,572 | INFO | VCPlatform | [7535601861_2] Stream restarted via set_stream_sources
2026-05-20 23:02:33,455 | INFO | VCPlatform | [6451644278] Stream restarted via set_stream_sources
2026-05-20 23:03:51,350 | INFO | VCPlatform | [8015937475] Stream restarted via set_stream_sources
2026-05-20 23:07:24,774 | INFO | VCPlatform | [6444599625_4] Stream restarted via set_stream_sources
2026-05-20 23:08:31,674 | INFO | VCPlatform | [7535601861_2] Stream restarted via set_stream_sources
2026-05-20 23:08:34,647 | INFO | VCPlatform | [6444599625] Stream restarted via set_stream_sources
2026-05-20 23:08:35,091 | INFO | VCPlatform | [6444599625_2] Stream restarted via set_stream_sources
2026-05-20 23:08:40,268 | INFO | VCPlatform | [6444599625_3] Stream restarted via set_stream_sources
2026-05-20 23:10:14,454 | INFO | VCPlatform | [8015937475] Stream restarted via set_stream_sources
2026-05-20 23:13:51,558 | INFO | VCPlatform | [6451644278] Stream restarted via set_stream_sources
2026-05-20 23:14:42,879 | INFO | VCPlatform | [6444599625_4] Stream restarted via set_stream_sources
2026-05-20 23:14:50,776 | INFO | VCPlatform | [7535601861_2] Stream restarted via set_stream_sources
2026-05-20 23:15:52,749 | INFO | VCPlatform | [6444599625] Stream restarted via set_stream_sources
2026-05-20 23:15:53,193 | INFO | VCPlatform | [6444599625_2] Stream restarted via set_stream_sources
2026-05-20 23:15:58,376 | INFO | VCPlatform | [6444599625_3] Stream restarted via set_stream_sources
2026-05-20 23:16:37,557 | INFO | VCPlatform | [8015937475] Stream restarted via set_stream_sources
2026-05-20 23:21:09,880 | INFO | VCPlatform | [7535601861_2] Stream restarted via set_stream_sources
2026-05-20 23:22:00,981 | INFO | VCPlatform | [6444599625_4] Stream restarted via set_stream_sources
2026-05-20 23:23:00,661 | INFO | VCPlatform | [8015937475] Stream restarted via set_stream_sources
2026-05-20 23:23:10,853 | INFO | VCPlatform | [6444599625] Stream restarted via set_stream_sources
2026-05-20 23:23:11,297 | INFO | VCPlatform | [6444599625_2] Stream restarted via set_stream_sources
2026-05-20 23:23:16,479 | INFO | VCPlatform | [6444599625_3] Stream restarted via set_stream_sources
2026-05-20 23:25:09,664 | INFO | VCPlatform | [6451644278] Stream restarted via set_stream_sources
2026-05-20 23:25:57,000 | INFO | VCPlatform | [6444599625_3] VC ENDED (push update) in https://t.me/+hnGoxIQ1wj83NGVl
2026-05-20 23:27:28,985 | INFO | VCPlatform | [7535601861_2] Stream restarted via set_stream_sources
2026-05-20 23:29:19,085 | INFO | VCPlatform | [6444599625_4] Stream restarted via set_stream_sources
2026-05-20 23:29:23,764 | INFO | VCPlatform | [8015937475] Stream restarted via set_stream_sources
2026-05-20 23:30:28,959 | INFO | VCPlatform | [6444599625] Stream restarted via set_stream_sources
2026-05-20 23:30:29,399 | INFO | VCPlatform | [6444599625_2] Stream restarted via set_stream_sources
2026-05-20 23:33:48,088 | INFO | VCPlatform | [7535601861_2] Stream restarted via set_stream_sources
2026-05-20 23:35:46,868 | INFO | VCPlatform | [8015937475] Stream restarted via set_stream_sources
2026-05-20 23:36:27,767 | INFO | VCPlatform | [6451644278] Stream restarted via set_stream_sources
2026-05-20 23:36:37,188 | INFO | VCPlatform | [6444599625_4] Stream restarted via set_stream_sources
2026-05-20 23:37:47,060 | INFO | VCPlatform | [6444599625] Stream restarted via set_stream_sources
2026-05-20 23:37:47,500 | INFO | VCPlatform | [6444599625_2] Stream restarted via set_stream_sources
2026-05-20 23:40:07,191 | INFO | VCPlatform | [7535601861_2] Stream restarted via set_stream_sources
2026-05-20 23:42:09,970 | INFO | VCPlatform | [8015937475] Stream restarted via set_stream_sources
2026-05-20 23:43:55,291 | INFO | VCPlatform | [6444599625_4] Stream restarted via set_stream_sources
2026-05-20 23:45:05,175 | INFO | VCPlatform | [6444599625] Stream restarted via set_stream_sources
2026-05-20 23:45:05,602 | INFO | VCPlatform | [6444599625_2] Stream restarted via set_stream_sources
2026-05-20 23:46:26,295 | INFO | VCPlatform | [7535601861_2] Stream restarted via set_stream_sources
2026-05-20 23:47:45,869 | INFO | VCPlatform | [6451644278] Stream restarted via set_stream_sources
2026-05-20 23:48:33,075 | INFO | VCPlatform | [8015937475] Stream restarted via set_stream_sources
2026-05-20 23:51:13,395 | INFO | VCPlatform | [6444599625_4] Stream restarted via set_stream_sources
2026-05-20 23:52:23,278 | INFO | VCPlatform | [6444599625] Stream restarted via set_stream_sources
2026-05-20 23:52:23,713 | INFO | VCPlatform | [6444599625_2] Stream restarted via set_stream_sources
2026-05-20 23:52:45,396 | INFO | VCPlatform | [7535601861_2] Stream restarted via set_stream_sources
2026-05-20 23:54:56,176 | INFO | VCPlatform | [8015937475] Stream restarted via set_stream_sources
2026-05-20 23:58:31,497 | INFO | VCPlatform | [6444599625_4] Stream restarted via set_stream_sources
2026-05-20 23:59:03,970 | INFO | VCPlatform | [6451644278] Stream restarted via set_stream_sources
2026-05-20 23:59:04,499 | INFO | VCPlatform | [7535601861_2] Stream restarted via set_stream_sources
2026-05-20 23:59:41,382 | INFO | VCPlatform | [6444599625] Stream restarted via set_stream_sources
2026-05-20 23:59:41,811 | INFO | VCPlatform | [6444599625_2] Stream restarted via set_stream_sources
2026-05-21 00:01:19,279 | INFO | VCPlatform | [8015937475] Stream restarted via set_stream_sources
2026-05-21 00:05:23,603 | INFO | VCPlatform | [7535601861_2] Stream restarted via set_stream_sources
2026-05-21 00:05:49,599 | INFO | VCPlatform | [6444599625_4] Stream restarted via set_stream_sources
2026-05-21 00:06:59,485 | INFO | VCPlatform | [6444599625] Stream restarted via set_stream_sources
2026-05-21 00:06:59,913 | INFO | VCPlatform | [6444599625_2] Stream restarted via set_stream_sources
2026-05-21 00:07:42,383 | INFO | VCPlatform | [8015937475] Stream restarted via set_stream_sources
2026-05-21 00:10:22,075 | INFO | VCPlatform | [6451644278] Stream restarted via set_stream_sources
2026-05-21 00:11:42,705 | INFO | VCPlatform | [7535601861_2] Stream restarted via set_stream_sources
2026-05-21 00:13:07,706 | INFO | VCPlatform | [6444599625_4] Stream restarted via set_stream_sources
2026-05-21 00:14:05,486 | INFO | VCPlatform | [8015937475] Stream restarted via set_stream_sources
2026-05-21 00:14:17,585 | INFO | VCPlatform | [6444599625] Stream restarted via set_stream_sources
2026-05-21 00:14:18,017 | INFO | VCPlatform | [6444599625_2] Stream restarted via set_stream_sources
2026-05-21 00:18:01,810 | INFO | VCPlatform | [7535601861_2] Stream restarted via set_stream_sources
2026-05-21 00:20:25,808 | INFO | VCPlatform | [6444599625_4] Stream restarted via set_stream_sources
2026-05-21 00:20:28,588 | INFO | VCPlatform | [8015937475] Stream restarted via set_stream_sources
2026-05-21 00:21:35,689 | INFO | VCPlatform | [6444599625] Stream restarted via set_stream_sources
2026-05-21 00:21:36,128 | INFO | VCPlatform | [6444599625_2] Stream restarted via set_stream_sources
2026-05-21 00:21:40,176 | INFO | VCPlatform | [6451644278] Stream restarted via set_stream_sources
2026-05-21 00:24:20,914 | INFO | VCPlatform | [7535601861_2] Stream restarted via set_stream_sources
2026-05-21 00:26:51,703 | INFO | VCPlatform | [8015937475] Stream restarted via set_stream_sources
2026-05-21 00:27:43,919 | INFO | VCPlatform | [6444599625_4] Stream restarted via set_stream_sources
2026-05-21 00:28:53,794 | INFO | VCPlatform | [6444599625] Stream restarted via set_stream_sources
2026-05-21 00:28:54,231 | INFO | VCPlatform | [6444599625_2] Stream restarted via set_stream_sources
2026-05-21 00:30:40,017 | INFO | VCPlatform | [7535601861_2] Stream restarted via set_stream_sources
2026-05-21 00:32:58,280 | INFO | VCPlatform | [6451644278] Stream restarted via set_stream_sources
2026-05-21 00:33:14,819 | INFO | VCPlatform | [8015937475] Stream restarted via set_stream_sources
2026-05-21 00:35:02,049 | INFO | VCPlatform | [6444599625_4] Stream restarted via set_stream_sources
2026-05-21 00:36:11,901 | INFO | VCPlatform | [6444599625] Stream restarted via set_stream_sources
2026-05-21 00:36:12,332 | INFO | VCPlatform | [6444599625_2] Stream restarted via set_stream_sources
2026-05-21 00:36:59,122 | INFO | VCPlatform | [7535601861_2] Stream restarted via set_stream_sources
2026-05-21 00:39:37,922 | INFO | VCPlatform | [8015937475] Stream restarted via set_stream_sources
2026-05-21 00:42:20,175 | INFO | VCPlatform | [6444599625_4] Stream restarted via set_stream_sources
2026-05-21 00:43:18,224 | INFO | VCPlatform | [7535601861_2] Stream restarted via set_stream_sources
2026-05-21 00:43:29,998 | INFO | VCPlatform | [6444599625] Stream restarted via set_stream_sources
2026-05-21 00:43:30,434 | INFO | VCPlatform | [6444599625_2] Stream restarted via set_stream_sources
2026-05-21 00:44:16,386 | INFO | VCPlatform | [6451644278] Stream restarted via set_stream_sources
2026-05-21 00:46:01,025 | INFO | VCPlatform | [8015937475] Stream restarted via set_stream_sources
2026-05-21 00:49:37,329 | INFO | VCPlatform | [7535601861_2] Stream restarted via set_stream_sources
2026-05-21 00:49:38,277 | INFO | VCPlatform | [6444599625_4] Stream restarted via set_stream_sources
2026-05-21 00:50:48,101 | INFO | VCPlatform | [6444599625] Stream restarted via set_stream_sources
2026-05-21 00:50:48,536 | INFO | VCPlatform | [6444599625_2] Stream restarted via set_stream_sources
2026-05-21 00:52:24,128 | INFO | VCPlatform | [8015937475] Stream restarted via set_stream_sources
2026-05-21 00:55:34,488 | INFO | VCPlatform | [6451644278] Stream restarted via set_stream_sources
2026-05-21 00:55:56,432 | INFO | VCPlatform | [7535601861_2] Stream restarted via set_stream_sources
2026-05-21 00:56:56,385 | INFO | VCPlatform | [6444599625_4] Stream restarted via set_stream_sources
2026-05-21 00:58:06,205 | INFO | VCPlatform | [6444599625] Stream restarted via set_stream_sources
2026-05-21 00:58:06,637 | INFO | VCPlatform | [6444599625_2] Stream restarted via set_stream_sources
2026-05-21 00:58:47,230 | INFO | VCPlatform | [8015937475] Stream restarted via set_stream_sources
2026-05-21 01:02:15,536 | INFO | VCPlatform | [7535601861_2] Stream restarted via set_stream_sources
2026-05-21 01:04:14,488 | INFO | VCPlatform | [6444599625_4] Stream restarted via set_stream_sources
2026-05-21 01:05:10,337 | INFO | VCPlatform | [8015937475] Stream restarted via set_stream_sources
2026-05-21 01:05:24,305 | INFO | VCPlatform | [6444599625] Stream restarted via set_stream_sources
2026-05-21 01:05:24,745 | INFO | VCPlatform | [6444599625_2] Stream restarted via set_stream_sources
2026-05-21 01:06:52,591 | INFO | VCPlatform | [6451644278] Stream restarted via set_stream_sources
2026-05-21 01:08:34,639 | INFO | VCPlatform | [7535601861_2] Stream restarted via set_stream_sources
2026-05-21 01:11:32,593 | INFO | VCPlatform | [6444599625_4] Stream restarted via set_stream_sources
2026-05-21 01:11:33,437 | INFO | VCPlatform | [8015937475] Stream restarted via set_stream_sources
2026-05-21 01:12:42,407 | INFO | VCPlatform | [6444599625] Stream restarted via set_stream_sources
2026-05-21 01:12:42,847 | INFO | VCPlatform | [6444599625_2] Stream restarted via set_stream_sources
2026-05-21 01:14:53,742 | INFO | VCPlatform | [7535601861_2] Stream restarted via set_stream_sources
2026-05-21 01:17:56,540 | INFO | VCPlatform | [8015937475] Stream restarted via set_stream_sources
2026-05-21 01:18:10,695 | INFO | VCPlatform | [6451644278] Stream restarted via set_stream_sources
2026-05-21 01:18:50,695 | INFO | VCPlatform | [6444599625_4] Stream restarted via set_stream_sources
2026-05-21 01:20:00,542 | INFO | VCPlatform | [6444599625] Stream restarted via set_stream_sources
2026-05-21 01:20:00,949 | INFO | VCPlatform | [6444599625_2] Stream restarted via set_stream_sources
2026-05-21 01:21:12,845 | INFO | VCPlatform | [7535601861_2] Stream restarted via set_stream_sources
2026-05-21 01:24:19,643 | INFO | VCPlatform | [8015937475] Stream restarted via set_stream_sources
2026-05-21 01:26:08,798 | INFO | VCPlatform | [6444599625_4] Stream restarted via set_stream_sources
2026-05-21 01:27:18,631 | INFO | VCPlatform | [6444599625] Stream restarted via set_stream_sources
2026-05-21 01:27:19,052 | INFO | VCPlatform | [6444599625_2] Stream restarted via set_stream_sources
2026-05-21 01:27:31,950 | INFO | VCPlatform | [7535601861_2] Stream restarted via set_stream_sources
2026-05-21 01:29:28,803 | INFO | VCPlatform | [6451644278] Stream restarted via set_stream_sources
2026-05-21 01:30:42,753 | INFO | VCPlatform | [8015937475] Stream restarted via set_stream_sources
2026-05-21 01:33:26,904 | INFO | VCPlatform | [6444599625_4] Stream restarted via set_stream_sources
2026-05-21 01:33:51,057 | INFO | VCPlatform | [7535601861_2] Stream restarted via set_stream_sources
2026-05-21 01:34:36,734 | INFO | VCPlatform | [6444599625] Stream restarted via set_stream_sources
2026-05-21 01:34:37,155 | INFO | VCPlatform | [6444599625_2] Stream restarted via set_stream_sources
2026-05-21 01:37:05,857 | INFO | VCPlatform | [8015937475] Stream restarted via set_stream_sources
2026-05-21 01:40:10,162 | INFO | VCPlatform | [7535601861_2] Stream restarted via set_stream_sources
2026-05-21 01:40:45,007 | INFO | VCPlatform | [6444599625_4] Stream restarted via set_stream_sources
2026-05-21 01:40:46,902 | INFO | VCPlatform | [6451644278] Stream restarted via set_stream_sources
2026-05-21 01:41:54,837 | INFO | VCPlatform | [6444599625] Stream restarted via set_stream_sources
2026-05-21 01:41:55,257 | INFO | VCPlatform | [6444599625_2] Stream restarted via set_stream_sources
2026-05-21 01:43:28,958 | INFO | VCPlatform | [8015937475] Stream restarted via set_stream_sources
2026-05-21 01:46:29,264 | INFO | VCPlatform | [7535601861_2] Stream restarted via set_stream_sources
2026-05-21 01:48:03,110 | INFO | VCPlatform | [6444599625_4] Stream restarted via set_stream_sources
2026-05-21 01:49:12,940 | INFO | VCPlatform | [6444599625] Stream restarted via set_stream_sources
2026-05-21 01:49:13,359 | INFO | VCPlatform | [6444599625_2] Stream restarted via set_stream_sources
2026-05-21 01:49:52,062 | INFO | VCPlatform | [8015937475] Stream restarted via set_stream_sources
2026-05-21 01:52:05,006 | INFO | VCPlatform | [6451644278] Stream restarted via set_stream_sources
2026-05-21 01:52:48,365 | INFO | VCPlatform | [7535601861_2] Stream restarted via set_stream_sources
2026-05-21 01:55:21,219 | INFO | VCPlatform | [6444599625_4] Stream restarted via set_stream_sources
2026-05-21 01:56:15,164 | INFO | VCPlatform | [8015937475] Stream restarted via set_stream_sources
2026-05-21 01:56:31,043 | INFO | VCPlatform | [6444599625] Stream restarted via set_stream_sources
2026-05-21 01:56:31,461 | INFO | VCPlatform | [6444599625_2] Stream restarted via set_stream_sources
2026-05-21 01:59:07,469 | INFO | VCPlatform | [7535601861_2] Stream restarted via set_stream_sources
2026-05-21 02:02:38,267 | INFO | VCPlatform | [8015937475] Stream restarted via set_stream_sources
2026-05-21 02:02:39,318 | INFO | VCPlatform | [6444599625_4] Stream restarted via set_stream_sources
2026-05-21 02:03:23,110 | INFO | VCPlatform | [6451644278] Stream restarted via set_stream_sources
2026-05-21 02:03:49,146 | INFO | VCPlatform | [6444599625] Stream restarted via set_stream_sources
2026-05-21 02:03:49,564 | INFO | VCPlatform | [6444599625_2] Stream restarted via set_stream_sources
2026-05-21 02:05:26,572 | INFO | VCPlatform | [7535601861_2] Stream restarted via set_stream_sources
2026-05-21 02:09:01,377 | INFO | VCPlatform | [8015937475] Stream restarted via set_stream_sources
2026-05-21 02:09:57,424 | INFO | VCPlatform | [6444599625_4] Stream restarted via set_stream_sources
2026-05-21 02:11:07,249 | INFO | VCPlatform | [6444599625] Stream restarted via set_stream_sources
2026-05-21 02:11:07,667 | INFO | VCPlatform | [6444599625_2] Stream restarted via set_stream_sources
2026-05-21 02:11:45,683 | INFO | VCPlatform | [7535601861_2] Stream restarted via set_stream_sources
2026-05-21 02:14:41,222 | INFO | VCPlatform | [6451644278] Stream restarted via set_stream_sources
2026-05-21 02:15:24,479 | INFO | VCPlatform | [8015937475] Stream restarted via set_stream_sources
2026-05-21 02:17:15,532 | INFO | VCPlatform | [6444599625_4] Stream restarted via set_stream_sources
2026-05-21 02:18:04,787 | INFO | VCPlatform | [7535601861_2] Stream restarted via set_stream_sources
2026-05-21 02:18:25,356 | INFO | VCPlatform | [6444599625] Stream restarted via set_stream_sources
2026-05-21 02:18:25,773 | INFO | VCPlatform | [6444599625_2] Stream restarted via set_stream_sources
2026-05-21 02:21:47,582 | INFO | VCPlatform | [8015937475] Stream restarted via set_stream_sources
2026-05-21 02:24:23,895 | INFO | VCPlatform | [7535601861_2] Stream restarted via set_stream_sources
2026-05-21 02:24:33,633 | INFO | VCPlatform | [6444599625_4] Stream restarted via set_stream_sources
2026-05-21 02:25:43,459 | INFO | VCPlatform | [6444599625] Stream restarted via set_stream_sources
2026-05-21 02:25:43,875 | INFO | VCPlatform | [6444599625_2] Stream restarted via set_stream_sources
2026-05-21 02:25:59,324 | INFO | VCPlatform | [6451644278] Stream restarted via set_stream_sources
2026-05-21 02:28:10,685 | INFO | VCPlatform | [8015937475] Stream restarted via set_stream_sources
2026-05-21 02:30:43,002 | INFO | VCPlatform | [7535601861_2] Stream restarted via set_stream_sources
2026-05-21 02:31:51,739 | INFO | VCPlatform | [6444599625_4] Stream restarted via set_stream_sources
2026-05-21 02:33:01,572 | INFO | VCPlatform | [6444599625] Stream restarted via set_stream_sources
2026-05-21 02:33:01,979 | INFO | VCPlatform | [6444599625_2] Stream restarted via set_stream_sources
2026-05-21 02:34:33,788 | INFO | VCPlatform | [8015937475] Stream restarted via set_stream_sources
2026-05-21 02:37:02,126 | INFO | VCPlatform | [7535601861_2] Stream restarted via set_stream_sources
2026-05-21 02:37:17,428 | INFO | VCPlatform | [6451644278] Stream restarted via set_stream_sources
2026-05-21 02:39:09,844 | INFO | VCPlatform | [6444599625_4] Stream restarted via set_stream_sources
2026-05-21 02:40:19,670 | INFO | VCPlatform | [6444599625] Stream restarted via set_stream_sources
2026-05-21 02:40:20,083 | INFO | VCPlatform | [6444599625_2] Stream restarted via set_stream_sources
2026-05-21 02:40:56,889 | INFO | VCPlatform | [8015937475] Stream restarted via set_stream_sources
2026-05-21 02:43:21,245 | INFO | VCPlatform | [7535601861_2] Stream restarted via set_stream_sources
2026-05-21 02:46:27,947 | INFO | VCPlatform | [6444599625_4] Stream restarted via set_stream_sources
2026-05-21 02:47:19,991 | INFO | VCPlatform | [8015937475] Stream restarted via set_stream_sources
2026-05-21 02:47:37,774 | INFO | VCPlatform | [6444599625] Stream restarted via set_stream_sources
2026-05-21 02:47:38,186 | INFO | VCPlatform | [6444599625_2] Stream restarted via set_stream_sources
2026-05-21 02:48:35,531 | INFO | VCPlatform | [6451644278] Stream restarted via set_stream_sources
2026-05-21 02:49:04,491 | INFO | VCPlatform | [6444599625] Reminder sent (3 days left)
2026-05-21 02:49:40,345 | INFO | VCPlatform | [7535601861_2] Stream restarted via set_stream_sources
2026-05-21 02:53:43,094 | INFO | VCPlatform | [8015937475] Stream restarted via set_stream_sources
2026-05-21 02:53:46,055 | INFO | VCPlatform | [6444599625_4] Stream restarted via set_stream_sources
2026-05-21 02:54:55,878 | INFO | VCPlatform | [6444599625] Stream restarted via set_stream_sources
2026-05-21 02:54:56,289 | INFO | VCPlatform | [6444599625_2] Stream restarted via set_stream_sources
2026-05-21 02:55:59,447 | INFO | VCPlatform | [7535601861_2] Stream restarted via set_stream_sources
2026-05-21 02:59:53,636 | INFO | VCPlatform | [6451644278] Stream restarted via set_stream_sources
2026-05-21 03:00:06,198 | INFO | VCPlatform | [8015937475] Stream restarted via set_stream_sources
2026-05-21 03:01:04,155 | INFO | VCPlatform | [6444599625_4] Stream restarted via set_stream_sources
2026-05-21 03:02:13,992 | INFO | VCPlatform | [6444599625] Stream restarted via set_stream_sources
2026-05-21 03:02:14,390 | INFO | VCPlatform | [6444599625_2] Stream restarted via set_stream_sources
2026-05-21 03:02:18,549 | INFO | VCPlatform | [7535601861_2] Stream restarted via set_stream_sources
2026-05-21 03:06:29,301 | INFO | VCPlatform | [8015937475] Stream restarted via set_stream_sources
2026-05-21 03:08:22,260 | INFO | VCPlatform | [6444599625_4] Stream restarted via set_stream_sources
2026-05-21 03:08:37,651 | INFO | VCPlatform | [7535601861_2] Stream restarted via set_stream_sources
2026-05-21 03:09:32,094 | INFO | VCPlatform | [6444599625] Stream restarted via set_stream_sources
2026-05-21 03:09:32,492 | INFO | VCPlatform | [6444599625_2] Stream restarted via set_stream_sources
2026-05-21 03:11:11,740 | INFO | VCPlatform | [6451644278] Stream restarted via set_stream_sources
2026-05-21 03:12:52,404 | INFO | VCPlatform | [8015937475] Stream restarted via set_stream_sources
2026-05-21 03:14:56,758 | INFO | VCPlatform | [7535601861_2] Stream restarted via set_stream_sources
2026-05-21 03:15:40,361 | INFO | VCPlatform | [6444599625_4] Stream restarted via set_stream_sources
2026-05-21 03:16:50,196 | INFO | VCPlatform | [6444599625] Stream restarted via set_stream_sources
2026-05-21 03:16:50,595 | INFO | VCPlatform | [6444599625_2] Stream restarted via set_stream_sources
2026-05-21 03:19:15,507 | INFO | VCPlatform | [8015937475] Stream restarted via set_stream_sources
2026-05-21 03:21:15,859 | INFO | VCPlatform | [7535601861_2] Stream restarted via set_stream_sources
2026-05-21 03:22:29,843 | INFO | VCPlatform | [6451644278] Stream restarted via set_stream_sources
2026-05-21 03:22:58,465 | INFO | VCPlatform | [6444599625_4] Stream restarted via set_stream_sources
2026-05-21 03:24:08,300 | INFO | VCPlatform | [6444599625] Stream restarted via set_stream_sources
2026-05-21 03:24:08,697 | INFO | VCPlatform | [6444599625_2] Stream restarted via set_stream_sources
2026-05-21 03:25:38,619 | INFO | VCPlatform | [8015937475] Stream restarted via set_stream_sources
2026-05-21 03:27:34,962 | INFO | VCPlatform | [7535601861_2] Stream restarted via set_stream_sources
2026-05-21 03:30:16,568 | INFO | VCPlatform | [6444599625_4] Stream restarted via set_stream_sources
2026-05-21 03:31:26,403 | INFO | VCPlatform | [6444599625] Stream restarted via set_stream_sources
2026-05-21 03:31:26,799 | INFO | VCPlatform | [6444599625_2] Stream restarted via set_stream_sources
2026-05-21 03:32:01,795 | INFO | VCPlatform | [8015937475] Stream restarted via set_stream_sources
2026-05-21 03:33:47,946 | INFO | VCPlatform | [6451644278] Stream restarted via set_stream_sources
2026-05-21 03:33:54,077 | INFO | VCPlatform | [7535601861_2] Stream restarted via set_stream_sources
2026-05-21 03:37:34,672 | INFO | VCPlatform | [6444599625_4] Stream restarted via set_stream_sources
2026-05-21 03:38:24,894 | INFO | VCPlatform | [8015937475] Stream restarted via set_stream_sources
2026-05-21 03:38:44,505 | INFO | VCPlatform | [6444599625] Stream restarted via set_stream_sources
2026-05-21 03:38:44,900 | INFO | VCPlatform | [6444599625_2] Stream restarted via set_stream_sources
2026-05-21 03:40:13,181 | INFO | VCPlatform | [7535601861_2] Stream restarted via set_stream_sources
2026-05-21 03:44:47,998 | INFO | VCPlatform | [8015937475] Stream restarted via set_stream_sources
2026-05-21 03:44:52,780 | INFO | VCPlatform | [6444599625_4] Stream restarted via set_stream_sources
2026-05-21 03:45:06,064 | INFO | VCPlatform | [6451644278] Stream restarted via set_stream_sources
2026-05-21 03:46:02,706 | INFO | VCPlatform | [6444599625] Stream restarted via set_stream_sources
2026-05-21 03:46:03,029 | INFO | VCPlatform | [6444599625_2] Stream restarted via set_stream_sources
2026-05-21 03:46:32,283 | INFO | VCPlatform | [7535601861_2] Stream restarted via set_stream_sources
2026-05-21 03:51:11,103 | INFO | VCPlatform | [8015937475] Stream restarted via set_stream_sources
2026-05-21 03:52:10,880 | INFO | VCPlatform | [6444599625_4] Stream restarted via set_stream_sources
2026-05-21 03:52:51,385 | INFO | VCPlatform | [7535601861_2] Stream restarted via set_stream_sources
2026-05-21 03:53:20,812 | INFO | VCPlatform | [6444599625] Stream restarted via set_stream_sources
2026-05-21 03:53:21,132 | INFO | VCPlatform | [6444599625_2] Stream restarted via set_stream_sources
2026-05-21 03:56:24,169 | INFO | VCPlatform | [6451644278] Stream restarted via set_stream_sources
2026-05-21 03:57:34,206 | INFO | VCPlatform | [8015937475] Stream restarted via set_stream_sources
2026-05-21 03:59:10,489 | INFO | VCPlatform | [7535601861_2] Stream restarted via set_stream_sources
2026-05-21 03:59:28,983 | INFO | VCPlatform | [6444599625_4] Stream restarted via set_stream_sources
2026-05-21 04:00:38,919 | INFO | VCPlatform | [6444599625] Stream restarted via set_stream_sources
2026-05-21 04:00:39,234 | INFO | VCPlatform | [6444599625_2] Stream restarted via set_stream_sources
2026-05-21 04:03:57,309 | INFO | VCPlatform | [8015937475] Stream restarted via set_stream_sources
2026-05-21 04:05:29,591 | INFO | VCPlatform | [7535601861_2] Stream restarted via set_stream_sources
2026-05-21 04:06:47,089 | INFO | VCPlatform | [6444599625_4] Stream restarted via set_stream_sources
2026-05-21 04:07:42,271 | INFO | VCPlatform | [6451644278] Stream restarted via set_stream_sources
2026-05-21 04:07:57,022 | INFO | VCPlatform | [6444599625] Stream restarted via set_stream_sources
2026-05-21 04:07:57,337 | INFO | VCPlatform | [6444599625_2] Stream restarted via set_stream_sources
2026-05-21 04:10:20,416 | INFO | VCPlatform | [8015937475] Stream restarted via set_stream_sources
2026-05-21 04:11:48,700 | INFO | VCPlatform | [7535601861_2] Stream restarted via set_stream_sources
2026-05-21 04:14:05,192 | INFO | VCPlatform | [6444599625_4] Stream restarted via set_stream_sources
2026-05-21 04:15:15,127 | INFO | VCPlatform | [6444599625] Stream restarted via set_stream_sources
2026-05-21 04:15:15,442 | INFO | VCPlatform | [6444599625_2] Stream restarted via set_stream_sources
2026-05-21 04:16:43,522 | INFO | VCPlatform | [8015937475] Stream restarted via set_stream_sources
2026-05-21 04:18:07,807 | INFO | VCPlatform | [7535601861_2] Stream restarted via set_stream_sources
2026-05-21 04:19:00,413 | INFO | VCPlatform | [6451644278] Stream restarted via set_stream_sources
2026-05-21 04:21:23,299 | INFO | VCPlatform | [6444599625_4] Stream restarted via set_stream_sources
2026-05-21 04:22:33,233 | INFO | VCPlatform | [6444599625] Stream restarted via set_stream_sources
2026-05-21 04:22:33,545 | INFO | VCPlatform | [6444599625_2] Stream restarted via set_stream_sources
2026-05-21 04:23:06,626 | INFO | VCPlatform | [8015937475] Stream restarted via set_stream_sources
2026-05-21 04:23:43,464 | INFO | VCPlatform | [6444599625] Reminder sent (3 days left)
2026-05-21 04:24:26,922 | INFO | VCPlatform | [7535601861_2] Stream restarted via set_stream_sources
2026-05-21 04:28:41,401 | INFO | VCPlatform | [6444599625_4] Stream restarted via set_stream_sources
2026-05-21 04:29:29,729 | INFO | VCPlatform | [8015937475] Stream restarted via set_stream_sources
2026-05-21 04:29:51,341 | INFO | VCPlatform | [6444599625] Stream restarted via set_stream_sources
2026-05-21 04:29:51,658 | INFO | VCPlatform | [6444599625_2] Stream restarted via set_stream_sources
2026-05-21 04:30:18,526 | INFO | VCPlatform | [6451644278] Stream restarted via set_stream_sources
2026-05-21 04:30:46,022 | INFO | VCPlatform | [7535601861_2] Stream restarted via set_stream_sources
2026-05-21 04:35:52,832 | INFO | VCPlatform | [8015937475] Stream restarted via set_stream_sources
2026-05-21 04:35:59,505 | INFO | VCPlatform | [6444599625_4] Stream restarted via set_stream_sources
2026-05-21 04:37:05,125 | INFO | VCPlatform | [7535601861_2] Stream restarted via set_stream_sources
2026-05-21 04:37:09,442 | INFO | VCPlatform | [6444599625] Stream restarted via set_stream_sources
2026-05-21 04:37:09,759 | INFO | VCPlatform | [6444599625_2] Stream restarted via set_stream_sources
2026-05-21 04:41:36,628 | INFO | VCPlatform | [6451644278] Stream restarted via set_stream_sources
2026-05-21 04:42:15,933 | INFO | VCPlatform | [8015937475] Stream restarted via set_stream_sources
2026-05-21 04:43:17,620 | INFO | VCPlatform | [6444599625_4] Stream restarted via set_stream_sources
2026-05-21 04:43:24,229 | INFO | VCPlatform | [7535601861_2] Stream restarted via set_stream_sources
2026-05-21 04:44:27,542 | INFO | VCPlatform | [6444599625] Stream restarted via set_stream_sources
2026-05-21 04:44:27,863 | INFO | VCPlatform | [6444599625_2] Stream restarted via set_stream_sources
2026-05-21 04:48:39,044 | INFO | VCPlatform | [8015937475] Stream restarted via set_stream_sources
2026-05-21 04:49:43,331 | INFO | VCPlatform | [7535601861_2] Stream restarted via set_stream_sources
2026-05-21 04:50:35,733 | INFO | VCPlatform | [6444599625_4] Stream restarted via set_stream_sources
2026-05-21 04:51:45,646 | INFO | VCPlatform | [6444599625] Stream restarted via set_stream_sources
2026-05-21 04:51:45,964 | INFO | VCPlatform | [6444599625_2] Stream restarted via set_stream_sources
2026-05-21 04:52:54,740 | INFO | VCPlatform | [6451644278] Stream restarted via set_stream_sources
2026-05-21 04:55:02,147 | INFO | VCPlatform | [8015937475] Stream restarted via set_stream_sources
2026-05-21 04:56:02,434 | INFO | VCPlatform | [7535601861_2] Stream restarted via set_stream_sources
2026-05-21 04:57:53,836 | INFO | VCPlatform | [6444599625_4] Stream restarted via set_stream_sources
2026-05-21 04:59:03,748 | INFO | VCPlatform | [6444599625] Stream restarted via set_stream_sources
2026-05-21 04:59:04,066 | INFO | VCPlatform | [6444599625_2] Stream restarted via set_stream_sources
2026-05-21 05:01:25,250 | INFO | VCPlatform | [8015937475] Stream restarted via set_stream_sources
2026-05-21 05:02:21,537 | INFO | VCPlatform | [7535601861_2] Stream restarted via set_stream_sources
2026-05-21 05:04:12,848 | INFO | VCPlatform | [6451644278] Stream restarted via set_stream_sources
2026-05-21 05:05:11,943 | INFO | VCPlatform | [6444599625_4] Stream restarted via set_stream_sources
2026-05-21 05:06:21,850 | INFO | VCPlatform | [6444599625] Stream restarted via set_stream_sources
2026-05-21 05:06:22,173 | INFO | VCPlatform | [6444599625_2] Stream restarted via set_stream_sources
2026-05-21 05:07:48,354 | INFO | VCPlatform | [8015937475] Stream restarted via set_stream_sources
2026-05-21 05:08:40,640 | INFO | VCPlatform | [7535601861_2] Stream restarted via set_stream_sources
2026-05-21 05:12:30,046 | INFO | VCPlatform | [6444599625_4] Stream restarted via set_stream_sources
2026-05-21 05:13:39,956 | INFO | VCPlatform | [6444599625] Stream restarted via set_stream_sources
2026-05-21 05:13:40,279 | INFO | VCPlatform | [6444599625_2] Stream restarted via set_stream_sources
2026-05-21 05:14:11,455 | INFO | VCPlatform | [8015937475] Stream restarted via set_stream_sources
2026-05-21 05:14:59,743 | INFO | VCPlatform | [7535601861_2] Stream restarted via set_stream_sources
2026-05-21 05:15:30,949 | INFO | VCPlatform | [6451644278] Stream restarted via set_stream_sources
2026-05-21 05:19:48,150 | INFO | VCPlatform | [6444599625_4] Stream restarted via set_stream_sources
2026-05-21 05:20:34,560 | INFO | VCPlatform | [8015937475] Stream restarted via set_stream_sources
2026-05-21 05:20:58,060 | INFO | VCPlatform | [6444599625] Stream restarted via set_stream_sources
2026-05-21 05:20:58,380 | INFO | VCPlatform | [6444599625_2] Stream restarted via set_stream_sources
2026-05-21 05:21:18,846 | INFO | VCPlatform | [7535601861_2] Stream restarted via set_stream_sources
2026-05-21 05:26:49,052 | INFO | VCPlatform | [6451644278] Stream restarted via set_stream_sources
2026-05-21 05:26:57,660 | INFO | VCPlatform | [8015937475] Stream restarted via set_stream_sources
2026-05-21 05:27:06,251 | INFO | VCPlatform | [6444599625_4] Stream restarted via set_stream_sources
2026-05-21 05:27:37,948 | INFO | VCPlatform | [7535601861_2] Stream restarted via set_stream_sources
2026-05-21 05:28:16,162 | INFO | VCPlatform | [6444599625] Stream restarted via set_stream_sources
2026-05-21 05:28:16,481 | INFO | VCPlatform | [6444599625_2] Stream restarted via set_stream_sources
2026-05-21 05:33:20,765 | INFO | VCPlatform | [8015937475] Stream restarted via set_stream_sources
2026-05-21 05:33:57,051 | INFO | VCPlatform | [7535601861_2] Stream restarted via set_stream_sources
2026-05-21 05:34:24,353 | INFO | VCPlatform | [6444599625_4] Stream restarted via set_stream_sources
2026-05-21 05:35:34,265 | INFO | VCPlatform | [6444599625] Stream restarted via set_stream_sources
2026-05-21 05:35:34,587 | INFO | VCPlatform | [6444599625_2] Stream restarted via set_stream_sources
2026-05-21 05:38:07,154 | INFO | VCPlatform | [6451644278] Stream restarted via set_stream_sources
2026-05-21 05:39:43,867 | INFO | VCPlatform | [8015937475] Stream restarted via set_stream_sources
2026-05-21 05:40:16,153 | INFO | VCPlatform | [7535601861_2] Stream restarted via set_stream_sources
2026-05-21 05:41:42,456 | INFO | VCPlatform | [6444599625_4] Stream restarted via set_stream_sources
2026-05-21 05:42:52,372 | INFO | VCPlatform | [6444599625] Stream restarted via set_stream_sources
2026-05-21 05:42:52,687 | INFO | VCPlatform | [6444599625_2] Stream restarted via set_stream_sources
2026-05-21 05:46:06,970 | INFO | VCPlatform | [8015937475] Stream restarted via set_stream_sources
2026-05-21 05:46:35,255 | INFO | VCPlatform | [7535601861_2] Stream restarted via set_stream_sources
2026-05-21 05:48:16,486 | INFO | VCPlatform | [6444599625] Reminder sent (3 days left)
2026-05-21 05:49:00,562 | INFO | VCPlatform | [6444599625_4] Stream restarted via set_stream_sources
2026-05-21 05:49:25,259 | INFO | VCPlatform | [6451644278] Stream restarted via set_stream_sources
2026-05-21 05:50:10,506 | INFO | VCPlatform | [6444599625] Stream restarted via set_stream_sources
2026-05-21 05:50:10,789 | INFO | VCPlatform | [6444599625_2] Stream restarted via set_stream_sources
2026-05-21 05:52:30,072 | INFO | VCPlatform | [8015937475] Stream restarted via set_stream_sources
2026-05-21 05:52:54,358 | INFO | VCPlatform | [7535601861_2] Stream restarted via set_stream_sources
2026-05-21 05:56:18,666 | INFO | VCPlatform | [6444599625_4] Stream restarted via set_stream_sources
2026-05-21 05:57:28,610 | INFO | VCPlatform | [6444599625] Stream restarted via set_stream_sources
2026-05-21 05:57:28,891 | INFO | VCPlatform | [6444599625_2] Stream restarted via set_stream_sources
2026-05-21 05:58:53,175 | INFO | VCPlatform | [8015937475] Stream restarted via set_stream_sources
2026-05-21 05:59:13,461 | INFO | VCPlatform | [7535601861_2] Stream restarted via set_stream_sources
2026-05-21 06:00:43,366 | INFO | VCPlatform | [6451644278] Stream restarted via set_stream_sources
2026-05-21 06:03:36,770 | INFO | VCPlatform | [6444599625_4] Stream restarted via set_stream_sources
2026-05-21 06:04:46,713 | INFO | VCPlatform | [6444599625] Stream restarted via set_stream_sources
2026-05-21 06:04:47,000 | INFO | VCPlatform | [6444599625_2] Stream restarted via set_stream_sources
2026-05-21 06:05:16,276 | INFO | VCPlatform | [8015937475] Stream restarted via set_stream_sources
2026-05-21 06:05:32,563 | INFO | VCPlatform | [7535601861_2] Stream restarted via set_stream_sources
2026-05-21 06:10:54,873 | INFO | VCPlatform | [6444599625_4] Stream restarted via set_stream_sources
2026-05-21 06:11:39,380 | INFO | VCPlatform | [8015937475] Stream restarted via set_stream_sources
2026-05-21 06:11:51,669 | INFO | VCPlatform | [7535601861_2] Stream restarted via set_stream_sources
2026-05-21 06:12:01,472 | INFO | VCPlatform | [6451644278] Stream restarted via set_stream_sources
2026-05-21 06:12:04,816 | INFO | VCPlatform | [6444599625] Stream restarted via set_stream_sources
2026-05-21 06:12:05,103 | INFO | VCPlatform | [6444599625_2] Stream restarted via set_stream_sources
2026-05-21 06:18:02,485 | INFO | VCPlatform | [8015937475] Stream restarted via set_stream_sources
2026-05-21 06:18:10,770 | INFO | VCPlatform | [7535601861_2] Stream restarted via set_stream_sources
2026-05-21 06:18:12,976 | INFO | VCPlatform | [6444599625_4] Stream restarted via set_stream_sources
2026-05-21 06:19:22,918 | INFO | VCPlatform | [6444599625] Stream restarted via set_stream_sources
2026-05-21 06:19:23,206 | INFO | VCPlatform | [6444599625_2] Stream restarted via set_stream_sources
2026-05-21 06:23:19,574 | INFO | VCPlatform | [6451644278] Stream restarted via set_stream_sources
2026-05-21 06:24:25,592 | INFO | VCPlatform | [8015937475] Stream restarted via set_stream_sources
2026-05-21 06:24:29,878 | INFO | VCPlatform | [7535601861_2] Stream restarted via set_stream_sources
2026-05-21 06:25:31,081 | INFO | VCPlatform | [6444599625_4] Stream restarted via set_stream_sources
2026-05-21 06:26:41,040 | INFO | VCPlatform | [6444599625] Stream restarted via set_stream_sources
2026-05-21 06:26:41,308 | INFO | VCPlatform | [6444599625_2] Stream restarted via set_stream_sources
2026-05-21 06:30:48,695 | INFO | VCPlatform | [8015937475] Stream restarted via set_stream_sources
2026-05-21 06:30:48,980 | INFO | VCPlatform | [7535601861_2] Stream restarted via set_stream_sources
2026-05-21 06:32:49,185 | INFO | VCPlatform | [6444599625_4] Stream restarted via set_stream_sources
2026-05-21 06:33:59,142 | INFO | VCPlatform | [6444599625] Stream restarted via set_stream_sources
2026-05-21 06:33:59,410 | INFO | VCPlatform | [6444599625_2] Stream restarted via set_stream_sources
2026-05-21 06:34:37,676 | INFO | VCPlatform | [6451644278] Stream restarted via set_stream_sources
2026-05-21 06:37:08,082 | INFO | VCPlatform | [7535601861_2] Stream restarted via set_stream_sources
2026-05-21 06:37:11,796 | INFO | VCPlatform | [8015937475] Stream restarted via set_stream_sources
2026-05-21 06:40:07,290 | INFO | VCPlatform | [6444599625_4] Stream restarted via set_stream_sources
2026-05-21 06:41:17,249 | INFO | VCPlatform | [6444599625] Stream restarted via set_stream_sources
2026-05-21 06:41:17,514 | INFO | VCPlatform | [6444599625_2] Stream restarted via set_stream_sources
2026-05-21 06:43:27,185 | INFO | VCPlatform | [7535601861_2] Stream restarted via set_stream_sources
2026-05-21 06:43:34,900 | INFO | VCPlatform | [8015937475] Stream restarted via set_stream_sources
2026-05-21 06:45:55,780 | INFO | VCPlatform | [6451644278] Stream restarted via set_stream_sources
2026-05-21 06:47:25,395 | INFO | VCPlatform | [6444599625_4] Stream restarted via set_stream_sources
2026-05-21 06:48:35,352 | INFO | VCPlatform | [6444599625] Stream restarted via set_stream_sources
2026-05-21 06:48:35,630 | INFO | VCPlatform | [6444599625_2] Stream restarted via set_stream_sources
2026-05-21 06:49:46,291 | INFO | VCPlatform | [7535601861_2] Stream restarted via set_stream_sources
2026-05-21 06:49:58,007 | INFO | VCPlatform | [8015937475] Stream restarted via set_stream_sources
2026-05-21 06:54:43,496 | INFO | VCPlatform | [6444599625_4] Stream restarted via set_stream_sources
2026-05-21 06:55:53,461 | INFO | VCPlatform | [6444599625] Stream restarted via set_stream_sources
2026-05-21 06:55:53,736 | INFO | VCPlatform | [6444599625_2] Stream restarted via set_stream_sources
2026-05-21 06:56:05,397 | INFO | VCPlatform | [7535601861_2] Stream restarted via set_stream_sources
2026-05-21 06:56:21,107 | INFO | VCPlatform | [8015937475] Stream restarted via set_stream_sources
2026-05-21 06:57:13,885 | INFO | VCPlatform | [6451644278] Stream restarted via set_stream_sources
2026-05-21 07:02:01,608 | INFO | VCPlatform | [6444599625_4] Stream restarted via set_stream_sources
2026-05-21 07:02:24,498 | INFO | VCPlatform | [7535601861_2] Stream restarted via set_stream_sources
2026-05-21 07:02:44,211 | INFO | VCPlatform | [8015937475] Stream restarted via set_stream_sources
2026-05-21 07:03:11,563 | INFO | VCPlatform | [6444599625] Stream restarted via set_stream_sources
2026-05-21 07:03:11,840 | INFO | VCPlatform | [6444599625_2] Stream restarted via set_stream_sources
2026-05-21 07:08:31,997 | INFO | VCPlatform | [6451644278] Stream restarted via set_stream_sources
2026-05-21 07:08:43,605 | INFO | VCPlatform | [7535601861_2] Stream restarted via set_stream_sources
2026-05-21 07:09:07,315 | INFO | VCPlatform | [8015937475] Stream restarted via set_stream_sources
2026-05-21 07:09:19,711 | INFO | VCPlatform | [6444599625_4] Stream restarted via set_stream_sources
2026-05-21 07:10:29,667 | INFO | VCPlatform | [6444599625] Stream restarted via set_stream_sources
2026-05-21 07:10:29,955 | INFO | VCPlatform | [6444599625_2] Stream restarted via set_stream_sources
2026-05-21 07:15:02,738 | INFO | VCPlatform | [7535601861_2] Stream restarted via set_stream_sources
2026-05-21 07:15:30,422 | INFO | VCPlatform | [8015937475] Stream restarted via set_stream_sources
2026-05-21 07:16:37,844 | INFO | VCPlatform | [6444599625_4] Stream restarted via set_stream_sources
2026-05-21 07:17:47,786 | INFO | VCPlatform | [6444599625] Stream restarted via set_stream_sources
2026-05-21 07:17:48,056 | INFO | VCPlatform | [6444599625_2] Stream restarted via set_stream_sources
2026-05-21 07:19:50,097 | INFO | VCPlatform | [6451644278] Stream restarted via set_stream_sources
2026-05-21 07:21:21,839 | INFO | VCPlatform | [7535601861_2] Stream restarted via set_stream_sources
2026-05-21 07:21:53,525 | INFO | VCPlatform | [8015937475] Stream restarted via set_stream_sources
2026-05-21 07:23:55,961 | INFO | VCPlatform | [6444599625_4] Stream restarted via set_stream_sources
2026-05-21 07:25:05,905 | INFO | VCPlatform | [6444599625] Stream restarted via set_stream_sources
2026-05-21 07:25:06,164 | INFO | VCPlatform | [6444599625_2] Stream restarted via set_stream_sources
2026-05-21 07:27:40,943 | INFO | VCPlatform | [7535601861_2] Stream restarted via set_stream_sources
2026-05-21 07:28:16,629 | INFO | VCPlatform | [8015937475] Stream restarted via set_stream_sources
2026-05-21 07:31:08,201 | INFO | VCPlatform | [6451644278] Stream restarted via set_stream_sources
2026-05-21 07:31:14,061 | INFO | VCPlatform | [6444599625_4] Stream restarted via set_stream_sources
2026-05-21 07:32:10,517 | INFO | VCPlatform | [6444599625] Reminder sent (3 days left)
2026-05-21 07:32:24,015 | INFO | VCPlatform | [6444599625] Stream restarted via set_stream_sources
2026-05-21 07:32:24,268 | INFO | VCPlatform | [6444599625_2] Stream restarted via set_stream_sources
2026-05-21 07:34:00,068 | INFO | VCPlatform | [7535601861_2] Stream restarted via set_stream_sources
2026-05-21 07:34:39,733 | INFO | VCPlatform | [8015937475] Stream restarted via set_stream_sources
2026-05-21 07:38:32,165 | INFO | VCPlatform | [6444599625_4] Stream restarted via set_stream_sources
2026-05-21 07:39:42,115 | INFO | VCPlatform | [6444599625] Stream restarted via set_stream_sources
2026-05-21 07:39:42,371 | INFO | VCPlatform | [6444599625_2] Stream restarted via set_stream_sources
2026-05-21 07:40:19,170 | INFO | VCPlatform | [7535601861_2] Stream restarted via set_stream_sources
2026-05-21 07:41:02,840 | INFO | VCPlatform | [8015937475] Stream restarted via set_stream_sources
2026-05-21 07:42:26,315 | INFO | VCPlatform | [6451644278] Stream restarted via set_stream_sources
2026-05-21 07:45:50,269 | INFO | VCPlatform | [6444599625_4] Stream restarted via set_stream_sources
2026-05-21 07:46:38,271 | INFO | VCPlatform | [7535601861_2] Stream restarted via set_stream_sources
2026-05-21 07:47:00,220 | INFO | VCPlatform | [6444599625] Stream restarted via set_stream_sources
2026-05-21 07:47:00,475 | INFO | VCPlatform | [6444599625_2] Stream restarted via set_stream_sources
2026-05-21 07:47:25,944 | INFO | VCPlatform | [8015937475] Stream restarted via set_stream_sources
2026-05-21 07:49:57,818 | WARNING | asyncio | socket.send() raised exception.
2026-05-21 07:50:07,489 | WARNING | asyncio | socket.send() raised exception.
2026-05-21 07:50:07,489 | WARNING | asyncio | socket.send() raised exception.
2026-05-21 07:50:08,549 | WARNING | asyncio | socket.send() raised exception.
2026-05-21 07:50:08,557 | WARNING | asyncio | socket.send() raised exception.
2026-05-21 07:50:08,560 | WARNING | asyncio | socket.send() raised exception.
2026-05-21 07:50:09,384 | WARNING | asyncio | socket.send() raised exception.
2026-05-21 07:50:09,929 | WARNING | asyncio | socket.send() raised exception.
2026-05-21 07:50:09,931 | WARNING | asyncio | socket.send() raised exception.
2026-05-21 07:50:10,416 | WARNING | asyncio | socket.send() raised exception.
2026-05-21 07:50:10,417 | WARNING | asyncio | socket.send() raised exception.
2026-05-21 07:50:10,723 | WARNING | asyncio | socket.send() raised exception.
2026-05-21 07:50:13,210 | WARNING | asyncio | socket.send() raised exception.
2026-05-21 07:50:13,220 | WARNING | asyncio | socket.send() raised exception.
2026-05-21 07:50:13,221 | WARNING | asyncio | socket.send() raised exception.
2026-05-21 07:50:15,043 | WARNING | asyncio | socket.send() raised exception.
2026-05-21 07:50:15,045 | WARNING | asyncio | socket.send() raised exception.
2026-05-21 07:50:15,993 | WARNING | asyncio | socket.send() raised exception.
2026-05-21 07:50:15,994 | WARNING | asyncio | socket.send() raised exception.
2026-05-21 07:50:15,995 | WARNING | asyncio | socket.send() raised exception.
2026-05-21 07:50:17,696 | WARNING | asyncio | socket.send() raised exception.
2026-05-21 07:50:17,698 | WARNING | asyncio | socket.send() raised exception.
2026-05-21 07:50:18,568 | WARNING | asyncio | socket.send() raised exception.
2026-05-21 07:50:18,569 | WARNING | asyncio | socket.send() raised exception.
2026-05-21 07:50:18,569 | WARNING | asyncio | socket.send() raised exception.
2026-05-21 07:50:18,570 | WARNING | asyncio | socket.send() raised exception.
2026-05-21 07:50:19,499 | WARNING | asyncio | socket.send() raised exception.
2026-05-21 07:50:19,500 | WARNING | asyncio | socket.send() raised exception.
2026-05-21 07:50:19,500 | WARNING | asyncio | socket.send() raised exception.
2026-05-21 07:50:19,500 | WARNING | asyncio | socket.send() raised exception.
2026-05-21 07:50:19,500 | WARNING | asyncio | socket.send() raised exception.
2026-05-21 07:50:20,325 | WARNING | asyncio | socket.send() raised exception.
2026-05-21 07:50:20,327 | WARNING | asyncio | socket.send() raised exception.
2026-05-21 07:50:20,338 | WARNING | asyncio | socket.send() raised exception.
2026-05-21 07:50:20,339 | WARNING | asyncio | socket.send() raised exception.
2026-05-21 07:50:20,340 | WARNING | asyncio | socket.send() raised exception.
2026-05-21 07:50:22,537 | WARNING | asyncio | socket.send() raised exception.
2026-05-21 07:50:22,539 | WARNING | asyncio | socket.send() raised exception.
2026-05-21 07:50:22,539 | WARNING | asyncio | socket.send() raised exception.
2026-05-21 07:50:22,540 | WARNING | asyncio | socket.send() raised exception.
2026-05-21 07:50:22,540 | WARNING | asyncio | socket.send() raised exception.
2026-05-21 07:50:22,540 | WARNING | asyncio | socket.send() raised exception.
2026-05-21 07:50:23,186 | WARNING | asyncio | socket.send() raised exception.
2026-05-21 07:50:24,769 | WARNING | asyncio | socket.send() raised exception.
2026-05-21 07:50:24,769 | WARNING | asyncio | socket.send() raised exception.
2026-05-21 07:50:24,773 | WARNING | asyncio | socket.send() raised exception.
2026-05-21 07:50:24,852 | WARNING | asyncio | socket.send() raised exception.
2026-05-21 07:50:24,852 | WARNING | asyncio | socket.send() raised exception.
2026-05-21 07:50:24,852 | WARNING | asyncio | socket.send() raised exception.
2026-05-21 07:50:24,852 | WARNING | asyncio | socket.send() raised exception.
2026-05-21 07:50:28,087 | WARNING | asyncio | socket.send() raised exception.
2026-05-21 07:50:28,093 | WARNING | asyncio | socket.send() raised exception.
2026-05-21 07:50:28,094 | WARNING | asyncio | socket.send() raised exception.
2026-05-21 07:50:28,094 | WARNING | asyncio | socket.send() raised exception.
2026-05-21 07:50:28,095 | WARNING | asyncio | socket.send() raised exception.
2026-05-21 07:50:28,629 | WARNING | asyncio | socket.send() raised exception.
2026-05-21 07:50:28,831 | WARNING | asyncio | socket.send() raised exception.
2026-05-21 07:50:28,832 | WARNING | asyncio | socket.send() raised exception.
2026-05-21 07:50:28,834 | WARNING | asyncio | socket.send() raised exception.
2026-05-21 07:50:28,834 | WARNING | asyncio | socket.send() raised exception.
2026-05-21 07:51:12,395 | WARNING | asyncio | socket.send() raised exception.
2026-05-21 07:51:12,649 | WARNING | asyncio | socket.send() raised exception.
2026-05-21 07:51:13,169 | WARNING | asyncio | socket.send() raised exception.
2026-05-21 07:51:14,032 | WARNING | asyncio | socket.send() raised exception.
2026-05-21 07:51:14,798 | WARNING | asyncio | socket.send() raised exception.
2026-05-21 07:51:15,701 | WARNING | asyncio | socket.send() raised exception.
2026-05-21 07:52:57,384 | INFO | VCPlatform | [7535601861_2] Stream restarted via set_stream_sources
2026-05-21 07:53:08,372 | INFO | VCPlatform | [6444599625_4] Stream restarted via set_stream_sources
2026-05-21 07:53:44,417 | INFO | VCPlatform | [6451644278] Stream restarted via set_stream_sources
2026-05-21 07:53:49,054 | INFO | VCPlatform | [8015937475] Stream restarted via set_stream_sources
2026-05-21 07:54:18,342 | INFO | VCPlatform | [6444599625] Stream restarted via set_stream_sources
2026-05-21 07:54:18,586 | INFO | VCPlatform | [6444599625_2] Stream restarted via set_stream_sources
2026-05-21 07:59:16,538 | INFO | VCPlatform | [7535601861_2] Stream restarted via set_stream_sources
2026-05-21 08:00:12,191 | INFO | VCPlatform | [8015937475] Stream restarted via set_stream_sources
2026-05-21 08:00:26,502 | INFO | VCPlatform | [6444599625_4] Stream restarted via set_stream_sources
2026-05-21 08:01:36,504 | INFO | VCPlatform | [6444599625] Stream restarted via set_stream_sources
2026-05-21 08:01:36,688 | INFO | VCPlatform | [6444599625_2] Stream restarted via set_stream_sources
2026-05-21 08:05:03,409 | INFO | VCPlatform | [6451644278] Stream restarted via set_stream_sources
2026-05-21 08:05:35,641 | INFO | VCPlatform | [7535601861_2] Stream restarted via set_stream_sources
2026-05-21 08:06:35,301 | INFO | VCPlatform | [8015937475] Stream restarted via set_stream_sources
2026-05-21 08:07:44,615 | INFO | VCPlatform | [6444599625_4] Stream restarted via set_stream_sources
2026-05-21 08:08:54,603 | INFO | VCPlatform | [6444599625] Stream restarted via set_stream_sources
2026-05-21 08:08:54,803 | INFO | VCPlatform | [6444599625_2] Stream restarted via set_stream_sources
2026-05-21 08:11:54,754 | INFO | VCPlatform | [7535601861_2] Stream restarted via set_stream_sources
2026-05-21 08:12:58,404 | INFO | VCPlatform | [8015937475] Stream restarted via set_stream_sources
2026-05-21 08:15:02,743 | INFO | VCPlatform | [6444599625_4] Stream restarted via set_stream_sources
2026-05-21 08:16:12,712 | INFO | VCPlatform | [6444599625] Stream restarted via set_stream_sources
2026-05-21 08:16:12,907 | INFO | VCPlatform | [6444599625_2] Stream restarted via set_stream_sources
2026-05-21 08:16:21,464 | INFO | VCPlatform | [6451644278] Stream restarted via set_stream_sources
2026-05-21 08:18:13,857 | INFO | VCPlatform | [7535601861_2] Stream restarted via set_stream_sources
2026-05-21 08:19:21,509 | INFO | VCPlatform | [8015937475] Stream restarted via set_stream_sources
2026-05-21 08:22:20,920 | INFO | VCPlatform | [6444599625_4] Stream restarted via set_stream_sources
2026-05-21 08:23:30,816 | INFO | VCPlatform | [6444599625] Stream restarted via set_stream_sources
2026-05-21 08:23:31,011 | INFO | VCPlatform | [6444599625_2] Stream restarted via set_stream_sources
2026-05-21 08:24:32,971 | INFO | VCPlatform | [7535601861_2] Stream restarted via set_stream_sources
2026-05-21 08:25:44,670 | INFO | VCPlatform | [8015937475] Stream restarted via set_stream_sources
2026-05-21 08:26:43,190 | INFO | VCPlatform | [6444599625_3] VC STARTED (push update) in https://t.me/+hnGoxIQ1wj83NGVl — joining immediately...
2026-05-21 08:26:47,408 | WARNING | pyrogram.session.session | [+16624828164] Waiting for 3 seconds before continuing (required by "phone.JoinGroupCall")
2026-05-21 08:26:51,030 | INFO | VCPlatform | [6444599625_3] NTG: ConnectionState.CONNECTING
2026-05-21 08:26:51,038 | INFO | VCPlatform | [6444599625_3] Joined VC in chat -1002408551846
2026-05-21 08:26:51,038 | INFO | VCPlatform | [6444599625_3] Joined VC via push update in https://t.me/+hnGoxIQ1wj83NGVl
2026-05-21 08:26:51,365 | INFO | VCPlatform | [6444599625_3] NTG: ConnectionState.CONNECTED
2026-05-21 08:27:39,568 | INFO | VCPlatform | [6451644278] Stream restarted via set_stream_sources
2026-05-21 08:27:44,285 | INFO | VCPlatform | [6444599625_3] VC ENDED (push update) in https://t.me/+hnGoxIQ1wj83NGVl
2026-05-21 08:29:38,994 | INFO | VCPlatform | [6444599625_4] Stream restarted via set_stream_sources
2026-05-21 08:30:48,920 | INFO | VCPlatform | [6444599625] Stream restarted via set_stream_sources
2026-05-21 08:30:49,115 | INFO | VCPlatform | [6444599625_2] Stream restarted via set_stream_sources
2026-05-21 08:30:52,109 | INFO | VCPlatform | [7535601861_2] Stream restarted via set_stream_sources
2026-05-21 08:32:07,818 | INFO | VCPlatform | [8015937475] Stream restarted via set_stream_sources
2026-05-21 08:36:57,102 | INFO | VCPlatform | [6444599625_4] Stream restarted via set_stream_sources
2026-05-21 08:37:11,208 | INFO | VCPlatform | [7535601861_2] Stream restarted via set_stream_sources
2026-05-21 08:38:07,024 | INFO | VCPlatform | [6444599625] Stream restarted via set_stream_sources
2026-05-21 08:38:07,217 | INFO | VCPlatform | [6444599625_2] Stream restarted via set_stream_sources
2026-05-21 08:38:30,918 | INFO | VCPlatform | [8015937475] Stream restarted via set_stream_sources
2026-05-21 08:38:57,668 | INFO | VCPlatform | [6451644278] Stream restarted via set_stream_sources
2026-05-21 08:43:30,321 | INFO | VCPlatform | [7535601861_2] Stream restarted via set_stream_sources
2026-05-21 08:44:15,205 | INFO | VCPlatform | [6444599625_4] Stream restarted via set_stream_sources
2026-05-21 08:44:54,034 | INFO | VCPlatform | [8015937475] Stream restarted via set_stream_sources
2026-05-21 08:45:25,130 | INFO | VCPlatform | [6444599625] Stream restarted via set_stream_sources
2026-05-21 08:45:25,320 | INFO | VCPlatform | [6444599625_2] Stream restarted via set_stream_sources
2026-05-21 08:49:49,427 | INFO | VCPlatform | [7535601861_2] Stream restarted via set_stream_sources
2026-05-21 08:50:15,770 | INFO | VCPlatform | [6451644278] Stream restarted via set_stream_sources
2026-05-21 08:51:17,136 | INFO | VCPlatform | [8015937475] Stream restarted via set_stream_sources
2026-05-21 08:51:33,306 | INFO | VCPlatform | [6444599625_4] Stream restarted via set_stream_sources
2026-05-21 08:52:43,232 | INFO | VCPlatform | [6444599625] Stream restarted via set_stream_sources
2026-05-21 08:52:43,425 | INFO | VCPlatform | [6444599625_2] Stream restarted via set_stream_sources
2026-05-21 08:56:08,614 | INFO | VCPlatform | [7535601861_2] Stream restarted via set_stream_sources
2026-05-21 08:57:40,239 | INFO | VCPlatform | [8015937475] Stream restarted via set_stream_sources
2026-05-21 08:58:51,410 | INFO | VCPlatform | [6444599625_4] Stream restarted via set_stream_sources
2026-05-21 09:00:01,401 | INFO | VCPlatform | [6444599625] Stream restarted via set_stream_sources
2026-05-21 09:00:01,834 | INFO | VCPlatform | [6444599625_2] Stream restarted via set_stream_sources
2026-05-21 09:01:33,876 | INFO | VCPlatform | [6451644278] Stream restarted via set_stream_sources
2026-05-21 09:02:27,652 | INFO | VCPlatform | [7535601861_2] Stream restarted via set_stream_sources
2026-05-21 09:04:03,343 | INFO | VCPlatform | [8015937475] Stream restarted via set_stream_sources
2026-05-21 09:06:09,513 | INFO | VCPlatform | [6444599625_4] Stream restarted via set_stream_sources
2026-05-21 09:07:19,527 | INFO | VCPlatform | [6444599625] Stream restarted via set_stream_sources
2026-05-21 09:07:19,937 | INFO | VCPlatform | [6444599625_2] Stream restarted via set_stream_sources
2026-05-21 09:08:46,751 | INFO | VCPlatform | [7535601861_2] Stream restarted via set_stream_sources
2026-05-21 09:10:26,446 | INFO | VCPlatform | [8015937475] Stream restarted via set_stream_sources
2026-05-21 09:12:51,979 | INFO | VCPlatform | [6451644278] Stream restarted via set_stream_sources
2026-05-21 09:13:27,618 | INFO | VCPlatform | [6444599625_4] Stream restarted via set_stream_sources
2026-05-21 09:14:37,640 | INFO | VCPlatform | [6444599625] Stream restarted via set_stream_sources
2026-05-21 09:14:38,038 | INFO | VCPlatform | [6444599625_2] Stream restarted via set_stream_sources
2026-05-21 09:15:05,948 | INFO | VCPlatform | [7535601861_2] Stream restarted via set_stream_sources
2026-05-21 09:16:49,552 | INFO | VCPlatform | [8015937475] Stream restarted via set_stream_sources
2026-05-21 09:20:45,721 | INFO | VCPlatform | [6444599625_4] Stream restarted via set_stream_sources
2026-05-21 09:21:25,044 | INFO | VCPlatform | [7535601861_2] Stream restarted via set_stream_sources
2026-05-21 09:21:55,760 | INFO | VCPlatform | [6444599625] Stream restarted via set_stream_sources
2026-05-21 09:21:56,140 | INFO | VCPlatform | [6444599625_2] Stream restarted via set_stream_sources
2026-05-21 09:23:12,657 | INFO | VCPlatform | [8015937475] Stream restarted via set_stream_sources
2026-05-21 09:24:10,082 | INFO | VCPlatform | [6451644278] Stream restarted via set_stream_sources
2026-05-21 09:27:44,154 | INFO | VCPlatform | [7535601861_2] Stream restarted via set_stream_sources
2026-05-21 09:28:03,857 | INFO | VCPlatform | [6444599625_4] Stream restarted via set_stream_sources
2026-05-21 09:29:13,863 | INFO | VCPlatform | [6444599625] Stream restarted via set_stream_sources
2026-05-21 09:29:14,245 | INFO | VCPlatform | [6444599625_2] Stream restarted via set_stream_sources
2026-05-21 09:29:35,771 | INFO | VCPlatform | [8015937475] Stream restarted via set_stream_sources
2026-05-21 09:34:03,258 | INFO | VCPlatform | [7535601861_2] Stream restarted via set_stream_sources
2026-05-21 09:35:21,943 | INFO | VCPlatform | [6444599625_4] Stream restarted via set_stream_sources
2026-05-21 09:35:28,188 | INFO | VCPlatform | [6451644278] Stream restarted via set_stream_sources
2026-05-21 09:35:58,871 | INFO | VCPlatform | [8015937475] Stream restarted via set_stream_sources
2026-05-21 09:36:31,965 | INFO | VCPlatform | [6444599625] Stream restarted via set_stream_sources
2026-05-21 09:36:32,347 | INFO | VCPlatform | [6444599625_2] Stream restarted via set_stream_sources
2026-05-21 09:40:22,360 | INFO | VCPlatform | [7535601861_2] Stream restarted via set_stream_sources
2026-05-21 09:42:21,978 | INFO | VCPlatform | [8015937475] Stream restarted via set_stream_sources
2026-05-21 09:42:40,043 | INFO | VCPlatform | [6444599625_4] Stream restarted via set_stream_sources
2026-05-21 09:43:50,066 | INFO | VCPlatform | [6444599625] Stream restarted via set_stream_sources
2026-05-21 09:43:50,449 | INFO | VCPlatform | [6444599625_2] Stream restarted via set_stream_sources
2026-05-21 09:46:41,463 | INFO | VCPlatform | [7535601861_2] Stream restarted via set_stream_sources
2026-05-21 09:46:46,286 | INFO | VCPlatform | [6451644278] Stream restarted via set_stream_sources
2026-05-21 09:48:45,081 | INFO | VCPlatform | [8015937475] Stream restarted via set_stream_sources
2026-05-21 09:49:58,152 | INFO | VCPlatform | [6444599625_4] Stream restarted via set_stream_sources
2026-05-21 09:51:08,168 | INFO | VCPlatform | [6444599625] Stream restarted via set_stream_sources
2026-05-21 09:51:08,552 | INFO | VCPlatform | [6444599625_2] Stream restarted via set_stream_sources
2026-05-21 09:53:00,566 | INFO | VCPlatform | [7535601861_2] Stream restarted via set_stream_sources
2026-05-21 09:55:08,187 | INFO | VCPlatform | [8015937475] Stream restarted via set_stream_sources
2026-05-21 09:57:16,256 | INFO | VCPlatform | [6444599625_4] Stream restarted via set_stream_sources
2026-05-21 09:58:04,393 | INFO | VCPlatform | [6451644278] Stream restarted via set_stream_sources
2026-05-21 09:58:26,289 | INFO | VCPlatform | [6444599625] Stream restarted via set_stream_sources
2026-05-21 09:58:26,656 | INFO | VCPlatform | [6444599625_2] Stream restarted via set_stream_sources
2026-05-21 09:59:19,669 | INFO | VCPlatform | [7535601861_2] Stream restarted via set_stream_sources
2026-05-21 10:01:31,291 | INFO | VCPlatform | [8015937475] Stream restarted via set_stream_sources
2026-05-21 10:04:34,360 | INFO | VCPlatform | [6444599625_4] Stream restarted via set_stream_sources
2026-05-21 10:05:38,774 | INFO | VCPlatform | [7535601861_2] Stream restarted via set_stream_sources
2026-05-21 10:05:44,393 | INFO | VCPlatform | [6444599625] Stream restarted via set_stream_sources
2026-05-21 10:05:44,756 | INFO | VCPlatform | [6444599625_2] Stream restarted via set_stream_sources
2026-05-21 10:07:54,393 | INFO | VCPlatform | [8015937475] Stream restarted via set_stream_sources
2026-05-21 10:09:22,496 | INFO | VCPlatform | [6451644278] Stream restarted via set_stream_sources
2026-05-21 10:11:52,470 | INFO | VCPlatform | [6444599625_4] Stream restarted via set_stream_sources
2026-05-21 10:11:57,875 | INFO | VCPlatform | [7535601861_2] Stream restarted via set_stream_sources
2026-05-21 10:13:02,497 | INFO | VCPlatform | [6444599625] Stream restarted via set_stream_sources
2026-05-21 10:13:02,866 | INFO | VCPlatform | [6444599625_2] Stream restarted via set_stream_sources
2026-05-21 10:14:17,500 | INFO | VCPlatform | [8015937475] Stream restarted via set_stream_sources
2026-05-21 10:17:35,365 | INFO | VCPlatform | [6444599625_3] VC STARTED (push update) in https://t.me/+hnGoxIQ1wj83NGVl — joining immediately...
2026-05-21 10:17:38,382 | WARNING | pyrogram.session.session | [+16624828164] Waiting for 3 seconds before continuing (required by "phone.JoinGroupCall")
2026-05-21 10:17:41,850 | WARNING | pyrogram.session.session | [+16624828164] Waiting for 3 seconds before continuing (required by "phone.JoinGroupCall")
2026-05-21 10:17:45,480 | INFO | VCPlatform | [6444599625_3] NTG: ConnectionState.CONNECTING
2026-05-21 10:17:45,486 | INFO | VCPlatform | [6444599625_3] Joined VC in chat -1002408551846
2026-05-21 10:17:45,486 | INFO | VCPlatform | [6444599625_3] Joined VC via push update in https://t.me/+hnGoxIQ1wj83NGVl
2026-05-21 10:17:45,870 | INFO | VCPlatform | [6444599625_3] NTG: ConnectionState.CONNECTED
2026-05-21 10:18:16,977 | INFO | VCPlatform | [7535601861_2] Stream restarted via set_stream_sources
2026-05-21 10:19:10,571 | INFO | VCPlatform | [6444599625_4] Stream restarted via set_stream_sources
2026-05-21 10:19:34,070 | INFO | VCPlatform | [6444599625_3] VC ENDED (push update) in https://t.me/+hnGoxIQ1wj83NGVl
2026-05-21 10:19:37,611 | INFO | VCPlatform | [6444599625_3] VC STARTED (push update) in https://t.me/+hnGoxIQ1wj83NGVl — joining immediately...
2026-05-21 10:19:39,313 | INFO | VCPlatform | [6444599625_3] NTG: ConnectionState.CONNECTING
2026-05-21 10:19:39,315 | INFO | VCPlatform | [6444599625_3] Joined VC in chat -1002408551846
2026-05-21 10:19:39,315 | INFO | VCPlatform | [6444599625_3] Joined VC via push update in https://t.me/+hnGoxIQ1wj83NGVl
2026-05-21 10:19:39,692 | INFO | VCPlatform | [6444599625_3] NTG: ConnectionState.CONNECTED
2026-05-21 10:20:20,599 | INFO | VCPlatform | [6444599625] Stream restarted via set_stream_sources
2026-05-21 10:20:20,966 | INFO | VCPlatform | [6444599625_2] Stream restarted via set_stream_sources
2026-05-21 10:20:40,602 | INFO | VCPlatform | [8015937475] Stream restarted via set_stream_sources
2026-05-21 10:20:40,604 | INFO | VCPlatform | [6451644278] Stream restarted via set_stream_sources
2026-05-21 10:24:36,081 | INFO | VCPlatform | [7535601861_2] Stream restarted via set_stream_sources
2026-05-21 10:26:28,679 | INFO | VCPlatform | [6444599625_4] Stream restarted via set_stream_sources
2026-05-21 10:26:57,418 | INFO | VCPlatform | [6444599625_3] Stream restarted via set_stream_sources
2026-05-21 10:27:03,706 | INFO | VCPlatform | [8015937475] Stream restarted via set_stream_sources
2026-05-21 10:27:38,701 | INFO | VCPlatform | [6444599625] Stream restarted via set_stream_sources
2026-05-21 10:27:39,068 | INFO | VCPlatform | [6444599625_2] Stream restarted via set_stream_sources
2026-05-21 10:30:55,185 | INFO | VCPlatform | [7535601861_2] Stream restarted via set_stream_sources
2026-05-21 10:31:58,707 | INFO | VCPlatform | [6451644278] Stream restarted via set_stream_sources
2026-05-21 10:33:26,809 | INFO | VCPlatform | [8015937475] Stream restarted via set_stream_sources
2026-05-21 10:33:46,778 | INFO | VCPlatform | [6444599625_4] Stream restarted via set_stream_sources
2026-05-21 10:34:15,523 | INFO | VCPlatform | [6444599625_3] Stream restarted via set_stream_sources
2026-05-21 10:34:56,803 | INFO | VCPlatform | [6444599625] Stream restarted via set_stream_sources
2026-05-21 10:34:57,171 | INFO | VCPlatform | [6444599625_2] Stream restarted via set_stream_sources
2026-05-21 10:37:14,288 | INFO | VCPlatform | [7535601861_2] Stream restarted via set_stream_sources
2026-05-21 10:39:49,912 | INFO | VCPlatform | [8015937475] Stream restarted via set_stream_sources
2026-05-21 10:41:04,883 | INFO | VCPlatform | [6444599625_4] Stream restarted via set_stream_sources
2026-05-21 10:41:33,628 | INFO | VCPlatform | [6444599625_3] Stream restarted via set_stream_sources
2026-05-21 10:42:14,907 | INFO | VCPlatform | [6444599625] Stream restarted via set_stream_sources
2026-05-21 10:42:15,274 | INFO | VCPlatform | [6444599625_2] Stream restarted via set_stream_sources
2026-05-21 10:43:16,811 | INFO | VCPlatform | [6451644278] Stream restarted via set_stream_sources
2026-05-21 10:43:33,390 | INFO | VCPlatform | [7535601861_2] Stream restarted via set_stream_sources
2026-05-21 10:46:13,016 | INFO | VCPlatform | [8015937475] Stream restarted via set_stream_sources
2026-05-21 10:48:22,986 | INFO | VCPlatform | [6444599625_4] Stream restarted via set_stream_sources
2026-05-21 10:48:51,731 | INFO | VCPlatform | [6444599625_3] Stream restarted via set_stream_sources
2026-05-21 10:49:33,013 | INFO | VCPlatform | [6444599625] Stream restarted via set_stream_sources
2026-05-21 10:49:33,374 | INFO | VCPlatform | [6444599625_2] Stream restarted via set_stream_sources
2026-05-21 10:49:52,492 | INFO | VCPlatform | [7535601861_2] Stream restarted via set_stream_sources
2026-05-21 10:52:36,119 | INFO | VCPlatform | [8015937475] Stream restarted via set_stream_sources
2026-05-21 10:54:34,913 | INFO | VCPlatform | [6451644278] Stream restarted via set_stream_sources
2026-05-21 10:55:41,088 | INFO | VCPlatform | [6444599625_4] Stream restarted via set_stream_sources
2026-05-21 10:56:09,834 | INFO | VCPlatform | [6444599625_3] Stream restarted via set_stream_sources
2026-05-21 10:56:11,594 | INFO | VCPlatform | [7535601861_2] Stream restarted via set_stream_sources
2026-05-21 10:56:51,114 | INFO | VCPlatform | [6444599625] Stream restarted via set_stream_sources
2026-05-21 10:56:51,476 | INFO | VCPlatform | [6444599625_2] Stream restarted via set_stream_sources
2026-05-21 10:58:59,227 | INFO | VCPlatform | [8015937475] Stream restarted via set_stream_sources
2026-05-21 11:02:30,735 | INFO | VCPlatform | [7535601861_2] Stream restarted via set_stream_sources
2026-05-21 11:02:59,192 | INFO | VCPlatform | [6444599625_4] Stream restarted via set_stream_sources
2026-05-21 11:03:27,968 | INFO | VCPlatform | [6444599625_3] Stream restarted via set_stream_sources
2026-05-21 11:04:09,216 | INFO | VCPlatform | [6444599625] Stream restarted via set_stream_sources
2026-05-21 11:04:09,580 | INFO | VCPlatform | [6444599625_2] Stream restarted via set_stream_sources
2026-05-21 11:05:22,331 | INFO | VCPlatform | [8015937475] Stream restarted via set_stream_sources
2026-05-21 11:05:53,014 | INFO | VCPlatform | [6451644278] Stream restarted via set_stream_sources
2026-05-21 11:08:49,838 | INFO | VCPlatform | [7535601861_2] Stream restarted via set_stream_sources
2026-05-21 11:10:17,293 | INFO | VCPlatform | [6444599625_4] Stream restarted via set_stream_sources
2026-05-21 11:10:46,070 | INFO | VCPlatform | [6444599625_3] Stream restarted via set_stream_sources
2026-05-21 11:11:27,320 | INFO | VCPlatform | [6444599625] Stream restarted via set_stream_sources
2026-05-21 11:11:27,683 | INFO | VCPlatform | [6444599625_2] Stream restarted via set_stream_sources
2026-05-21 11:11:45,435 | INFO | VCPlatform | [8015937475] Stream restarted via set_stream_sources
2026-05-21 11:15:08,943 | INFO | VCPlatform | [7535601861_2] Stream restarted via set_stream_sources
2026-05-21 11:17:11,153 | INFO | VCPlatform | [6451644278] Stream restarted via set_stream_sources
2026-05-21 11:17:35,400 | INFO | VCPlatform | [6444599625_4] Stream restarted via set_stream_sources
2026-05-21 11:18:04,201 | INFO | VCPlatform | [6444599625_3] Stream restarted via set_stream_sources
2026-05-21 11:18:08,540 | INFO | VCPlatform | [8015937475] Stream restarted via set_stream_sources
2026-05-21 11:18:45,462 | INFO | VCPlatform | [6444599625] Stream restarted via set_stream_sources
2026-05-21 11:18:45,789 | INFO | VCPlatform | [6444599625_2] Stream restarted via set_stream_sources
2026-05-21 11:21:28,044 | INFO | VCPlatform | [7535601861_2] Stream restarted via set_stream_sources
2026-05-21 11:24:31,643 | INFO | VCPlatform | [8015937475] Stream restarted via set_stream_sources
2026-05-21 11:24:53,503 | INFO | VCPlatform | [6444599625_4] Stream restarted via set_stream_sources
2026-05-21 11:25:22,297 | INFO | VCPlatform | [6444599625_3] Stream restarted via set_stream_sources
2026-05-21 11:26:03,556 | INFO | VCPlatform | [6444599625] Stream restarted via set_stream_sources
2026-05-21 11:26:03,894 | INFO | VCPlatform | [6444599625_2] Stream restarted via set_stream_sources
2026-05-21 11:27:47,148 | INFO | VCPlatform | [7535601861_2] Stream restarted via set_stream_sources
2026-05-21 11:28:29,257 | INFO | VCPlatform | [6451644278] Stream restarted via set_stream_sources
2026-05-21 11:30:54,745 | INFO | VCPlatform | [8015937475] Stream restarted via set_stream_sources
2026-05-21 11:32:11,606 | INFO | VCPlatform | [6444599625_4] Stream restarted via set_stream_sources
2026-05-21 11:32:40,399 | INFO | VCPlatform | [6444599625_3] Stream restarted via set_stream_sources
2026-05-21 11:33:21,657 | INFO | VCPlatform | [6444599625] Stream restarted via set_stream_sources
2026-05-21 11:33:21,996 | INFO | VCPlatform | [6444599625_2] Stream restarted via set_stream_sources
2026-05-21 11:34:06,421 | INFO | VCPlatform | [7535601861_2] Stream restarted via set_stream_sources
2026-05-21 11:37:17,848 | INFO | VCPlatform | [8015937475] Stream restarted via set_stream_sources
2026-05-21 11:39:29,743 | INFO | VCPlatform | [6444599625_4] Stream restarted via set_stream_sources
2026-05-21 11:39:47,360 | INFO | VCPlatform | [6451644278] Stream restarted via set_stream_sources
2026-05-21 11:39:58,500 | INFO | VCPlatform | [6444599625_3] Stream restarted via set_stream_sources
2026-05-21 11:40:25,497 | INFO | VCPlatform | [7535601861_2] Stream restarted via set_stream_sources
2026-05-21 11:40:39,760 | INFO | VCPlatform | [6444599625] Stream restarted via set_stream_sources
2026-05-21 11:40:40,112 | INFO | VCPlatform | [6444599625_2] Stream restarted via set_stream_sources
2026-05-21 11:43:40,952 | INFO | VCPlatform | [8015937475] Stream restarted via set_stream_sources
2026-05-21 11:46:44,601 | INFO | VCPlatform | [7535601861_2] Stream restarted via set_stream_sources
2026-05-21 11:46:47,837 | INFO | VCPlatform | [6444599625_4] Stream restarted via set_stream_sources
2026-05-21 11:47:16,605 | INFO | VCPlatform | [6444599625_3] Stream restarted via set_stream_sources
2026-05-21 11:47:57,861 | INFO | VCPlatform | [6444599625] Stream restarted via set_stream_sources
2026-05-21 11:47:58,214 | INFO | VCPlatform | [6444599625_2] Stream restarted via set_stream_sources
2026-05-21 11:50:04,937 | INFO | VCPlatform | [8015937475] Stream restarted via set_stream_sources
2026-05-21 11:51:05,468 | INFO | VCPlatform | [6451644278] Stream restarted via set_stream_sources
2026-05-21 11:53:03,704 | INFO | VCPlatform | [7535601861_2] Stream restarted via set_stream_sources
2026-05-21 11:54:05,941 | INFO | VCPlatform | [6444599625_4] Stream restarted via set_stream_sources
2026-05-21 11:54:34,717 | INFO | VCPlatform | [6444599625_3] Stream restarted via set_stream_sources
2026-05-21 11:55:15,965 | INFO | VCPlatform | [6444599625] Stream restarted via set_stream_sources
2026-05-21 11:55:16,318 | INFO | VCPlatform | [6444599625_2] Stream restarted via set_stream_sources
2026-05-21 11:56:28,066 | INFO | VCPlatform | [8015937475] Stream restarted via set_stream_sources
2026-05-21 11:59:22,807 | INFO | VCPlatform | [7535601861_2] Stream restarted via set_stream_sources
2026-05-21 12:01:24,046 | INFO | VCPlatform | [6444599625_4] Stream restarted via set_stream_sources
2026-05-21 12:01:52,827 | INFO | VCPlatform | [6444599625_3] Stream restarted via set_stream_sources
2026-05-21 12:02:23,568 | INFO | VCPlatform | [6451644278] Stream restarted via set_stream_sources
2026-05-21 12:02:34,068 | INFO | VCPlatform | [6444599625] Stream restarted via set_stream_sources
2026-05-21 12:02:34,421 | INFO | VCPlatform | [6444599625_2] Stream restarted via set_stream_sources
2026-05-21 12:02:51,327 | INFO | VCPlatform | [8015937475] Stream restarted via set_stream_sources
2026-05-21 12:05:41,910 | INFO | VCPlatform | [7535601861_2] Stream restarted via set_stream_sources
2026-05-21 12:08:42,147 | INFO | VCPlatform | [6444599625_4] Stream restarted via set_stream_sources
2026-05-21 12:09:10,928 | INFO | VCPlatform | [6444599625_3] Stream restarted via set_stream_sources
2026-05-21 12:09:14,424 | INFO | VCPlatform | [8015937475] Stream restarted via set_stream_sources
2026-05-21 12:09:52,172 | INFO | VCPlatform | [6444599625] Stream restarted via set_stream_sources
2026-05-21 12:09:52,527 | INFO | VCPlatform | [6444599625_2] Stream restarted via set_stream_sources
2026-05-21 12:12:01,029 | INFO | VCPlatform | [7535601861_2] Stream restarted via set_stream_sources
2026-05-21 12:13:41,674 | INFO | VCPlatform | [6451644278] Stream restarted via set_stream_sources
2026-05-21 12:15:37,530 | INFO | VCPlatform | [8015937475] Stream restarted via set_stream_sources
2026-05-21 12:16:00,251 | INFO | VCPlatform | [6444599625_4] Stream restarted via set_stream_sources
2026-05-21 12:16:29,031 | INFO | VCPlatform | [6444599625_3] Stream restarted via set_stream_sources
2026-05-21 12:17:10,285 | INFO | VCPlatform | [6444599625] Stream restarted via set_stream_sources
2026-05-21 12:17:10,629 | INFO | VCPlatform | [6444599625_2] Stream restarted via set_stream_sources
2026-05-21 12:18:20,133 | INFO | VCPlatform | [7535601861_2] Stream restarted via set_stream_sources
2026-05-21 12:22:00,634 | INFO | VCPlatform | [8015937475] Stream restarted via set_stream_sources
2026-05-21 12:23:18,355 | INFO | VCPlatform | [6444599625_4] Stream restarted via set_stream_sources
2026-05-21 12:23:47,133 | INFO | VCPlatform | [6444599625_3] Stream restarted via set_stream_sources
2026-05-21 12:24:28,388 | INFO | VCPlatform | [6444599625] Stream restarted via set_stream_sources
2026-05-21 12:24:28,732 | INFO | VCPlatform | [6444599625_2] Stream restarted via set_stream_sources
2026-05-21 12:24:39,243 | INFO | VCPlatform | [7535601861_2] Stream restarted via set_stream_sources
2026-05-21 12:24:59,779 | INFO | VCPlatform | [6451644278] Stream restarted via set_stream_sources
2026-05-21 12:28:23,750 | INFO | VCPlatform | [8015937475] Stream restarted via set_stream_sources
2026-05-21 12:30:36,464 | INFO | VCPlatform | [6444599625_4] Stream restarted via set_stream_sources
2026-05-21 12:30:58,344 | INFO | VCPlatform | [7535601861_2] Stream restarted via set_stream_sources
2026-05-21 12:31:05,237 | INFO | VCPlatform | [6444599625_3] Stream restarted via set_stream_sources
2026-05-21 12:31:24,934 | INFO | VCPlatform | [6444599625_4] Monitor stopped for https://t.me/+Z6J56TI-fZFlZTQ1
2026-05-21 12:31:24,935 | INFO | VCPlatform | [6444599625_4] Monitors restarted: 1 running for 1 channels
2026-05-21 12:31:24,939 | INFO | VCPlatform | [6444599625_4] Monitor started for https://t.me/+Z6J56TI-fZFlZTQ1
2026-05-21 12:31:24,945 | INFO | VCPlatform | [6444599625_4] Channel from cache: '𝐒𝐮𝐫𝐞𝐬𝐡𝐨𝐭 𝐛𝐲 𝐉𝐚𝐜𝐤' (bare_id=2098714715) for https://t.me/+Z6J56TI-fZFlZTQ1
2026-05-21 12:31:24,947 | INFO | VCPlatform | [6444599625_4] VC push update handler registered
2026-05-21 12:31:46,491 | INFO | VCPlatform | [6444599625] Stream restarted via set_stream_sources
2026-05-21 12:31:46,833 | INFO | VCPlatform | [6444599625_2] Stream restarted via set_stream_sources
2026-05-21 12:34:46,854 | INFO | VCPlatform | [8015937475] Stream restarted via set_stream_sources
2026-05-21 12:35:14,883 | INFO | VCPlatform | [6444599625_4] Monitor stopped for https://t.me/+Z6J56TI-fZFlZTQ1
2026-05-21 12:35:14,884 | INFO | VCPlatform | [6444599625_4] Monitors restarted: 1 running for 1 channels
2026-05-21 12:35:14,886 | INFO | VCPlatform | [6444599625_4] Monitor started for https://t.me/+Z6J56TI-fZFlZTQ1
2026-05-21 12:35:14,887 | INFO | VCPlatform | [6444599625_4] Channel from cache: '𝐒𝐮𝐫𝐞𝐬𝐡𝐨𝐭 𝐛𝐲 𝐉𝐚𝐜𝐤' (bare_id=2098714715) for https://t.me/+Z6J56TI-fZFlZTQ1
2026-05-21 12:35:14,887 | INFO | VCPlatform | [6444599625_4] VC push update handler registered
2026-05-21 12:36:17,881 | INFO | VCPlatform | [6451644278] Stream restarted via set_stream_sources
2026-05-21 12:37:17,448 | INFO | VCPlatform | [7535601861_2] Stream restarted via set_stream_sources
2026-05-21 12:37:54,568 | INFO | VCPlatform | [6444599625_4] Stream restarted via set_stream_sources
2026-05-21 12:38:23,341 | INFO | VCPlatform | [6444599625_3] Stream restarted via set_stream_sources
2026-05-21 12:39:04,593 | INFO | VCPlatform | [6444599625] Stream restarted via set_stream_sources
2026-05-21 12:39:04,935 | INFO | VCPlatform | [6444599625_2] Stream restarted via set_stream_sources
2026-05-21 12:41:09,957 | INFO | VCPlatform | [8015937475] Stream restarted via set_stream_sources
2026-05-21 12:43:36,557 | INFO | VCPlatform | [7535601861_2] Stream restarted via set_stream_sources
2026-05-21 12:45:41,445 | INFO | VCPlatform | [6444599625_3] Stream restarted via set_stream_sources
2026-05-21 12:46:22,697 | INFO | VCPlatform | [6444599625] Stream restarted via set_stream_sources
2026-05-21 12:46:23,039 | INFO | VCPlatform | [6444599625_2] Stream restarted via set_stream_sources
2026-05-21 12:47:33,060 | INFO | VCPlatform | [8015937475] Stream restarted via set_stream_sources
2026-05-21 12:47:35,982 | INFO | VCPlatform | [6451644278] Stream restarted via set_stream_sources
2026-05-21 12:49:55,661 | INFO | VCPlatform | [7535601861_2] Stream restarted via set_stream_sources
2026-05-21 12:52:59,551 | INFO | VCPlatform | [6444599625_3] Stream restarted via set_stream_sources
2026-05-21 12:53:40,799 | INFO | VCPlatform | [6444599625] Stream restarted via set_stream_sources
2026-05-21 12:53:41,142 | INFO | VCPlatform | [6444599625_2] Stream restarted via set_stream_sources
2026-05-21 12:53:56,162 | INFO | VCPlatform | [8015937475] Stream restarted via set_stream_sources
2026-05-21 12:56:14,764 | INFO | VCPlatform | [7535601861_2] Stream restarted via set_stream_sources
2026-05-21 12:58:54,086 | INFO | VCPlatform | [6451644278] Stream restarted via set_stream_sources
2026-05-21 13:00:17,658 | INFO | VCPlatform | [6444599625_3] Stream restarted via set_stream_sources
2026-05-21 13:00:19,266 | INFO | VCPlatform | [8015937475] Stream restarted via set_stream_sources
2026-05-21 13:00:58,902 | INFO | VCPlatform | [6444599625] Stream restarted via set_stream_sources
2026-05-21 13:00:59,243 | INFO | VCPlatform | [6444599625_2] Stream restarted via set_stream_sources
2026-05-21 13:02:33,869 | INFO | VCPlatform | [7535601861_2] Stream restarted via set_stream_sources
2026-05-21 13:06:42,370 | INFO | VCPlatform | [8015937475] Stream restarted via set_stream_sources
2026-05-21 13:07:35,762 | INFO | VCPlatform | [6444599625_3] Stream restarted via set_stream_sources
2026-05-21 13:08:17,008 | INFO | VCPlatform | [6444599625] Stream restarted via set_stream_sources
2026-05-21 13:08:17,346 | INFO | VCPlatform | [6444599625_2] Stream restarted via set_stream_sources
2026-05-21 13:08:52,971 | INFO | VCPlatform | [7535601861_2] Stream restarted via set_stream_sources
2026-05-21 13:10:12,193 | INFO | VCPlatform | [6451644278] Stream restarted via set_stream_sources
2026-05-21 13:13:05,478 | INFO | VCPlatform | [8015937475] Stream restarted via set_stream_sources
2026-05-21 13:14:53,865 | INFO | VCPlatform | [6444599625_3] Stream restarted via set_stream_sources
2026-05-21 13:15:12,074 | INFO | VCPlatform | [7535601861_2] Stream restarted via set_stream_sources
2026-05-21 13:15:35,110 | INFO | VCPlatform | [6444599625] Stream restarted via set_stream_sources
2026-05-21 13:15:35,448 | INFO | VCPlatform | [6444599625_2] Stream restarted via set_stream_sources
2026-05-21 13:19:28,580 | INFO | VCPlatform | [8015937475] Stream restarted via set_stream_sources
2026-05-21 13:21:30,295 | INFO | VCPlatform | [6451644278] Stream restarted via set_stream_sources
2026-05-21 13:21:31,177 | INFO | VCPlatform | [7535601861_2] Stream restarted via set_stream_sources
2026-05-21 13:22:11,967 | INFO | VCPlatform | [6444599625_3] Stream restarted via set_stream_sources
2026-05-21 13:22:53,211 | INFO | VCPlatform | [6444599625] Stream restarted via set_stream_sources
2026-05-21 13:22:53,551 | INFO | VCPlatform | [6444599625_2] Stream restarted via set_stream_sources
2026-05-21 13:25:51,683 | INFO | VCPlatform | [8015937475] Stream restarted via set_stream_sources
2026-05-21 13:27:50,280 | INFO | VCPlatform | [7535601861_2] Stream restarted via set_stream_sources
2026-05-21 13:29:30,069 | INFO | VCPlatform | [6444599625_3] Stream restarted via set_stream_sources
2026-05-21 13:30:11,316 | INFO | VCPlatform | [6444599625] Stream restarted via set_stream_sources
2026-05-21 13:30:11,652 | INFO | VCPlatform | [6444599625_2] Stream restarted via set_stream_sources
2026-05-21 13:32:14,791 | INFO | VCPlatform | [8015937475] Stream restarted via set_stream_sources
2026-05-21 13:32:48,397 | INFO | VCPlatform | [6451644278] Stream restarted via set_stream_sources
2026-05-21 13:34:09,383 | INFO | VCPlatform | [7535601861_2] Stream restarted via set_stream_sources
2026-05-21 13:36:48,176 | INFO | VCPlatform | [6444599625_3] Stream restarted via set_stream_sources
2026-05-21 13:37:29,421 | INFO | VCPlatform | [6444599625] Stream restarted via set_stream_sources
2026-05-21 13:37:29,755 | INFO | VCPlatform | [6444599625_2] Stream restarted via set_stream_sources
2026-05-21 13:38:37,893 | INFO | VCPlatform | [8015937475] Stream restarted via set_stream_sources
2026-05-21 13:40:28,488 | INFO | VCPlatform | [7535601861_2] Stream restarted via set_stream_sources
2026-05-21 13:44:06,279 | INFO | VCPlatform | [6444599625_3] Stream restarted via set_stream_sources
2026-05-21 13:44:06,499 | INFO | VCPlatform | [6451644278] Stream restarted via set_stream_sources
2026-05-21 13:44:47,523 | INFO | VCPlatform | [6444599625] Stream restarted via set_stream_sources
2026-05-21 13:44:47,858 | INFO | VCPlatform | [6444599625_2] Stream restarted via set_stream_sources
2026-05-21 13:45:00,998 | INFO | VCPlatform | [8015937475] Stream restarted via set_stream_sources
2026-05-21 13:46:47,593 | INFO | VCPlatform | [7535601861_2] Stream restarted via set_stream_sources
2026-05-21 13:51:24,103 | INFO | VCPlatform | [8015937475] Stream restarted via set_stream_sources
2026-05-21 13:51:24,384 | INFO | VCPlatform | [6444599625_3] Stream restarted via set_stream_sources
2026-05-21 13:52:05,627 | INFO | VCPlatform | [6444599625] Stream restarted via set_stream_sources
2026-05-21 13:52:05,961 | INFO | VCPlatform | [6444599625_2] Stream restarted via set_stream_sources
2026-05-21 13:53:06,695 | INFO | VCPlatform | [7535601861_2] Stream restarted via set_stream_sources
2026-05-21 13:55:24,606 | INFO | VCPlatform | [6451644278] Stream restarted via set_stream_sources
2026-05-21 13:57:47,207 | INFO | VCPlatform | [8015937475] Stream restarted via set_stream_sources
2026-05-21 13:58:42,484 | INFO | VCPlatform | [6444599625_3] Stream restarted via set_stream_sources
2026-05-21 13:59:23,730 | INFO | VCPlatform | [6444599625] Stream restarted via set_stream_sources
2026-05-21 13:59:24,064 | INFO | VCPlatform | [6444599625_2] Stream restarted via set_stream_sources
2026-05-21 13:59:25,796 | INFO | VCPlatform | [7535601861_2] Stream restarted via set_stream_sources
2026-05-21 14:04:10,312 | INFO | VCPlatform | [8015937475] Stream restarted via set_stream_sources
2026-05-21 14:05:44,900 | INFO | VCPlatform | [7535601861_2] Stream restarted via set_stream_sources
2026-05-21 14:06:00,596 | INFO | VCPlatform | [6444599625_3] Stream restarted via set_stream_sources
2026-05-21 14:06:41,832 | INFO | VCPlatform | [6444599625] Stream restarted via set_stream_sources
2026-05-21 14:06:42,165 | INFO | VCPlatform | [6444599625_2] Stream restarted via set_stream_sources
2026-05-21 14:06:42,707 | INFO | VCPlatform | [6451644278] Stream restarted via set_stream_sources
2026-05-21 14:10:33,430 | INFO | VCPlatform | [8015937475] Stream restarted via set_stream_sources
2026-05-21 14:12:04,007 | INFO | VCPlatform | [7535601861_2] Stream restarted via set_stream_sources
2026-05-21 14:13:18,697 | INFO | VCPlatform | [6444599625_3] Stream restarted via set_stream_sources
2026-05-21 14:13:59,936 | INFO | VCPlatform | [6444599625] Stream restarted via set_stream_sources
2026-05-21 14:14:00,269 | INFO | VCPlatform | [6444599625_2] Stream restarted via set_stream_sources
2026-05-21 14:16:56,541 | INFO | VCPlatform | [8015937475] Stream restarted via set_stream_sources
2026-05-21 14:18:00,830 | INFO | VCPlatform | [6451644278] Stream restarted via set_stream_sources
2026-05-21 14:18:23,107 | INFO | VCPlatform | [7535601861_2] Stream restarted via set_stream_sources
2026-05-21 14:20:36,800 | INFO | VCPlatform | [6444599625_3] Stream restarted via set_stream_sources
2026-05-21 14:21:18,039 | INFO | VCPlatform | [6444599625] Stream restarted via set_stream_sources
2026-05-21 14:21:18,372 | INFO | VCPlatform | [6444599625_2] Stream restarted via set_stream_sources
2026-05-21 14:23:19,642 | INFO | VCPlatform | [8015937475] Stream restarted via set_stream_sources
2026-05-21 14:24:42,211 | INFO | VCPlatform | [7535601861_2] Stream restarted via set_stream_sources
2026-05-21 14:27:54,904 | INFO | VCPlatform | [6444599625_3] Stream restarted via set_stream_sources
2026-05-21 14:28:36,144 | INFO | VCPlatform | [6444599625] Stream restarted via set_stream_sources
2026-05-21 14:28:36,474 | INFO | VCPlatform | [6444599625_2] Stream restarted via set_stream_sources
2026-05-21 14:29:18,932 | INFO | VCPlatform | [6451644278] Stream restarted via set_stream_sources
2026-05-21 14:29:42,748 | INFO | VCPlatform | [8015937475] Stream restarted via set_stream_sources
2026-05-21 14:31:01,330 | INFO | VCPlatform | [7535601861_2] Stream restarted via set_stream_sources
2026-05-21 14:35:13,008 | INFO | VCPlatform | [6444599625_3] Stream restarted via set_stream_sources
2026-05-21 14:35:54,244 | INFO | VCPlatform | [6444599625] Stream restarted via set_stream_sources
2026-05-21 14:35:54,578 | INFO | VCPlatform | [6444599625_2] Stream restarted via set_stream_sources
2026-05-21 14:36:05,849 | INFO | VCPlatform | [8015937475] Stream restarted via set_stream_sources
2026-05-21 14:37:20,432 | INFO | VCPlatform | [7535601861_2] Stream restarted via set_stream_sources
2026-05-21 14:40:37,038 | INFO | VCPlatform | [6451644278] Stream restarted via set_stream_sources
2026-05-21 14:42:28,953 | INFO | VCPlatform | [8015937475] Stream restarted via set_stream_sources
2026-05-21 14:42:31,111 | INFO | VCPlatform | [6444599625_3] Stream restarted via set_stream_sources
2026-05-21 14:43:12,347 | INFO | VCPlatform | [6444599625] Stream restarted via set_stream_sources
2026-05-21 14:43:12,703 | INFO | VCPlatform | [6444599625_2] Stream restarted via set_stream_sources
2026-05-21 14:43:39,534 | INFO | VCPlatform | [7535601861_2] Stream restarted via set_stream_sources
2026-05-21 14:48:52,056 | INFO | VCPlatform | [8015937475] Stream restarted via set_stream_sources
2026-05-21 14:49:49,219 | INFO | VCPlatform | [6444599625_3] Stream restarted via set_stream_sources
2026-05-21 14:49:58,637 | INFO | VCPlatform | [7535601861_2] Stream restarted via set_stream_sources
2026-05-21 14:50:30,449 | INFO | VCPlatform | [6444599625] Stream restarted via set_stream_sources
2026-05-21 14:50:30,806 | INFO | VCPlatform | [6444599625_2] Stream restarted via set_stream_sources
2026-05-21 14:51:55,140 | INFO | VCPlatform | [6451644278] Stream restarted via set_stream_sources
2026-05-21 14:55:15,162 | INFO | VCPlatform | [8015937475] Stream restarted via set_stream_sources
2026-05-21 14:56:17,741 | INFO | VCPlatform | [7535601861_2] Stream restarted via set_stream_sources
2026-05-21 14:57:07,321 | INFO | VCPlatform | [6444599625_3] Stream restarted via set_stream_sources
2026-05-21 14:57:48,555 | INFO | VCPlatform | [6444599625] Stream restarted via set_stream_sources
2026-05-21 14:57:48,907 | INFO | VCPlatform | [6444599625_2] Stream restarted via set_stream_sources
2026-05-21 15:01:38,265 | INFO | VCPlatform | [8015937475] Stream restarted via set_stream_sources
2026-05-21 15:02:36,845 | INFO | VCPlatform | [7535601861_2] Stream restarted via set_stream_sources
2026-05-21 15:03:13,243 | INFO | VCPlatform | [6451644278] Stream restarted via set_stream_sources
2026-05-21 15:04:25,432 | INFO | VCPlatform | [6444599625_3] Stream restarted via set_stream_sources
2026-05-21 15:05:06,660 | INFO | VCPlatform | [6444599625] Stream restarted via set_stream_sources
2026-05-21 15:05:07,015 | INFO | VCPlatform | [6444599625_2] Stream restarted via set_stream_sources
2026-05-21 15:08:01,375 | INFO | VCPlatform | [8015937475] Stream restarted via set_stream_sources
2026-05-21 15:08:55,948 | INFO | VCPlatform | [7535601861_2] Stream restarted via set_stream_sources
2026-05-21 15:11:43,537 | INFO | VCPlatform | [6444599625_3] Stream restarted via set_stream_sources
2026-05-21 15:12:24,762 | INFO | VCPlatform | [6444599625] Stream restarted via set_stream_sources
2026-05-21 15:12:25,111 | INFO | VCPlatform | [6444599625_2] Stream restarted via set_stream_sources
2026-05-21 15:14:24,477 | INFO | VCPlatform | [8015937475] Stream restarted via set_stream_sources
2026-05-21 15:14:31,344 | INFO | VCPlatform | [6451644278] Stream restarted via set_stream_sources
2026-05-21 15:15:15,052 | INFO | VCPlatform | [7535601861_2] Stream restarted via set_stream_sources
2026-05-21 15:19:01,694 | INFO | VCPlatform | [6444599625_3] Stream restarted via set_stream_sources
2026-05-21 15:19:42,865 | INFO | VCPlatform | [6444599625] Stream restarted via set_stream_sources
2026-05-21 15:19:43,214 | INFO | VCPlatform | [6444599625_2] Stream restarted via set_stream_sources
2026-05-21 15:20:47,577 | INFO | VCPlatform | [8015937475] Stream restarted via set_stream_sources
2026-05-21 15:21:34,156 | INFO | VCPlatform | [7535601861_2] Stream restarted via set_stream_sources
2026-05-21 15:25:49,449 | INFO | VCPlatform | [6451644278] Stream restarted via set_stream_sources
2026-05-21 15:26:19,795 | INFO | VCPlatform | [6444599625_3] Stream restarted via set_stream_sources
2026-05-21 15:27:00,973 | INFO | VCPlatform | [6444599625] Stream restarted via set_stream_sources
2026-05-21 15:27:01,325 | INFO | VCPlatform | [6444599625_2] Stream restarted via set_stream_sources
2026-05-21 15:27:10,680 | INFO | VCPlatform | [8015937475] Stream restarted via set_stream_sources
2026-05-21 15:27:53,258 | INFO | VCPlatform | [7535601861_2] Stream restarted via set_stream_sources
2026-05-21 15:33:33,782 | INFO | VCPlatform | [8015937475] Stream restarted via set_stream_sources
2026-05-21 15:33:37,899 | INFO | VCPlatform | [6444599625_3] Stream restarted via set_stream_sources
2026-05-21 15:34:12,366 | INFO | VCPlatform | [7535601861_2] Stream restarted via set_stream_sources
2026-05-21 15:34:19,076 | INFO | VCPlatform | [6444599625] Stream restarted via set_stream_sources
2026-05-21 15:34:19,435 | INFO | VCPlatform | [6444599625_2] Stream restarted via set_stream_sources
2026-05-21 15:37:07,555 | INFO | VCPlatform | [6451644278] Stream restarted via set_stream_sources
2026-05-21 15:39:56,887 | INFO | VCPlatform | [8015937475] Stream restarted via set_stream_sources
2026-05-21 15:40:31,466 | INFO | VCPlatform | [7535601861_2] Stream restarted via set_stream_sources
2026-05-21 15:40:56,014 | INFO | VCPlatform | [6444599625_3] Stream restarted via set_stream_sources
2026-05-21 15:41:37,196 | INFO | VCPlatform | [6444599625] Stream restarted via set_stream_sources
2026-05-21 15:41:37,538 | INFO | VCPlatform | [6444599625_2] Stream restarted via set_stream_sources
2026-05-21 15:46:20,022 | INFO | VCPlatform | [8015937475] Stream restarted via set_stream_sources
2026-05-21 15:46:50,572 | INFO | VCPlatform | [7535601861_2] Stream restarted via set_stream_sources
2026-05-21 15:48:14,120 | INFO | VCPlatform | [6444599625_3] Stream restarted via set_stream_sources
2026-05-21 15:48:25,657 | INFO | VCPlatform | [6451644278] Stream restarted via set_stream_sources
2026-05-21 15:48:55,281 | INFO | VCPlatform | [6444599625] Stream restarted via set_stream_sources
2026-05-21 15:48:55,650 | INFO | VCPlatform | [6444599625_2] Stream restarted via set_stream_sources
2026-05-21 15:52:43,099 | INFO | VCPlatform | [8015937475] Stream restarted via set_stream_sources
2026-05-21 15:53:09,675 | INFO | VCPlatform | [7535601861_2] Stream restarted via set_stream_sources
2026-05-21 15:55:32,222 | INFO | VCPlatform | [6444599625_3] Stream restarted via set_stream_sources
2026-05-21 15:56:13,394 | INFO | VCPlatform | [6444599625] Stream restarted via set_stream_sources
2026-05-21 15:56:13,749 | INFO | VCPlatform | [6444599625_2] Stream restarted via set_stream_sources
2026-05-21 15:59:06,200 | INFO | VCPlatform | [8015937475] Stream restarted via set_stream_sources
2026-05-21 15:59:28,778 | INFO | VCPlatform | [7535601861_2] Stream restarted via set_stream_sources
2026-05-21 15:59:43,766 | INFO | VCPlatform | [6451644278] Stream restarted via set_stream_sources
2026-05-21 16:02:50,327 | INFO | VCPlatform | [6444599625_3] Stream restarted via set_stream_sources
2026-05-21 16:03:31,494 | INFO | VCPlatform | [6444599625] Stream restarted via set_stream_sources
2026-05-21 16:03:31,851 | INFO | VCPlatform | [6444599625_2] Stream restarted via set_stream_sources
2026-05-21 16:05:29,306 | INFO | VCPlatform | [8015937475] Stream restarted via set_stream_sources
2026-05-21 16:05:47,879 | INFO | VCPlatform | [7535601861_2] Stream restarted via set_stream_sources
2026-05-21 16:10:08,433 | INFO | VCPlatform | [6444599625_3] Stream restarted via set_stream_sources
2026-05-21 16:10:49,596 | INFO | VCPlatform | [6444599625] Stream restarted via set_stream_sources
2026-05-21 16:10:49,954 | INFO | VCPlatform | [6444599625_2] Stream restarted via set_stream_sources
2026-05-21 16:11:01,888 | INFO | VCPlatform | [6451644278] Stream restarted via set_stream_sources
2026-05-21 16:11:52,410 | INFO | VCPlatform | [8015937475] Stream restarted via set_stream_sources
2026-05-21 16:12:06,984 | INFO | VCPlatform | [7535601861_2] Stream restarted via set_stream_sources
2026-05-21 16:17:26,542 | INFO | VCPlatform | [6444599625_3] Stream restarted via set_stream_sources
2026-05-21 16:18:07,699 | INFO | VCPlatform | [6444599625] Stream restarted via set_stream_sources
2026-05-21 16:18:08,055 | INFO | VCPlatform | [6444599625_2] Stream restarted via set_stream_sources
2026-05-21 16:18:15,512 | INFO | VCPlatform | [8015937475] Stream restarted via set_stream_sources
2026-05-21 16:18:26,085 | INFO | VCPlatform | [7535601861_2] Stream restarted via set_stream_sources
2026-05-21 16:22:20,001 | INFO | VCPlatform | [6451644278] Stream restarted via set_stream_sources
2026-05-21 16:24:38,618 | INFO | VCPlatform | [8015937475] Stream restarted via set_stream_sources
2026-05-21 16:24:44,639 | INFO | VCPlatform | [6444599625_3] Stream restarted via set_stream_sources
2026-05-21 16:24:45,187 | INFO | VCPlatform | [7535601861_2] Stream restarted via set_stream_sources
2026-05-21 16:25:25,802 | INFO | VCPlatform | [6444599625] Stream restarted via set_stream_sources
2026-05-21 16:25:26,158 | INFO | VCPlatform | [6444599625_2] Stream restarted via set_stream_sources
2026-05-21 16:31:02,177 | INFO | VCPlatform | [8015937475] Stream restarted via set_stream_sources
2026-05-21 16:31:04,289 | INFO | VCPlatform | [7535601861_2] Stream restarted via set_stream_sources
2026-05-21 16:32:02,754 | INFO | VCPlatform | [6444599625_3] Stream restarted via set_stream_sources
2026-05-21 16:32:43,909 | INFO | VCPlatform | [6444599625] Stream restarted via set_stream_sources
2026-05-21 16:32:44,265 | INFO | VCPlatform | [6444599625_2] Stream restarted via set_stream_sources
2026-05-21 16:33:38,104 | INFO | VCPlatform | [6451644278] Stream restarted via set_stream_sources
2026-05-21 16:37:23,395 | INFO | VCPlatform | [7535601861_2] Stream restarted via set_stream_sources
2026-05-21 16:37:25,277 | INFO | VCPlatform | [8015937475] Stream restarted via set_stream_sources
2026-05-21 16:39:20,867 | INFO | VCPlatform | [6444599625_3] Stream restarted via set_stream_sources
2026-05-21 16:40:02,084 | INFO | VCPlatform | [6444599625] Stream restarted via set_stream_sources
2026-05-21 16:40:02,435 | INFO | VCPlatform | [6444599625_2] Stream restarted via set_stream_sources
2026-05-21 16:43:42,497 | INFO | VCPlatform | [7535601861_2] Stream restarted via set_stream_sources
2026-05-21 16:43:48,379 | INFO | VCPlatform | [8015937475] Stream restarted via set_stream_sources
2026-05-21 16:44:56,209 | INFO | VCPlatform | [6451644278] Stream restarted via set_stream_sources
2026-05-21 16:46:38,966 | INFO | VCPlatform | [6444599625_3] Stream restarted via set_stream_sources
2026-05-21 16:47:20,173 | INFO | VCPlatform | [6444599625] Stream restarted via set_stream_sources
2026-05-21 16:47:20,537 | INFO | VCPlatform | [6444599625_2] Stream restarted via set_stream_sources
2026-05-21 16:50:01,608 | INFO | VCPlatform | [7535601861_2] Stream restarted via set_stream_sources
2026-05-21 16:50:11,492 | INFO | VCPlatform | [8015937475] Stream restarted via set_stream_sources
2026-05-21 16:53:57,069 | INFO | VCPlatform | [6444599625_3] Stream restarted via set_stream_sources
2026-05-21 16:54:38,279 | INFO | VCPlatform | [6444599625] Stream restarted via set_stream_sources
2026-05-21 16:54:38,640 | INFO | VCPlatform | [6444599625_2] Stream restarted via set_stream_sources
2026-05-21 16:56:14,313 | INFO | VCPlatform | [6451644278] Stream restarted via set_stream_sources
2026-05-21 16:56:20,709 | INFO | VCPlatform | [7535601861_2] Stream restarted via set_stream_sources
2026-05-21 16:56:34,592 | INFO | VCPlatform | [8015937475] Stream restarted via set_stream_sources
2026-05-21 17:01:15,171 | INFO | VCPlatform | [6444599625_3] Stream restarted via set_stream_sources
2026-05-21 17:01:56,378 | INFO | VCPlatform | [6444599625] Stream restarted via set_stream_sources
2026-05-21 17:01:56,743 | INFO | VCPlatform | [6444599625_2] Stream restarted via set_stream_sources
2026-05-21 17:02:39,825 | INFO | VCPlatform | [7535601861_2] Stream restarted via set_stream_sources
2026-05-21 17:02:57,695 | INFO | VCPlatform | [8015937475] Stream restarted via set_stream_sources
2026-05-21 17:07:32,415 | INFO | VCPlatform | [6451644278] Stream restarted via set_stream_sources
2026-05-21 17:08:33,277 | INFO | VCPlatform | [6444599625_3] Stream restarted via set_stream_sources
2026-05-21 17:08:58,927 | INFO | VCPlatform | [7535601861_2] Stream restarted via set_stream_sources
2026-05-21 17:09:14,482 | INFO | VCPlatform | [6444599625] Stream restarted via set_stream_sources
2026-05-21 17:09:14,846 | INFO | VCPlatform | [6444599625_2] Stream restarted via set_stream_sources
2026-05-21 17:09:20,797 | INFO | VCPlatform | [8015937475] Stream restarted via set_stream_sources
2026-05-21 17:15:18,029 | INFO | VCPlatform | [7535601861_2] Stream restarted via set_stream_sources
2026-05-21 17:15:43,899 | INFO | VCPlatform | [8015937475] Stream restarted via set_stream_sources
2026-05-21 17:15:51,377 | INFO | VCPlatform | [6444599625_3] Stream restarted via set_stream_sources
2026-05-21 17:16:32,587 | INFO | VCPlatform | [6444599625] Stream restarted via set_stream_sources
2026-05-21 17:16:32,956 | INFO | VCPlatform | [6444599625_2] Stream restarted via set_stream_sources
2026-05-21 17:18:50,520 | INFO | VCPlatform | [6451644278] Stream restarted via set_stream_sources
2026-05-21 17:19:57,571 | INFO | VCPlatform | [6444599625] Reminder sent (2 days left)
2026-05-21 17:21:37,131 | INFO | VCPlatform | [7535601861_2] Stream restarted via set_stream_sources
2026-05-21 17:22:07,002 | INFO | VCPlatform | [8015937475] Stream restarted via set_stream_sources
2026-05-21 17:23:09,490 | INFO | VCPlatform | [6444599625_3] Stream restarted via set_stream_sources
2026-05-21 17:23:50,689 | INFO | VCPlatform | [6444599625] Stream restarted via set_stream_sources
2026-05-21 17:23:51,058 | INFO | VCPlatform | [6444599625_2] Stream restarted via set_stream_sources
2026-05-21 17:27:56,235 | INFO | VCPlatform | [7535601861_2] Stream restarted via set_stream_sources
2026-05-21 17:28:30,107 | INFO | VCPlatform | [8015937475] Stream restarted via set_stream_sources
2026-05-21 17:30:08,633 | INFO | VCPlatform | [6451644278] Stream restarted via set_stream_sources
2026-05-21 17:30:27,591 | INFO | VCPlatform | [6444599625_3] Stream restarted via set_stream_sources
2026-05-21 17:31:08,792 | INFO | VCPlatform | [6444599625] Stream restarted via set_stream_sources
2026-05-21 17:31:09,162 | INFO | VCPlatform | [6444599625_2] Stream restarted via set_stream_sources
2026-05-21 17:34:15,340 | INFO | VCPlatform | [7535601861_2] Stream restarted via set_stream_sources
2026-05-21 17:34:53,208 | INFO | VCPlatform | [8015937475] Stream restarted via set_stream_sources
2026-05-21 17:37:45,698 | INFO | VCPlatform | [6444599625_3] Stream restarted via set_stream_sources
2026-05-21 17:38:26,895 | INFO | VCPlatform | [6444599625] Stream restarted via set_stream_sources
2026-05-21 17:38:27,265 | INFO | VCPlatform | [6444599625_2] Stream restarted via set_stream_sources
2026-05-21 17:40:34,446 | INFO | VCPlatform | [7535601861_2] Stream restarted via set_stream_sources
2026-05-21 17:41:16,313 | INFO | VCPlatform | [8015937475] Stream restarted via set_stream_sources
2026-05-21 17:41:26,735 | INFO | VCPlatform | [6451644278] Stream restarted via set_stream_sources
2026-05-21 17:45:03,981 | INFO | VCPlatform | [6444599625_3] Stream restarted via set_stream_sources
2026-05-21 17:45:44,999 | INFO | VCPlatform | [6444599625] Stream restarted via set_stream_sources
2026-05-21 17:45:45,367 | INFO | VCPlatform | [6444599625_2] Stream restarted via set_stream_sources
2026-05-21 17:46:53,548 | INFO | VCPlatform | [7535601861_2] Stream restarted via set_stream_sources
2026-05-21 17:47:39,416 | INFO | VCPlatform | [8015937475] Stream restarted via set_stream_sources
2026-05-21 17:52:22,080 | INFO | VCPlatform | [6444599625_3] Stream restarted via set_stream_sources
2026-05-21 17:52:44,838 | INFO | VCPlatform | [6451644278] Stream restarted via set_stream_sources
2026-05-21 17:53:03,104 | INFO | VCPlatform | [6444599625] Stream restarted via set_stream_sources
2026-05-21 17:53:03,469 | INFO | VCPlatform | [6444599625_2] Stream restarted via set_stream_sources
2026-05-21 17:53:12,651 | INFO | VCPlatform | [7535601861_2] Stream restarted via set_stream_sources
2026-05-21 17:54:02,519 | INFO | VCPlatform | [8015937475] Stream restarted via set_stream_sources
2026-05-21 17:59:31,758 | INFO | VCPlatform | [7535601861_2] Stream restarted via set_stream_sources
2026-05-21 17:59:40,181 | INFO | VCPlatform | [6444599625_3] Stream restarted via set_stream_sources
2026-05-21 18:00:21,282 | INFO | VCPlatform | [6444599625] Stream restarted via set_stream_sources
2026-05-21 18:00:21,574 | INFO | VCPlatform | [6444599625_2] Stream restarted via set_stream_sources
2026-05-21 18:00:25,621 | INFO | VCPlatform | [8015937475] Stream restarted via set_stream_sources
2026-05-21 18:04:02,942 | INFO | VCPlatform | [6451644278] Stream restarted via set_stream_sources
2026-05-21 18:05:50,862 | INFO | VCPlatform | [7535601861_2] Stream restarted via set_stream_sources
2026-05-21 18:06:48,726 | INFO | VCPlatform | [8015937475] Stream restarted via set_stream_sources
2026-05-21 18:06:58,284 | INFO | VCPlatform | [6444599625_3] Stream restarted via set_stream_sources
2026-05-21 18:07:39,381 | INFO | VCPlatform | [6444599625] Stream restarted via set_stream_sources
2026-05-21 18:07:39,678 | INFO | VCPlatform | [6444599625_2] Stream restarted via set_stream_sources
2026-05-21 18:12:09,966 | INFO | VCPlatform | [7535601861_2] Stream restarted via set_stream_sources
2026-05-21 18:13:11,834 | INFO | VCPlatform | [8015937475] Stream restarted via set_stream_sources
2026-05-21 18:14:16,387 | INFO | VCPlatform | [6444599625_3] Stream restarted via set_stream_sources
2026-05-21 18:14:57,487 | INFO | VCPlatform | [6444599625] Stream restarted via set_stream_sources
2026-05-21 18:14:57,802 | INFO | VCPlatform | [6444599625_2] Stream restarted via set_stream_sources
2026-05-21 18:15:21,045 | INFO | VCPlatform | [6451644278] Stream restarted via set_stream_sources
2026-05-21 18:18:29,083 | INFO | VCPlatform | [7535601861_2] Stream restarted via set_stream_sources
2026-05-21 18:19:34,935 | INFO | VCPlatform | [8015937475] Stream restarted via set_stream_sources
2026-05-21 18:21:34,489 | INFO | VCPlatform | [6444599625_3] Stream restarted via set_stream_sources
2026-05-21 18:22:15,589 | INFO | VCPlatform | [6444599625] Stream restarted via set_stream_sources
2026-05-21 18:22:15,902 | INFO | VCPlatform | [6444599625_2] Stream restarted via set_stream_sources
2026-05-21 18:24:48,189 | INFO | VCPlatform | [7535601861_2] Stream restarted via set_stream_sources
2026-05-21 18:25:58,038 | INFO | VCPlatform | [8015937475] Stream restarted via set_stream_sources
2026-05-21 18:26:39,149 | INFO | VCPlatform | [6451644278] Stream restarted via set_stream_sources
2026-05-21 18:28:52,593 | INFO | VCPlatform | [6444599625_3] Stream restarted via set_stream_sources
2026-05-21 18:29:33,693 | INFO | VCPlatform | [6444599625] Stream restarted via set_stream_sources
2026-05-21 18:29:34,004 | INFO | VCPlatform | [6444599625_2] Stream restarted via set_stream_sources
2026-05-21 18:31:07,305 | INFO | VCPlatform | [7535601861_2] Stream restarted via set_stream_sources
2026-05-21 18:32:21,143 | INFO | VCPlatform | [8015937475] Stream restarted via set_stream_sources
2026-05-21 18:36:10,697 | INFO | VCPlatform | [6444599625_3] Stream restarted via set_stream_sources
2026-05-21 18:36:51,795 | INFO | VCPlatform | [6444599625] Stream restarted via set_stream_sources
2026-05-21 18:36:52,107 | INFO | VCPlatform | [6444599625_2] Stream restarted via set_stream_sources
2026-05-21 18:37:26,408 | INFO | VCPlatform | [7535601861_2] Stream restarted via set_stream_sources
2026-05-21 18:37:57,252 | INFO | VCPlatform | [6451644278] Stream restarted via set_stream_sources
2026-05-21 18:38:44,249 | INFO | VCPlatform | [8015937475] Stream restarted via set_stream_sources
2026-05-21 18:43:28,800 | INFO | VCPlatform | [6444599625_3] Stream restarted via set_stream_sources
2026-05-21 18:43:45,513 | INFO | VCPlatform | [7535601861_2] Stream restarted via set_stream_sources
2026-05-21 18:44:09,896 | INFO | VCPlatform | [6444599625] Stream restarted via set_stream_sources
2026-05-21 18:44:10,210 | INFO | VCPlatform | [6444599625_2] Stream restarted via set_stream_sources
2026-05-21 18:45:07,465 | INFO | VCPlatform | [8015937475] Stream restarted via set_stream_sources
2026-05-21 18:49:15,360 | INFO | VCPlatform | [6451644278] Stream restarted via set_stream_sources
2026-05-21 18:50:04,636 | INFO | VCPlatform | [7535601861_2] Stream restarted via set_stream_sources
2026-05-21 18:50:46,902 | INFO | VCPlatform | [6444599625_3] Stream restarted via set_stream_sources
2026-05-21 18:51:28,021 | INFO | VCPlatform | [6444599625] Stream restarted via set_stream_sources
2026-05-21 18:51:28,313 | INFO | VCPlatform | [6444599625_2] Stream restarted via set_stream_sources
2026-05-21 18:51:30,570 | INFO | VCPlatform | [8015937475] Stream restarted via set_stream_sources
2026-05-21 18:56:23,733 | INFO | VCPlatform | [7535601861_2] Stream restarted via set_stream_sources
2026-05-21 18:57:53,672 | INFO | VCPlatform | [8015937475] Stream restarted via set_stream_sources
2026-05-21 18:58:05,006 | INFO | VCPlatform | [6444599625_3] Stream restarted via set_stream_sources
2026-05-21 18:58:46,117 | INFO | VCPlatform | [6444599625] Stream restarted via set_stream_sources
2026-05-21 18:58:46,413 | INFO | VCPlatform | [6444599625_2] Stream restarted via set_stream_sources
2026-05-21 19:00:33,468 | INFO | VCPlatform | [6451644278] Stream restarted via set_stream_sources
2026-05-21 19:02:42,839 | INFO | VCPlatform | [7535601861_2] Stream restarted via set_stream_sources
2026-05-21 19:04:16,776 | INFO | VCPlatform | [8015937475] Stream restarted via set_stream_sources
2026-05-21 19:05:23,109 | INFO | VCPlatform | [6444599625_3] Stream restarted via set_stream_sources
2026-05-21 19:06:04,219 | INFO | VCPlatform | [6444599625] Stream restarted via set_stream_sources
2026-05-21 19:06:04,515 | INFO | VCPlatform | [6444599625_2] Stream restarted via set_stream_sources
2026-05-21 19:09:01,981 | INFO | VCPlatform | [7535601861_2] Stream restarted via set_stream_sources
2026-05-21 19:10:39,882 | INFO | VCPlatform | [8015937475] Stream restarted via set_stream_sources
2026-05-21 19:11:51,570 | INFO | VCPlatform | [6451644278] Stream restarted via set_stream_sources
2026-05-21 19:12:41,212 | INFO | VCPlatform | [6444599625_3] Stream restarted via set_stream_sources
2026-05-21 19:13:22,323 | INFO | VCPlatform | [6444599625] Stream restarted via set_stream_sources
2026-05-21 19:13:22,617 | INFO | VCPlatform | [6444599625_2] Stream restarted via set_stream_sources
2026-05-21 19:15:21,085 | INFO | VCPlatform | [7535601861_2] Stream restarted via set_stream_sources
2026-05-21 19:17:03,081 | INFO | VCPlatform | [8015937475] Stream restarted via set_stream_sources
2026-05-21 19:19:59,315 | INFO | VCPlatform | [6444599625_3] Stream restarted via set_stream_sources
2026-05-21 19:20:40,430 | INFO | VCPlatform | [6444599625] Stream restarted via set_stream_sources
2026-05-21 19:20:40,722 | INFO | VCPlatform | [6444599625_2] Stream restarted via set_stream_sources
2026-05-21 19:21:40,184 | INFO | VCPlatform | [7535601861_2] Stream restarted via set_stream_sources
2026-05-21 19:23:09,674 | INFO | VCPlatform | [6451644278] Stream restarted via set_stream_sources
2026-05-21 19:23:26,185 | INFO | VCPlatform | [8015937475] Stream restarted via set_stream_sources
2026-05-21 19:27:17,420 | INFO | VCPlatform | [6444599625_3] Stream restarted via set_stream_sources
2026-05-21 19:27:58,535 | INFO | VCPlatform | [6444599625] Stream restarted via set_stream_sources
2026-05-21 19:27:58,822 | INFO | VCPlatform | [6444599625_2] Stream restarted via set_stream_sources
2026-05-21 19:27:59,287 | INFO | VCPlatform | [7535601861_2] Stream restarted via set_stream_sources
2026-05-21 19:29:49,289 | INFO | VCPlatform | [8015937475] Stream restarted via set_stream_sources
2026-05-21 19:34:18,393 | INFO | VCPlatform | [7535601861_2] Stream restarted via set_stream_sources
2026-05-21 19:34:27,776 | INFO | VCPlatform | [6451644278] Stream restarted via set_stream_sources
2026-05-21 19:34:35,522 | INFO | VCPlatform | [6444599625_3] Stream restarted via set_stream_sources
2026-05-21 19:35:16,641 | INFO | VCPlatform | [6444599625] Stream restarted via set_stream_sources
2026-05-21 19:35:16,924 | INFO | VCPlatform | [6444599625_2] Stream restarted via set_stream_sources
2026-05-21 19:36:12,391 | INFO | VCPlatform | [8015937475] Stream restarted via set_stream_sources
2026-05-21 19:40:37,498 | INFO | VCPlatform | [7535601861_2] Stream restarted via set_stream_sources
2026-05-21 19:41:53,626 | INFO | VCPlatform | [6444599625_3] Stream restarted via set_stream_sources
2026-05-21 19:42:34,744 | INFO | VCPlatform | [6444599625] Stream restarted via set_stream_sources
2026-05-21 19:42:35,027 | INFO | VCPlatform | [6444599625_2] Stream restarted via set_stream_sources
2026-05-21 19:42:35,494 | INFO | VCPlatform | [8015937475] Stream restarted via set_stream_sources
2026-05-21 19:45:45,880 | INFO | VCPlatform | [6451644278] Stream restarted via set_stream_sources
2026-05-21 19:46:56,603 | INFO | VCPlatform | [7535601861_2] Stream restarted via set_stream_sources
2026-05-21 19:48:58,597 | INFO | VCPlatform | [8015937475] Stream restarted via set_stream_sources
2026-05-21 19:49:11,733 | INFO | VCPlatform | [6444599625_3] Stream restarted via set_stream_sources
2026-05-21 19:49:52,851 | INFO | VCPlatform | [6444599625] Stream restarted via set_stream_sources
2026-05-21 19:49:53,132 | INFO | VCPlatform | [6444599625_2] Stream restarted via set_stream_sources
2026-05-21 19:53:15,705 | INFO | VCPlatform | [7535601861_2] Stream restarted via set_stream_sources
2026-05-21 19:55:21,700 | INFO | VCPlatform | [8015937475] Stream restarted via set_stream_sources
2026-05-21 19:56:29,839 | INFO | VCPlatform | [6444599625_3] Stream restarted via set_stream_sources
2026-05-21 19:57:03,982 | INFO | VCPlatform | [6451644278] Stream restarted via set_stream_sources
2026-05-21 19:57:10,955 | INFO | VCPlatform | [6444599625] Stream restarted via set_stream_sources
2026-05-21 19:57:11,232 | INFO | VCPlatform | [6444599625_2] Stream restarted via set_stream_sources
2026-05-21 19:59:34,808 | INFO | VCPlatform | [7535601861_2] Stream restarted via set_stream_sources
2026-05-21 20:01:44,803 | INFO | VCPlatform | [8015937475] Stream restarted via set_stream_sources
2026-05-21 20:03:47,963 | INFO | VCPlatform | [6444599625_3] Stream restarted via set_stream_sources
2026-05-21 20:04:29,059 | INFO | VCPlatform | [6444599625] Stream restarted via set_stream_sources
2026-05-21 20:04:29,335 | INFO | VCPlatform | [6444599625_2] Stream restarted via set_stream_sources
2026-05-21 20:05:53,910 | INFO | VCPlatform | [7535601861_2] Stream restarted via set_stream_sources
2026-05-21 20:08:07,906 | INFO | VCPlatform | [8015937475] Stream restarted via set_stream_sources
2026-05-21 20:08:22,087 | INFO | VCPlatform | [6451644278] Stream restarted via set_stream_sources
2026-05-21 20:11:06,057 | INFO | VCPlatform | [6444599625_3] Stream restarted via set_stream_sources
2026-05-21 20:11:47,164 | INFO | VCPlatform | [6444599625] Stream restarted via set_stream_sources
2026-05-21 20:11:47,438 | INFO | VCPlatform | [6444599625_2] Stream restarted via set_stream_sources
2026-05-21 20:12:13,011 | INFO | VCPlatform | [7535601861_2] Stream restarted via set_stream_sources
2026-05-21 20:14:31,011 | INFO | VCPlatform | [8015937475] Stream restarted via set_stream_sources
2026-05-21 20:18:24,162 | INFO | VCPlatform | [6444599625_3] Stream restarted via set_stream_sources
2026-05-21 20:18:32,113 | INFO | VCPlatform | [7535601861_2] Stream restarted via set_stream_sources
2026-05-21 20:19:05,267 | INFO | VCPlatform | [6444599625] Stream restarted via set_stream_sources
2026-05-21 20:19:05,540 | INFO | VCPlatform | [6444599625_2] Stream restarted via set_stream_sources
2026-05-21 20:19:40,195 | INFO | VCPlatform | [6451644278] Stream restarted via set_stream_sources
2026-05-21 20:20:54,115 | INFO | VCPlatform | [8015937475] Stream restarted via set_stream_sources
2026-05-21 20:24:51,218 | INFO | VCPlatform | [7535601861_2] Stream restarted via set_stream_sources
2026-05-21 20:25:42,268 | INFO | VCPlatform | [6444599625_3] Stream restarted via set_stream_sources
2026-05-21 20:26:23,370 | INFO | VCPlatform | [6444599625] Stream restarted via set_stream_sources
2026-05-21 20:26:23,642 | INFO | VCPlatform | [6444599625_2] Stream restarted via set_stream_sources
2026-05-21 20:27:17,217 | INFO | VCPlatform | [8015937475] Stream restarted via set_stream_sources
2026-05-21 20:30:58,302 | INFO | VCPlatform | [6451644278] Stream restarted via set_stream_sources
2026-05-21 20:31:10,321 | INFO | VCPlatform | [7535601861_2] Stream restarted via set_stream_sources
2026-05-21 20:33:00,375 | INFO | VCPlatform | [6444599625_3] Stream restarted via set_stream_sources
2026-05-21 20:33:40,319 | INFO | VCPlatform | [8015937475] Stream restarted via set_stream_sources
2026-05-21 20:33:41,471 | INFO | VCPlatform | [6444599625] Stream restarted via set_stream_sources
2026-05-21 20:33:41,746 | INFO | VCPlatform | [6444599625_2] Stream restarted via set_stream_sources
2026-05-21 20:37:29,424 | INFO | VCPlatform | [7535601861_2] Stream restarted via set_stream_sources
2026-05-21 20:40:03,593 | INFO | VCPlatform | [8015937475] Stream restarted via set_stream_sources
2026-05-21 20:40:18,477 | INFO | VCPlatform | [6444599625_3] Stream restarted via set_stream_sources
2026-05-21 20:40:59,573 | INFO | VCPlatform | [6444599625] Stream restarted via set_stream_sources
2026-05-21 20:40:59,848 | INFO | VCPlatform | [6444599625_2] Stream restarted via set_stream_sources
2026-05-21 20:42:16,401 | INFO | VCPlatform | [6451644278] Stream restarted via set_stream_sources
2026-05-21 20:43:48,532 | INFO | VCPlatform | [7535601861_2] Stream restarted via set_stream_sources
2026-05-21 20:46:26,547 | INFO | VCPlatform | [8015937475] Stream restarted via set_stream_sources
2026-05-21 20:47:36,581 | INFO | VCPlatform | [6444599625_3] Stream restarted via set_stream_sources
2026-05-21 20:48:17,676 | INFO | VCPlatform | [6444599625] Stream restarted via set_stream_sources
2026-05-21 20:48:17,952 | INFO | VCPlatform | [6444599625_2] Stream restarted via set_stream_sources
2026-05-21 20:50:07,676 | INFO | VCPlatform | [7535601861_2] Stream restarted via set_stream_sources
2026-05-21 20:52:49,651 | INFO | VCPlatform | [8015937475] Stream restarted via set_stream_sources
2026-05-21 20:53:34,505 | INFO | VCPlatform | [6451644278] Stream restarted via set_stream_sources
2026-05-21 20:54:54,683 | INFO | VCPlatform | [6444599625_3] Stream restarted via set_stream_sources
2026-05-21 20:55:35,783 | INFO | VCPlatform | [6444599625] Stream restarted via set_stream_sources
2026-05-21 20:55:36,055 | INFO | VCPlatform | [6444599625_2] Stream restarted via set_stream_sources
2026-05-21 20:56:26,773 | INFO | VCPlatform | [7535601861_2] Stream restarted via set_stream_sources
2026-05-21 20:59:12,754 | INFO | VCPlatform | [8015937475] Stream restarted via set_stream_sources
2026-05-21 21:02:12,788 | INFO | VCPlatform | [6444599625_3] Stream restarted via set_stream_sources
2026-05-21 21:02:45,879 | INFO | VCPlatform | [7535601861_2] Stream restarted via set_stream_sources
2026-05-21 21:02:53,886 | INFO | VCPlatform | [6444599625] Stream restarted via set_stream_sources
2026-05-21 21:02:54,159 | INFO | VCPlatform | [6444599625_2] Stream restarted via set_stream_sources
2026-05-21 21:04:52,611 | INFO | VCPlatform | [6451644278] Stream restarted via set_stream_sources
2026-05-21 21:05:35,857 | INFO | VCPlatform | [8015937475] Stream restarted via set_stream_sources
2026-05-21 21:09:04,984 | INFO | VCPlatform | [7535601861_2] Stream restarted via set_stream_sources
2026-05-21 21:09:30,890 | INFO | VCPlatform | [6444599625_3] Stream restarted via set_stream_sources
2026-05-21 21:10:11,988 | INFO | VCPlatform | [6444599625] Stream restarted via set_stream_sources
2026-05-21 21:10:12,269 | INFO | VCPlatform | [6444599625_2] Stream restarted via set_stream_sources
2026-05-21 21:11:58,959 | INFO | VCPlatform | [8015937475] Stream restarted via set_stream_sources
2026-05-21 21:15:24,087 | INFO | VCPlatform | [7535601861_2] Stream restarted via set_stream_sources
2026-05-21 21:16:10,715 | INFO | VCPlatform | [6451644278] Stream restarted via set_stream_sources
2026-05-21 21:16:48,995 | INFO | VCPlatform | [6444599625_3] Stream restarted via set_stream_sources
2026-05-21 21:17:30,194 | INFO | VCPlatform | [6444599625] Stream restarted via set_stream_sources
2026-05-21 21:17:30,373 | INFO | VCPlatform | [6444599625_2] Stream restarted via set_stream_sources
2026-05-21 21:18:22,063 | INFO | VCPlatform | [8015937475] Stream restarted via set_stream_sources
2026-05-21 21:21:43,192 | INFO | VCPlatform | [7535601861_2] Stream restarted via set_stream_sources
2026-05-21 21:24:07,097 | INFO | VCPlatform | [6444599625_3] Stream restarted via set_stream_sources
2026-05-21 21:24:45,167 | INFO | VCPlatform | [8015937475] Stream restarted via set_stream_sources
2026-05-21 21:24:48,294 | INFO | VCPlatform | [6444599625] Stream restarted via set_stream_sources
2026-05-21 21:24:48,475 | INFO | VCPlatform | [6444599625_2] Stream restarted via set_stream_sources
2026-05-21 21:27:28,819 | INFO | VCPlatform | [6451644278] Stream restarted via set_stream_sources
2026-05-21 21:28:02,385 | INFO | VCPlatform | [7535601861_2] Stream restarted via set_stream_sources
2026-05-21 21:31:08,270 | INFO | VCPlatform | [8015937475] Stream restarted via set_stream_sources
2026-05-21 21:31:25,202 | INFO | VCPlatform | [6444599625_3] Stream restarted via set_stream_sources
2026-05-21 21:32:06,396 | INFO | VCPlatform | [6444599625] Stream restarted via set_stream_sources
2026-05-21 21:32:06,577 | INFO | VCPlatform | [6444599625_2] Stream restarted via set_stream_sources
2026-05-21 21:34:21,488 | INFO | VCPlatform | [7535601861_2] Stream restarted via set_stream_sources
2026-05-21 21:37:31,375 | INFO | VCPlatform | [8015937475] Stream restarted via set_stream_sources
2026-05-21 21:38:43,317 | INFO | VCPlatform | [6444599625_3] Stream restarted via set_stream_sources
2026-05-21 21:38:46,923 | INFO | VCPlatform | [6451644278] Stream restarted via set_stream_sources
2026-05-21 21:39:24,510 | INFO | VCPlatform | [6444599625] Stream restarted via set_stream_sources
2026-05-21 21:39:24,679 | INFO | VCPlatform | [6444599625_2] Stream restarted via set_stream_sources
2026-05-21 21:40:40,592 | INFO | VCPlatform | [7535601861_2] Stream restarted via set_stream_sources
2026-05-21 21:43:54,477 | INFO | VCPlatform | [8015937475] Stream restarted via set_stream_sources
2026-05-21 21:46:01,431 | INFO | VCPlatform | [6444599625_3] Stream restarted via set_stream_sources
2026-05-21 21:46:42,614 | INFO | VCPlatform | [6444599625] Stream restarted via set_stream_sources
2026-05-21 21:46:42,781 | INFO | VCPlatform | [6444599625_2] Stream restarted via set_stream_sources
2026-05-21 21:46:59,694 | INFO | VCPlatform | [7535601861_2] Stream restarted via set_stream_sources
2026-05-21 21:50:05,026 | INFO | VCPlatform | [6451644278] Stream restarted via set_stream_sources
2026-05-21 21:50:17,580 | INFO | VCPlatform | [8015937475] Stream restarted via set_stream_sources
2026-05-21 21:53:18,797 | INFO | VCPlatform | [7535601861_2] Stream restarted via set_stream_sources
2026-05-21 21:53:19,532 | INFO | VCPlatform | [6444599625_3] Stream restarted via set_stream_sources
2026-05-21 21:54:00,718 | INFO | VCPlatform | [6444599625] Stream restarted via set_stream_sources
2026-05-21 21:54:00,883 | INFO | VCPlatform | [6444599625_2] Stream restarted via set_stream_sources
2026-05-21 21:56:40,683 | INFO | VCPlatform | [8015937475] Stream restarted via set_stream_sources
2026-05-21 21:59:37,899 | INFO | VCPlatform | [7535601861_2] Stream restarted via set_stream_sources
2026-05-21 22:00:37,635 | INFO | VCPlatform | [6444599625_3] Stream restarted via set_stream_sources
2026-05-21 22:01:18,821 | INFO | VCPlatform | [6444599625] Stream restarted via set_stream_sources
2026-05-21 22:01:18,986 | INFO | VCPlatform | [6444599625_2] Stream restarted via set_stream_sources
2026-05-21 22:01:23,127 | INFO | VCPlatform | [6451644278] Stream restarted via set_stream_sources
2026-05-21 22:03:03,787 | INFO | VCPlatform | [8015937475] Stream restarted via set_stream_sources
2026-05-21 22:05:57,004 | INFO | VCPlatform | [7535601861_2] Stream restarted via set_stream_sources
2026-05-21 22:07:55,740 | INFO | VCPlatform | [6444599625_3] Stream restarted via set_stream_sources
2026-05-21 22:08:36,924 | INFO | VCPlatform | [6444599625] Stream restarted via set_stream_sources
2026-05-21 22:08:37,091 | INFO | VCPlatform | [6444599625_2] Stream restarted via set_stream_sources
2026-05-21 22:09:26,891 | INFO | VCPlatform | [8015937475] Stream restarted via set_stream_sources
2026-05-21 22:12:16,106 | INFO | VCPlatform | [7535601861_2] Stream restarted via set_stream_sources
2026-05-21 22:12:41,229 | INFO | VCPlatform | [6451644278] Stream restarted via set_stream_sources
2026-05-21 22:15:13,853 | INFO | VCPlatform | [6444599625_3] Stream restarted via set_stream_sources
2026-05-21 22:15:49,994 | INFO | VCPlatform | [8015937475] Stream restarted via set_stream_sources
2026-05-21 22:15:55,031 | INFO | VCPlatform | [6444599625] Stream restarted via set_stream_sources
2026-05-21 22:15:55,193 | INFO | VCPlatform | [6444599625_2] Stream restarted via set_stream_sources
2026-05-21 22:18:35,211 | INFO | VCPlatform | [7535601861_2] Stream restarted via set_stream_sources
2026-05-21 22:22:13,095 | INFO | VCPlatform | [8015937475] Stream restarted via set_stream_sources
2026-05-21 22:22:31,957 | INFO | VCPlatform | [6444599625_3] Stream restarted via set_stream_sources
2026-05-21 22:23:13,135 | INFO | VCPlatform | [6444599625] Stream restarted via set_stream_sources
2026-05-21 22:23:13,295 | INFO | VCPlatform | [6444599625_2] Stream restarted via set_stream_sources
2026-05-21 22:23:59,332 | INFO | VCPlatform | [6451644278] Stream restarted via set_stream_sources
2026-05-21 22:24:54,313 | INFO | VCPlatform | [7535601861_2] Stream restarted via set_stream_sources
2026-05-21 22:28:36,198 | INFO | VCPlatform | [8015937475] Stream restarted via set_stream_sources
2026-05-21 22:29:50,062 | INFO | VCPlatform | [6444599625_3] Stream restarted via set_stream_sources
2026-05-21 22:30:31,239 | INFO | VCPlatform | [6444599625] Stream restarted via set_stream_sources
2026-05-21 22:30:31,397 | INFO | VCPlatform | [6444599625_2] Stream restarted via set_stream_sources
2026-05-21 22:31:13,417 | INFO | VCPlatform | [7535601861_2] Stream restarted via set_stream_sources
2026-05-21 22:34:59,305 | INFO | VCPlatform | [8015937475] Stream restarted via set_stream_sources
2026-05-21 22:35:17,435 | INFO | VCPlatform | [6451644278] Stream restarted via set_stream_sources
2026-05-21 22:37:08,165 | INFO | VCPlatform | [6444599625_3] Stream restarted via set_stream_sources
2026-05-21 22:37:32,518 | INFO | VCPlatform | [7535601861_2] Stream restarted via set_stream_sources
2026-05-21 22:37:49,339 | INFO | VCPlatform | [6444599625] Stream restarted via set_stream_sources
2026-05-21 22:37:49,500 | INFO | VCPlatform | [6444599625_2] Stream restarted via set_stream_sources
2026-05-21 22:41:22,410 | INFO | VCPlatform | [8015937475] Stream restarted via set_stream_sources
2026-05-21 22:43:51,622 | INFO | VCPlatform | [7535601861_2] Stream restarted via set_stream_sources
2026-05-21 22:44:26,269 | INFO | VCPlatform | [6444599625_3] Stream restarted via set_stream_sources
2026-05-21 22:45:07,443 | INFO | VCPlatform | [6444599625] Stream restarted via set_stream_sources
2026-05-21 22:45:07,602 | INFO | VCPlatform | [6444599625_2] Stream restarted via set_stream_sources
2026-05-21 22:46:35,543 | INFO | VCPlatform | [6451644278] Stream restarted via set_stream_sources
2026-05-21 22:47:45,510 | INFO | VCPlatform | [8015937475] Stream restarted via set_stream_sources
2026-05-21 22:50:10,726 | INFO | VCPlatform | [7535601861_2] Stream restarted via set_stream_sources
2026-05-21 22:51:44,386 | INFO | VCPlatform | [6444599625_3] Stream restarted via set_stream_sources
2026-05-21 22:52:25,547 | INFO | VCPlatform | [6444599625] Stream restarted via set_stream_sources
2026-05-21 22:52:25,705 | INFO | VCPlatform | [6444599625_2] Stream restarted via set_stream_sources
2026-05-21 22:54:08,623 | INFO | VCPlatform | [8015937475] Stream restarted via set_stream_sources
2026-05-21 22:56:29,830 | INFO | VCPlatform | [7535601861_2] Stream restarted via set_stream_sources
2026-05-21 22:57:53,646 | INFO | VCPlatform | [6451644278] Stream restarted via set_stream_sources
2026-05-21 22:59:02,512 | INFO | VCPlatform | [6444599625_3] Stream restarted via set_stream_sources
2026-05-21 22:59:43,651 | INFO | VCPlatform | [6444599625] Stream restarted via set_stream_sources
2026-05-21 22:59:43,806 | INFO | VCPlatform | [6444599625_2] Stream restarted via set_stream_sources
2026-05-21 23:00:31,726 | INFO | VCPlatform | [8015937475] Stream restarted via set_stream_sources
2026-05-21 23:02:48,933 | INFO | VCPlatform | [7535601861_2] Stream restarted via set_stream_sources
2026-05-21 23:06:20,615 | INFO | VCPlatform | [6444599625_3] Stream restarted via set_stream_sources
2026-05-21 23:06:54,829 | INFO | VCPlatform | [8015937475] Stream restarted via set_stream_sources
2026-05-21 23:07:01,769 | INFO | VCPlatform | [6444599625] Stream restarted via set_stream_sources
2026-05-21 23:07:01,908 | INFO | VCPlatform | [6444599625_2] Stream restarted via set_stream_sources
2026-05-21 23:09:08,036 | INFO | VCPlatform | [7535601861_2] Stream restarted via set_stream_sources
2026-05-21 23:09:11,751 | INFO | VCPlatform | [6451644278] Stream restarted via set_stream_sources
2026-05-21 23:13:17,934 | INFO | VCPlatform | [8015937475] Stream restarted via set_stream_sources
2026-05-21 23:13:38,718 | INFO | VCPlatform | [6444599625_3] Stream restarted via set_stream_sources
2026-05-21 23:14:19,872 | INFO | VCPlatform | [6444599625] Stream restarted via set_stream_sources
2026-05-21 23:14:20,015 | INFO | VCPlatform | [6444599625_2] Stream restarted via set_stream_sources
2026-05-21 23:15:27,140 | INFO | VCPlatform | [7535601861_2] Stream restarted via set_stream_sources
2026-05-21 23:19:41,038 | INFO | VCPlatform | [8015937475] Stream restarted via set_stream_sources
2026-05-21 23:20:29,851 | INFO | VCPlatform | [6451644278] Stream restarted via set_stream_sources
2026-05-21 23:20:56,822 | INFO | VCPlatform | [6444599625_3] Stream restarted via set_stream_sources
2026-05-21 23:21:37,974 | INFO | VCPlatform | [6444599625] Stream restarted via set_stream_sources
2026-05-21 23:21:38,116 | INFO | VCPlatform | [6444599625_2] Stream restarted via set_stream_sources
2026-05-21 23:21:46,243 | INFO | VCPlatform | [7535601861_2] Stream restarted via set_stream_sources
2026-05-21 23:26:04,145 | INFO | VCPlatform | [8015937475] Stream restarted via set_stream_sources
2026-05-21 23:28:05,351 | INFO | VCPlatform | [7535601861_2] Stream restarted via set_stream_sources
2026-05-21 23:28:14,924 | INFO | VCPlatform | [6444599625_3] Stream restarted via set_stream_sources
2026-05-21 23:28:56,078 | INFO | VCPlatform | [6444599625] Stream restarted via set_stream_sources
2026-05-21 23:28:56,227 | INFO | VCPlatform | [6444599625_2] Stream restarted via set_stream_sources
2026-05-21 23:31:47,969 | INFO | VCPlatform | [6451644278] Stream restarted via set_stream_sources
2026-05-21 23:32:27,249 | INFO | VCPlatform | [8015937475] Stream restarted via set_stream_sources
2026-05-21 23:34:24,453 | INFO | VCPlatform | [7535601861_2] Stream restarted via set_stream_sources
2026-05-21 23:35:33,025 | INFO | VCPlatform | [6444599625_3] Stream restarted via set_stream_sources
2026-05-21 23:36:14,181 | INFO | VCPlatform | [6444599625] Stream restarted via set_stream_sources
2026-05-21 23:36:14,325 | INFO | VCPlatform | [6444599625_2] Stream restarted via set_stream_sources
2026-05-21 23:38:50,351 | INFO | VCPlatform | [8015937475] Stream restarted via set_stream_sources
2026-05-21 23:40:43,562 | INFO | VCPlatform | [7535601861_2] Stream restarted via set_stream_sources
2026-05-21 23:42:51,130 | INFO | VCPlatform | [6444599625_3] Stream restarted via set_stream_sources
2026-05-21 23:43:06,066 | INFO | VCPlatform | [6451644278] Stream restarted via set_stream_sources
2026-05-21 23:43:32,284 | INFO | VCPlatform | [6444599625] Stream restarted via set_stream_sources
2026-05-21 23:43:32,428 | INFO | VCPlatform | [6444599625_2] Stream restarted via set_stream_sources
2026-05-21 23:45:13,458 | INFO | VCPlatform | [8015937475] Stream restarted via set_stream_sources
2026-05-21 23:47:02,664 | INFO | VCPlatform | [7535601861_2] Stream restarted via set_stream_sources
2026-05-21 23:50:09,235 | INFO | VCPlatform | [6444599625_3] Stream restarted via set_stream_sources
2026-05-21 23:50:50,388 | INFO | VCPlatform | [6444599625] Stream restarted via set_stream_sources
2026-05-21 23:50:50,533 | INFO | VCPlatform | [6444599625_2] Stream restarted via set_stream_sources
2026-05-21 23:51:36,560 | INFO | VCPlatform | [8015937475] Stream restarted via set_stream_sources
2026-05-21 23:53:21,768 | INFO | VCPlatform | [7535601861_2] Stream restarted via set_stream_sources
2026-05-21 23:54:24,170 | INFO | VCPlatform | [6451644278] Stream restarted via set_stream_sources
2026-05-21 23:57:27,339 | INFO | VCPlatform | [6444599625_3] Stream restarted via set_stream_sources
2026-05-21 23:57:59,663 | INFO | VCPlatform | [8015937475] Stream restarted via set_stream_sources
2026-05-21 23:58:08,492 | INFO | VCPlatform | [6444599625] Stream restarted via set_stream_sources
2026-05-21 23:58:08,636 | INFO | VCPlatform | [6444599625_2] Stream restarted via set_stream_sources
2026-05-21 23:59:40,871 | INFO | VCPlatform | [7535601861_2] Stream restarted via set_stream_sources
2026-05-22 00:04:22,766 | INFO | VCPlatform | [8015937475] Stream restarted via set_stream_sources
2026-05-22 00:04:45,441 | INFO | VCPlatform | [6444599625_3] Stream restarted via set_stream_sources
2026-05-22 00:05:26,595 | INFO | VCPlatform | [6444599625] Stream restarted via set_stream_sources
2026-05-22 00:05:26,738 | INFO | VCPlatform | [6444599625_2] Stream restarted via set_stream_sources
2026-05-22 00:05:42,272 | INFO | VCPlatform | [6451644278] Stream restarted via set_stream_sources
2026-05-22 00:05:59,973 | INFO | VCPlatform | [7535601861_2] Stream restarted via set_stream_sources
2026-05-22 00:10:45,869 | INFO | VCPlatform | [8015937475] Stream restarted via set_stream_sources
2026-05-22 00:12:03,546 | INFO | VCPlatform | [6444599625_3] Stream restarted via set_stream_sources
2026-05-22 00:12:19,077 | INFO | VCPlatform | [7535601861_2] Stream restarted via set_stream_sources
2026-05-22 00:12:44,696 | INFO | VCPlatform | [6444599625] Stream restarted via set_stream_sources
2026-05-22 00:12:44,843 | INFO | VCPlatform | [6444599625_2] Stream restarted via set_stream_sources
2026-05-22 00:17:00,377 | INFO | VCPlatform | [6451644278] Stream restarted via set_stream_sources
2026-05-22 00:17:09,022 | INFO | VCPlatform | [8015937475] Stream restarted via set_stream_sources
2026-05-22 00:18:38,181 | INFO | VCPlatform | [7535601861_2] Stream restarted via set_stream_sources
2026-05-22 00:19:21,649 | INFO | VCPlatform | [6444599625_3] Stream restarted via set_stream_sources
2026-05-22 00:20:03,107 | INFO | VCPlatform | [6444599625] Stream restarted via set_stream_sources
2026-05-22 00:20:03,186 | INFO | VCPlatform | [6444599625_2] Stream restarted via set_stream_sources
2026-05-22 00:23:32,123 | INFO | VCPlatform | [8015937475] Stream restarted via set_stream_sources
2026-05-22 00:24:57,283 | INFO | VCPlatform | [7535601861_2] Stream restarted via set_stream_sources
2026-05-22 00:26:39,753 | INFO | VCPlatform | [6444599625_3] Stream restarted via set_stream_sources
2026-05-22 00:27:21,211 | INFO | VCPlatform | [6444599625] Stream restarted via set_stream_sources
2026-05-22 00:27:21,285 | INFO | VCPlatform | [6444599625_2] Stream restarted via set_stream_sources
2026-05-22 00:28:18,478 | INFO | VCPlatform | [6451644278] Stream restarted via set_stream_sources
2026-05-22 00:29:55,227 | INFO | VCPlatform | [8015937475] Stream restarted via set_stream_sources
2026-05-22 00:31:16,399 | INFO | VCPlatform | [7535601861_2] Stream restarted via set_stream_sources
2026-05-22 00:33:57,891 | INFO | VCPlatform | [6444599625_3] Stream restarted via set_stream_sources
2026-05-22 00:34:39,312 | INFO | VCPlatform | [6444599625] Stream restarted via set_stream_sources
2026-05-22 00:34:39,389 | INFO | VCPlatform | [6444599625_2] Stream restarted via set_stream_sources
2026-05-22 00:36:18,334 | INFO | VCPlatform | [8015937475] Stream restarted via set_stream_sources
2026-05-22 00:37:35,503 | INFO | VCPlatform | [7535601861_2] Stream restarted via set_stream_sources
2026-05-22 00:39:36,581 | INFO | VCPlatform | [6451644278] Stream restarted via set_stream_sources
2026-05-22 00:41:15,991 | INFO | VCPlatform | [6444599625_3] Stream restarted via set_stream_sources
2026-05-22 00:41:57,414 | INFO | VCPlatform | [6444599625] Stream restarted via set_stream_sources
2026-05-22 00:41:57,489 | INFO | VCPlatform | [6444599625_2] Stream restarted via set_stream_sources
2026-05-22 00:42:41,435 | INFO | VCPlatform | [8015937475] Stream restarted via set_stream_sources
2026-05-22 00:43:54,608 | INFO | VCPlatform | [7535601861_2] Stream restarted via set_stream_sources
2026-05-22 00:48:34,095 | INFO | VCPlatform | [6444599625_3] Stream restarted via set_stream_sources
2026-05-22 00:49:04,538 | INFO | VCPlatform | [8015937475] Stream restarted via set_stream_sources
2026-05-22 00:49:15,518 | INFO | VCPlatform | [6444599625] Stream restarted via set_stream_sources
2026-05-22 00:49:15,592 | INFO | VCPlatform | [6444599625_2] Stream restarted via set_stream_sources
2026-05-22 00:50:13,709 | INFO | VCPlatform | [7535601861_2] Stream restarted via set_stream_sources
2026-05-22 00:50:54,684 | INFO | VCPlatform | [6451644278] Stream restarted via set_stream_sources
2026-05-22 00:55:27,642 | INFO | VCPlatform | [8015937475] Stream restarted via set_stream_sources
2026-05-22 00:55:52,202 | INFO | VCPlatform | [6444599625_3] Stream restarted via set_stream_sources
2026-05-22 00:56:32,811 | INFO | VCPlatform | [7535601861_2] Stream restarted via set_stream_sources
2026-05-22 00:56:33,620 | INFO | VCPlatform | [6444599625] Stream restarted via set_stream_sources
2026-05-22 00:56:33,695 | INFO | VCPlatform | [6444599625_2] Stream restarted via set_stream_sources
2026-05-22 01:01:50,747 | INFO | VCPlatform | [8015937475] Stream restarted via set_stream_sources
2026-05-22 01:02:12,785 | INFO | VCPlatform | [6451644278] Stream restarted via set_stream_sources
2026-05-22 01:02:51,920 | INFO | VCPlatform | [7535601861_2] Stream restarted via set_stream_sources
2026-05-22 01:03:10,305 | INFO | VCPlatform | [6444599625_3] Stream restarted via set_stream_sources
2026-05-22 01:03:51,725 | INFO | VCPlatform | [6444599625] Stream restarted via set_stream_sources
2026-05-22 01:03:51,797 | INFO | VCPlatform | [6444599625_2] Stream restarted via set_stream_sources
2026-05-22 01:08:13,852 | INFO | VCPlatform | [8015937475] Stream restarted via set_stream_sources
2026-05-22 01:09:11,021 | INFO | VCPlatform | [7535601861_2] Stream restarted via set_stream_sources
2026-05-22 01:10:28,409 | INFO | VCPlatform | [6444599625_3] Stream restarted via set_stream_sources
2026-05-22 01:11:09,827 | INFO | VCPlatform | [6444599625] Stream restarted via set_stream_sources
2026-05-22 01:11:09,898 | INFO | VCPlatform | [6444599625_2] Stream restarted via set_stream_sources
2026-05-22 01:13:30,888 | INFO | VCPlatform | [6451644278] Stream restarted via set_stream_sources
2026-05-22 01:14:36,953 | INFO | VCPlatform | [8015937475] Stream restarted via set_stream_sources
2026-05-22 01:15:30,126 | INFO | VCPlatform | [7535601861_2] Stream restarted via set_stream_sources
2026-05-22 01:17:46,514 | INFO | VCPlatform | [6444599625_3] Stream restarted via set_stream_sources
2026-05-22 01:18:27,930 | INFO | VCPlatform | [6444599625] Stream restarted via set_stream_sources
2026-05-22 01:18:28,000 | INFO | VCPlatform | [6444599625_2] Stream restarted via set_stream_sources
2026-05-22 01:21:00,062 | INFO | VCPlatform | [8015937475] Stream restarted via set_stream_sources
2026-05-22 01:21:49,230 | INFO | VCPlatform | [7535601861_2] Stream restarted via set_stream_sources
2026-05-22 01:24:48,991 | INFO | VCPlatform | [6451644278] Stream restarted via set_stream_sources
2026-05-22 01:25:04,616 | INFO | VCPlatform | [6444599625_3] Stream restarted via set_stream_sources
2026-05-22 01:25:46,031 | INFO | VCPlatform | [6444599625] Stream restarted via set_stream_sources
2026-05-22 01:25:46,104 | INFO | VCPlatform | [6444599625_2] Stream restarted via set_stream_sources
2026-05-22 01:27:23,166 | INFO | VCPlatform | [8015937475] Stream restarted via set_stream_sources
2026-05-22 01:28:08,334 | INFO | VCPlatform | [7535601861_2] Stream restarted via set_stream_sources
2026-05-22 01:32:22,723 | INFO | VCPlatform | [6444599625_3] Stream restarted via set_stream_sources
2026-05-22 01:33:04,134 | INFO | VCPlatform | [6444599625] Stream restarted via set_stream_sources
2026-05-22 01:33:04,207 | INFO | VCPlatform | [6444599625_2] Stream restarted via set_stream_sources
2026-05-22 01:33:46,270 | INFO | VCPlatform | [8015937475] Stream restarted via set_stream_sources
2026-05-22 01:34:27,439 | INFO | VCPlatform | [7535601861_2] Stream restarted via set_stream_sources
2026-05-22 01:36:07,103 | INFO | VCPlatform | [6451644278] Stream restarted via set_stream_sources
2026-05-22 01:39:40,835 | INFO | VCPlatform | [6444599625_3] Stream restarted via set_stream_sources
2026-05-22 01:40:09,377 | INFO | VCPlatform | [8015937475] Stream restarted via set_stream_sources
2026-05-22 01:40:22,242 | INFO | VCPlatform | [6444599625] Stream restarted via set_stream_sources
2026-05-22 01:40:22,309 | INFO | VCPlatform | [6444599625_2] Stream restarted via set_stream_sources
2026-05-22 01:40:46,541 | INFO | VCPlatform | [7535601861_2] Stream restarted via set_stream_sources
2026-05-22 01:46:32,477 | INFO | VCPlatform | [8015937475] Stream restarted via set_stream_sources
2026-05-22 01:46:58,938 | INFO | VCPlatform | [6444599625_3] Stream restarted via set_stream_sources
2026-05-22 01:47:05,641 | INFO | VCPlatform | [7535601861_2] Stream restarted via set_stream_sources
2026-05-22 01:47:25,206 | INFO | VCPlatform | [6451644278] Stream restarted via set_stream_sources
2026-05-22 01:47:40,346 | INFO | VCPlatform | [6444599625] Stream restarted via set_stream_sources
2026-05-22 01:47:40,413 | INFO | VCPlatform | [6444599625_2] Stream restarted via set_stream_sources
2026-05-22 01:52:55,583 | INFO | VCPlatform | [8015937475] Stream restarted via set_stream_sources
2026-05-22 01:53:24,745 | INFO | VCPlatform | [7535601861_2] Stream restarted via set_stream_sources
2026-05-22 01:54:17,039 | INFO | VCPlatform | [6444599625_3] Stream restarted via set_stream_sources
2026-05-22 01:54:58,450 | INFO | VCPlatform | [6444599625] Stream restarted via set_stream_sources
2026-05-22 01:54:58,514 | INFO | VCPlatform | [6444599625_2] Stream restarted via set_stream_sources
2026-05-22 01:58:43,313 | INFO | VCPlatform | [6451644278] Stream restarted via set_stream_sources
2026-05-22 01:59:18,685 | INFO | VCPlatform | [8015937475] Stream restarted via set_stream_sources
2026-05-22 01:59:43,847 | INFO | VCPlatform | [7535601861_2] Stream restarted via set_stream_sources
2026-05-22 02:01:35,144 | INFO | VCPlatform | [6444599625_3] Stream restarted via set_stream_sources
2026-05-22 02:02:16,553 | INFO | VCPlatform | [6444599625] Stream restarted via set_stream_sources
2026-05-22 02:02:16,619 | INFO | VCPlatform | [6444599625_2] Stream restarted via set_stream_sources
2026-05-22 02:05:41,874 | INFO | VCPlatform | [8015937475] Stream restarted via set_stream_sources
2026-05-22 02:06:02,952 | INFO | VCPlatform | [7535601861_2] Stream restarted via set_stream_sources
2026-05-22 02:08:53,246 | INFO | VCPlatform | [6444599625_3] Stream restarted via set_stream_sources
2026-05-22 02:09:34,659 | INFO | VCPlatform | [6444599625] Stream restarted via set_stream_sources
2026-05-22 02:09:34,730 | INFO | VCPlatform | [6444599625_2] Stream restarted via set_stream_sources
2026-05-22 02:10:01,414 | INFO | VCPlatform | [6451644278] Stream restarted via set_stream_sources
2026-05-22 02:12:04,952 | INFO | VCPlatform | [8015937475] Stream restarted via set_stream_sources
2026-05-22 02:12:22,054 | INFO | VCPlatform | [7535601861_2] Stream restarted via set_stream_sources
2026-05-22 02:16:11,353 | INFO | VCPlatform | [6444599625_3] Stream restarted via set_stream_sources
2026-05-22 02:16:52,763 | INFO | VCPlatform | [6444599625] Stream restarted via set_stream_sources
2026-05-22 02:16:52,840 | INFO | VCPlatform | [6444599625_2] Stream restarted via set_stream_sources
2026-05-22 02:18:28,057 | INFO | VCPlatform | [8015937475] Stream restarted via set_stream_sources
2026-05-22 02:18:41,158 | INFO | VCPlatform | [7535601861_2] Stream restarted via set_stream_sources
2026-05-22 02:21:19,518 | INFO | VCPlatform | [6451644278] Stream restarted via set_stream_sources
2026-05-22 02:23:29,456 | INFO | VCPlatform | [6444599625_3] Stream restarted via set_stream_sources
2026-05-22 02:24:10,868 | INFO | VCPlatform | [6444599625] Stream restarted via set_stream_sources
2026-05-22 02:24:10,942 | INFO | VCPlatform | [6444599625_2] Stream restarted via set_stream_sources
2026-05-22 02:24:51,160 | INFO | VCPlatform | [8015937475] Stream restarted via set_stream_sources
2026-05-22 02:25:00,296 | INFO | VCPlatform | [7535601861_2] Stream restarted via set_stream_sources
2026-05-22 02:30:47,580 | INFO | VCPlatform | [6444599625_3] Stream restarted via set_stream_sources
2026-05-22 02:31:14,262 | INFO | VCPlatform | [8015937475] Stream restarted via set_stream_sources
2026-05-22 02:31:19,397 | INFO | VCPlatform | [7535601861_2] Stream restarted via set_stream_sources
2026-05-22 02:31:28,969 | INFO | VCPlatform | [6444599625] Stream restarted via set_stream_sources
2026-05-22 02:31:29,045 | INFO | VCPlatform | [6444599625_2] Stream restarted via set_stream_sources
2026-05-22 02:32:37,621 | INFO | VCPlatform | [6451644278] Stream restarted via set_stream_sources
2026-05-22 02:37:37,366 | INFO | VCPlatform | [8015937475] Stream restarted via set_stream_sources
2026-05-22 02:37:38,502 | INFO | VCPlatform | [7535601861_2] Stream restarted via set_stream_sources
2026-05-22 02:38:05,683 | INFO | VCPlatform | [6444599625_3] Stream restarted via set_stream_sources
2026-05-22 02:38:47,072 | INFO | VCPlatform | [6444599625] Stream restarted via set_stream_sources
2026-05-22 02:38:47,150 | INFO | VCPlatform | [6444599625_2] Stream restarted via set_stream_sources
2026-05-22 02:43:55,726 | INFO | VCPlatform | [6451644278] Stream restarted via set_stream_sources
2026-05-22 02:43:57,603 | INFO | VCPlatform | [7535601861_2] Stream restarted via set_stream_sources
2026-05-22 02:44:00,470 | INFO | VCPlatform | [8015937475] Stream restarted via set_stream_sources
2026-05-22 02:45:23,786 | INFO | VCPlatform | [6444599625_3] Stream restarted via set_stream_sources
2026-05-22 02:46:05,173 | INFO | VCPlatform | [6444599625] Stream restarted via set_stream_sources
2026-05-22 02:46:05,259 | INFO | VCPlatform | [6444599625_2] Stream restarted via set_stream_sources
2026-05-22 02:50:16,709 | INFO | VCPlatform | [7535601861_2] Stream restarted via set_stream_sources
2026-05-22 02:50:23,573 | INFO | VCPlatform | [8015937475] Stream restarted via set_stream_sources
2026-05-22 02:52:41,889 | INFO | VCPlatform | [6444599625_3] Stream restarted via set_stream_sources
2026-05-22 02:53:23,276 | INFO | VCPlatform | [6444599625] Stream restarted via set_stream_sources
2026-05-22 02:53:23,357 | INFO | VCPlatform | [6444599625_2] Stream restarted via set_stream_sources
2026-05-22 02:55:13,832 | INFO | VCPlatform | [6451644278] Stream restarted via set_stream_sources
2026-05-22 02:56:35,812 | INFO | VCPlatform | [7535601861_2] Stream restarted via set_stream_sources
2026-05-22 02:56:46,689 | INFO | VCPlatform | [8015937475] Stream restarted via set_stream_sources
2026-05-22 02:59:59,994 | INFO | VCPlatform | [6444599625_3] Stream restarted via set_stream_sources
2026-05-22 03:00:41,379 | INFO | VCPlatform | [6444599625] Stream restarted via set_stream_sources
2026-05-22 03:00:41,459 | INFO | VCPlatform | [6444599625_2] Stream restarted via set_stream_sources
2026-05-22 03:02:54,921 | INFO | VCPlatform | [7535601861_2] Stream restarted via set_stream_sources
2026-05-22 03:03:09,785 | INFO | VCPlatform | [8015937475] Stream restarted via set_stream_sources
2026-05-22 03:06:31,934 | INFO | VCPlatform | [6451644278] Stream restarted via set_stream_sources
2026-05-22 03:07:18,100 | INFO | VCPlatform | [6444599625_3] Stream restarted via set_stream_sources
2026-05-22 03:07:59,481 | INFO | VCPlatform | [6444599625] Stream restarted via set_stream_sources
2026-05-22 03:07:59,562 | INFO | VCPlatform | [6444599625_2] Stream restarted via set_stream_sources
2026-05-22 03:09:14,021 | INFO | VCPlatform | [7535601861_2] Stream restarted via set_stream_sources
2026-05-22 03:09:32,890 | INFO | VCPlatform | [8015937475] Stream restarted via set_stream_sources
2026-05-22 03:11:07,098 | ERROR | telegram.ext.Updater | Error while getting Updates: Bad Gateway
2026-05-22 03:11:07,100 | ERROR | telegram.ext.Updater | Exception happened while polling for updates.
Traceback (most recent call last):
  File "/root/voiceplay/.venv/lib/python3.10/site-packages/telegram/ext/_updater.py", line 688, in _network_loop_retry
    if not await action_cb():
  File "/root/voiceplay/.venv/lib/python3.10/site-packages/telegram/ext/_updater.py", line 384, in polling_action_cb
    raise exc
  File "/root/voiceplay/.venv/lib/python3.10/site-packages/telegram/ext/_updater.py", line 373, in polling_action_cb
    updates = await self.bot.get_updates(
  File "/root/voiceplay/.venv/lib/python3.10/site-packages/telegram/ext/_extbot.py", line 558, in get_updates
    updates = await super().get_updates(
  File "/root/voiceplay/.venv/lib/python3.10/site-packages/telegram/_bot.py", line 525, in decorator
    result = await func(self, *args, **kwargs)  # skipcq: PYL-E1102
  File "/root/voiceplay/.venv/lib/python3.10/site-packages/telegram/_bot.py", line 3584, in get_updates
    await self._post(
  File "/root/voiceplay/.venv/lib/python3.10/site-packages/telegram/_bot.py", line 613, in _post
    return await self._do_post(
  File "/root/voiceplay/.venv/lib/python3.10/site-packages/telegram/ext/_extbot.py", line 340, in _do_post
    return await super()._do_post(
  File "/root/voiceplay/.venv/lib/python3.10/site-packages/telegram/_bot.py", line 641, in _do_post
    return await request.post(
  File "/root/voiceplay/.venv/lib/python3.10/site-packages/telegram/request/_baserequest.py", line 200, in post
    result = await self._request_wrapper(
  File "/root/voiceplay/.venv/lib/python3.10/site-packages/telegram/request/_baserequest.py", line 383, in _request_wrapper
    raise NetworkError(description or "Bad Gateway")
telegram.error.NetworkError: Bad Gateway
2026-05-22 03:11:08,358 | ERROR | telegram.ext.Updater | Error while getting Updates: Bad Gateway
2026-05-22 03:11:08,358 | ERROR | telegram.ext.Updater | Exception happened while polling for updates.
Traceback (most recent call last):
  File "/root/voiceplay/.venv/lib/python3.10/site-packages/telegram/ext/_updater.py", line 688, in _network_loop_retry
    if not await action_cb():
  File "/root/voiceplay/.venv/lib/python3.10/site-packages/telegram/ext/_updater.py", line 384, in polling_action_cb
    raise exc
  File "/root/voiceplay/.venv/lib/python3.10/site-packages/telegram/ext/_updater.py", line 373, in polling_action_cb
    updates = await self.bot.get_updates(
  File "/root/voiceplay/.venv/lib/python3.10/site-packages/telegram/ext/_extbot.py", line 558, in get_updates
    updates = await super().get_updates(
  File "/root/voiceplay/.venv/lib/python3.10/site-packages/telegram/_bot.py", line 525, in decorator
    result = await func(self, *args, **kwargs)  # skipcq: PYL-E1102
  File "/root/voiceplay/.venv/lib/python3.10/site-packages/telegram/_bot.py", line 3584, in get_updates
    await self._post(
  File "/root/voiceplay/.venv/lib/python3.10/site-packages/telegram/_bot.py", line 613, in _post
    return await self._do_post(
  File "/root/voiceplay/.venv/lib/python3.10/site-packages/telegram/ext/_extbot.py", line 340, in _do_post
    return await super()._do_post(
  File "/root/voiceplay/.venv/lib/python3.10/site-packages/telegram/_bot.py", line 641, in _do_post
    return await request.post(
  File "/root/voiceplay/.venv/lib/python3.10/site-packages/telegram/request/_baserequest.py", line 200, in post
    result = await self._request_wrapper(
  File "/root/voiceplay/.venv/lib/python3.10/site-packages/telegram/request/_baserequest.py", line 383, in _request_wrapper
    raise NetworkError(description or "Bad Gateway")
telegram.error.NetworkError: Bad Gateway
2026-05-22 03:11:10,114 | ERROR | telegram.ext.Updater | Error while getting Updates: Bad Gateway
2026-05-22 03:11:10,115 | ERROR | telegram.ext.Updater | Exception happened while polling for updates.
Traceback (most recent call last):
  File "/root/voiceplay/.venv/lib/python3.10/site-packages/telegram/ext/_updater.py", line 688, in _network_loop_retry
    if not await action_cb():
  File "/root/voiceplay/.venv/lib/python3.10/site-packages/telegram/ext/_updater.py", line 384, in polling_action_cb
    raise exc
  File "/root/voiceplay/.venv/lib/python3.10/site-packages/telegram/ext/_updater.py", line 373, in polling_action_cb
    updates = await self.bot.get_updates(
  File "/root/voiceplay/.venv/lib/python3.10/site-packages/telegram/ext/_extbot.py", line 558, in get_updates
    updates = await super().get_updates(
  File "/root/voiceplay/.venv/lib/python3.10/site-packages/telegram/_bot.py", line 525, in decorator
    result = await func(self, *args, **kwargs)  # skipcq: PYL-E1102
  File "/root/voiceplay/.venv/lib/python3.10/site-packages/telegram/_bot.py", line 3584, in get_updates
    await self._post(
  File "/root/voiceplay/.venv/lib/python3.10/site-packages/telegram/_bot.py", line 613, in _post
    return await self._do_post(
  File "/root/voiceplay/.venv/lib/python3.10/site-packages/telegram/ext/_extbot.py", line 340, in _do_post
    return await super()._do_post(
  File "/root/voiceplay/.venv/lib/python3.10/site-packages/telegram/_bot.py", line 641, in _do_post
    return await request.post(
  File "/root/voiceplay/.venv/lib/python3.10/site-packages/telegram/request/_baserequest.py", line 200, in post
    result = await self._request_wrapper(
  File "/root/voiceplay/.venv/lib/python3.10/site-packages/telegram/request/_baserequest.py", line 383, in _request_wrapper
    raise NetworkError(description or "Bad Gateway")
telegram.error.NetworkError: Bad Gateway
2026-05-22 03:11:12,627 | ERROR | telegram.ext.Updater | Error while getting Updates: Bad Gateway
2026-05-22 03:11:12,627 | ERROR | telegram.ext.Updater | Exception happened while polling for updates.
Traceback (most recent call last):
  File "/root/voiceplay/.venv/lib/python3.10/site-packages/telegram/ext/_updater.py", line 688, in _network_loop_retry
    if not await action_cb():
  File "/root/voiceplay/.venv/lib/python3.10/site-packages/telegram/ext/_updater.py", line 384, in polling_action_cb
    raise exc
  File "/root/voiceplay/.venv/lib/python3.10/site-packages/telegram/ext/_updater.py", line 373, in polling_action_cb
    updates = await self.bot.get_updates(
  File "/root/voiceplay/.venv/lib/python3.10/site-packages/telegram/ext/_extbot.py", line 558, in get_updates
    updates = await super().get_updates(
  File "/root/voiceplay/.venv/lib/python3.10/site-packages/telegram/_bot.py", line 525, in decorator
    result = await func(self, *args, **kwargs)  # skipcq: PYL-E1102
  File "/root/voiceplay/.venv/lib/python3.10/site-packages/telegram/_bot.py", line 3584, in get_updates
    await self._post(
  File "/root/voiceplay/.venv/lib/python3.10/site-packages/telegram/_bot.py", line 613, in _post
    return await self._do_post(
  File "/root/voiceplay/.venv/lib/python3.10/site-packages/telegram/ext/_extbot.py", line 340, in _do_post
    return await super()._do_post(
  File "/root/voiceplay/.venv/lib/python3.10/site-packages/telegram/_bot.py", line 641, in _do_post
    return await request.post(
  File "/root/voiceplay/.venv/lib/python3.10/site-packages/telegram/request/_baserequest.py", line 200, in post
    result = await self._request_wrapper(
  File "/root/voiceplay/.venv/lib/python3.10/site-packages/telegram/request/_baserequest.py", line 383, in _request_wrapper
    raise NetworkError(description or "Bad Gateway")
telegram.error.NetworkError: Bad Gateway
2026-05-22 03:14:36,202 | INFO | VCPlatform | [6444599625_3] Stream restarted via set_stream_sources
2026-05-22 03:15:17,583 | INFO | VCPlatform | [6444599625] Stream restarted via set_stream_sources
2026-05-22 03:15:17,666 | INFO | VCPlatform | [6444599625_2] Stream restarted via set_stream_sources
2026-05-22 03:15:33,128 | INFO | VCPlatform | [7535601861_2] Stream restarted via set_stream_sources
2026-05-22 03:15:55,992 | INFO | VCPlatform | [8015937475] Stream restarted via set_stream_sources
2026-05-22 03:17:50,036 | INFO | VCPlatform | [6451644278] Stream restarted via set_stream_sources
2026-05-22 03:21:52,232 | INFO | VCPlatform | [7535601861_2] Stream restarted via set_stream_sources
2026-05-22 03:21:54,303 | INFO | VCPlatform | [6444599625_3] Stream restarted via set_stream_sources
2026-05-22 03:22:19,096 | INFO | VCPlatform | [8015937475] Stream restarted via set_stream_sources
2026-05-22 03:22:35,685 | INFO | VCPlatform | [6444599625] Stream restarted via set_stream_sources
2026-05-22 03:22:35,767 | INFO | VCPlatform | [6444599625_2] Stream restarted via set_stream_sources
2026-05-22 03:28:11,338 | INFO | VCPlatform | [7535601861_2] Stream restarted via set_stream_sources
2026-05-22 03:28:42,199 | INFO | VCPlatform | [8015937475] Stream restarted via set_stream_sources
2026-05-22 03:29:08,140 | INFO | VCPlatform | [6451644278] Stream restarted via set_stream_sources
2026-05-22 03:29:12,405 | INFO | VCPlatform | [6444599625_3] Stream restarted via set_stream_sources
2026-05-22 03:29:53,788 | INFO | VCPlatform | [6444599625] Stream restarted via set_stream_sources
2026-05-22 03:29:53,869 | INFO | VCPlatform | [6444599625_2] Stream restarted via set_stream_sources
2026-05-22 03:34:30,460 | INFO | VCPlatform | [7535601861_2] Stream restarted via set_stream_sources
2026-05-22 03:35:05,305 | INFO | VCPlatform | [8015937475] Stream restarted via set_stream_sources
2026-05-22 03:36:30,511 | INFO | VCPlatform | [6444599625_3] Stream restarted via set_stream_sources
2026-05-22 03:37:11,890 | INFO | VCPlatform | [6444599625] Stream restarted via set_stream_sources
2026-05-22 03:37:11,970 | INFO | VCPlatform | [6444599625_2] Stream restarted via set_stream_sources
2026-05-22 03:40:26,244 | INFO | VCPlatform | [6451644278] Stream restarted via set_stream_sources
2026-05-22 03:40:49,557 | INFO | VCPlatform | [7535601861_2] Stream restarted via set_stream_sources
2026-05-22 03:41:28,410 | INFO | VCPlatform | [8015937475] Stream restarted via set_stream_sources
2026-05-22 03:43:48,636 | INFO | VCPlatform | [6444599625_3] Stream restarted via set_stream_sources
2026-05-22 03:44:29,994 | INFO | VCPlatform | [6444599625] Stream restarted via set_stream_sources
2026-05-22 03:44:30,072 | INFO | VCPlatform | [6444599625_2] Stream restarted via set_stream_sources
2026-05-22 03:45:15,672 | INFO | VCPlatform | [6444599625_4] Monitor exit: subscription expired [https://t.me/+Z6J56TI-fZFlZTQ1]
2026-05-22 03:45:15,672 | INFO | VCPlatform | [6444599625_4] Monitor stopped for https://t.me/+Z6J56TI-fZFlZTQ1
2026-05-22 03:45:54,796 | INFO | VCPlatform | [6444599625_2] Monitor exit: subscription expired [https://t.me/+5wYXdZfacPwwZTZl]
2026-05-22 03:45:54,971 | INFO | VCPlatform | [6444599625_2] Monitor stopped for https://t.me/+5wYXdZfacPwwZTZl
2026-05-22 03:47:08,661 | INFO | VCPlatform | [7535601861_2] Stream restarted via set_stream_sources
2026-05-22 03:47:51,515 | INFO | VCPlatform | [8015937475] Stream restarted via set_stream_sources
2026-05-22 03:51:06,737 | INFO | VCPlatform | [6444599625_3] Stream restarted via set_stream_sources
2026-05-22 03:51:44,347 | INFO | VCPlatform | [6451644278] Stream restarted via set_stream_sources
2026-05-22 03:51:48,139 | INFO | VCPlatform | [6444599625] Stream restarted via set_stream_sources
2026-05-22 03:53:27,765 | INFO | VCPlatform | [7535601861_2] Stream restarted via set_stream_sources
2026-05-22 03:54:14,618 | INFO | VCPlatform | [8015937475] Stream restarted via set_stream_sources
2026-05-22 03:58:24,844 | INFO | VCPlatform | [6444599625_3] Stream restarted via set_stream_sources
2026-05-22 03:59:06,247 | INFO | VCPlatform | [6444599625] Stream restarted via set_stream_sources
2026-05-22 03:59:46,867 | INFO | VCPlatform | [7535601861_2] Stream restarted via set_stream_sources
2026-05-22 04:00:37,722 | INFO | VCPlatform | [8015937475] Stream restarted via set_stream_sources
2026-05-22 04:03:02,469 | INFO | VCPlatform | [6451644278] Stream restarted via set_stream_sources
2026-05-22 04:05:42,958 | INFO | VCPlatform | [6444599625_3] Stream restarted via set_stream_sources
2026-05-22 04:06:05,970 | INFO | VCPlatform | [7535601861_2] Stream restarted via set_stream_sources
2026-05-22 04:06:24,350 | INFO | VCPlatform | [6444599625] Stream restarted via set_stream_sources
2026-05-22 04:07:00,825 | INFO | VCPlatform | [8015937475] Stream restarted via set_stream_sources
2026-05-22 04:12:25,076 | INFO | VCPlatform | [7535601861_2] Stream restarted via set_stream_sources
2026-05-22 04:13:01,061 | INFO | VCPlatform | [6444599625_3] Stream restarted via set_stream_sources
2026-05-22 04:13:23,927 | INFO | VCPlatform | [8015937475] Stream restarted via set_stream_sources
2026-05-22 04:13:42,452 | INFO | VCPlatform | [6444599625] Stream restarted via set_stream_sources
2026-05-22 04:14:20,575 | INFO | VCPlatform | [6451644278] Stream restarted via set_stream_sources
2026-05-22 04:18:44,178 | INFO | VCPlatform | [7535601861_2] Stream restarted via set_stream_sources
2026-05-22 04:19:47,031 | INFO | VCPlatform | [8015937475] Stream restarted via set_stream_sources
2026-05-22 04:20:19,162 | INFO | VCPlatform | [6444599625_3] Stream restarted via set_stream_sources
2026-05-22 04:21:00,558 | INFO | VCPlatform | [6444599625] Stream restarted via set_stream_sources
2026-05-22 04:25:03,301 | INFO | VCPlatform | [7535601861_2] Stream restarted via set_stream_sources
2026-05-22 04:25:38,676 | INFO | VCPlatform | [6451644278] Stream restarted via set_stream_sources
2026-05-22 04:26:10,136 | INFO | VCPlatform | [8015937475] Stream restarted via set_stream_sources
2026-05-22 04:27:37,265 | INFO | VCPlatform | [6444599625_3] Stream restarted via set_stream_sources
2026-05-22 04:28:18,661 | INFO | VCPlatform | [6444599625] Stream restarted via set_stream_sources
2026-05-22 04:31:22,408 | INFO | VCPlatform | [7535601861_2] Stream restarted via set_stream_sources
2026-05-22 04:32:33,235 | INFO | VCPlatform | [8015937475] Stream restarted via set_stream_sources
2026-05-22 04:34:55,373 | INFO | VCPlatform | [6444599625_3] Stream restarted via set_stream_sources
2026-05-22 04:35:36,764 | INFO | VCPlatform | [6444599625] Stream restarted via set_stream_sources
2026-05-22 04:36:56,777 | INFO | VCPlatform | [6451644278] Stream restarted via set_stream_sources
2026-05-22 04:37:41,506 | INFO | VCPlatform | [7535601861_2] Stream restarted via set_stream_sources
2026-05-22 04:38:05,350 | WARNING | asyncio | socket.send() raised exception.
2026-05-22 04:38:05,351 | WARNING | asyncio | socket.send() raised exception.
2026-05-22 04:38:05,352 | WARNING | asyncio | socket.send() raised exception.
2026-05-22 04:38:19,834 | WARNING | asyncio | socket.send() raised exception.
2026-05-22 04:38:19,835 | WARNING | asyncio | socket.send() raised exception.
2026-05-22 04:38:24,398 | WARNING | asyncio | socket.send() raised exception.
2026-05-22 04:38:24,399 | WARNING | asyncio | socket.send() raised exception.
2026-05-22 04:38:24,400 | WARNING | asyncio | socket.send() raised exception.
2026-05-22 04:38:25,163 | WARNING | asyncio | socket.send() raised exception.
2026-05-22 04:38:25,166 | WARNING | asyncio | socket.send() raised exception.
2026-05-22 04:38:25,357 | WARNING | asyncio | socket.send() raised exception.
2026-05-22 04:38:25,359 | WARNING | asyncio | socket.send() raised exception.
2026-05-22 04:38:25,360 | WARNING | asyncio | socket.send() raised exception.
2026-05-22 04:38:25,360 | WARNING | asyncio | socket.send() raised exception.
2026-05-22 04:38:29,666 | WARNING | asyncio | socket.send() raised exception.
2026-05-22 04:38:29,667 | WARNING | asyncio | socket.send() raised exception.
2026-05-22 04:38:29,667 | WARNING | asyncio | socket.send() raised exception.
2026-05-22 04:38:29,668 | WARNING | asyncio | socket.send() raised exception.
2026-05-22 04:38:39,080 | WARNING | pyrogram.connection.connection | Unable to connect due to network issues: Connection timed out
2026-05-22 04:38:39,886 | WARNING | pyrogram.connection.connection | Unable to connect due to network issues: Connection timed out
2026-05-22 04:38:41,695 | WARNING | pyrogram.connection.connection | Unable to connect due to network issues: Connection timed out
2026-05-22 04:38:44,746 | WARNING | asyncio | socket.send() raised exception.
2026-05-22 04:38:44,747 | WARNING | asyncio | socket.send() raised exception.
2026-05-22 04:38:44,747 | WARNING | asyncio | socket.send() raised exception.
2026-05-22 04:38:45,568 | WARNING | asyncio | socket.send() raised exception.
2026-05-22 04:38:45,569 | WARNING | asyncio | socket.send() raised exception.
2026-05-22 04:38:45,569 | WARNING | asyncio | socket.send() raised exception.
2026-05-22 04:38:45,569 | WARNING | asyncio | socket.send() raised exception.
2026-05-22 04:38:45,570 | WARNING | asyncio | socket.send() raised exception.
2026-05-22 04:38:46,705 | WARNING | asyncio | socket.send() raised exception.
2026-05-22 04:38:46,715 | WARNING | asyncio | socket.send() raised exception.
2026-05-22 04:38:46,716 | WARNING | asyncio | socket.send() raised exception.
2026-05-22 04:38:47,089 | WARNING | asyncio | socket.send() raised exception.
2026-05-22 04:38:47,089 | WARNING | asyncio | socket.send() raised exception.
2026-05-22 04:38:47,089 | WARNING | asyncio | socket.send() raised exception.
2026-05-22 04:38:47,089 | WARNING | asyncio | socket.send() raised exception.
2026-05-22 04:38:47,491 | WARNING | asyncio | socket.send() raised exception.
2026-05-22 04:38:47,491 | WARNING | asyncio | socket.send() raised exception.
2026-05-22 04:38:48,859 | WARNING | asyncio | socket.send() raised exception.
2026-05-22 04:38:48,860 | WARNING | asyncio | socket.send() raised exception.
2026-05-22 04:38:48,860 | WARNING | asyncio | socket.send() raised exception.
2026-05-22 04:38:48,861 | WARNING | asyncio | socket.send() raised exception.
2026-05-22 04:38:48,861 | WARNING | asyncio | socket.send() raised exception.
2026-05-22 04:38:48,861 | WARNING | asyncio | socket.send() raised exception.
2026-05-22 04:38:49,236 | WARNING | asyncio | socket.send() raised exception.
2026-05-22 04:38:49,237 | WARNING | asyncio | socket.send() raised exception.
2026-05-22 04:38:49,237 | WARNING | asyncio | socket.send() raised exception.
2026-05-22 04:38:49,820 | WARNING | asyncio | socket.send() raised exception.
2026-05-22 04:38:49,820 | WARNING | asyncio | socket.send() raised exception.
2026-05-22 04:38:49,822 | WARNING | asyncio | socket.send() raised exception.
2026-05-22 04:38:49,823 | WARNING | asyncio | socket.send() raised exception.
2026-05-22 04:38:49,823 | WARNING | asyncio | socket.send() raised exception.
2026-05-22 04:38:49,823 | WARNING | asyncio | socket.send() raised exception.
2026-05-22 04:38:51,455 | WARNING | asyncio | socket.send() raised exception.
2026-05-22 04:38:51,464 | WARNING | asyncio | socket.send() raised exception.
2026-05-22 04:38:51,465 | WARNING | asyncio | socket.send() raised exception.
2026-05-22 04:38:51,465 | WARNING | asyncio | socket.send() raised exception.
2026-05-22 04:38:51,466 | WARNING | asyncio | socket.send() raised exception.
2026-05-22 04:38:52,158 | WARNING | asyncio | socket.send() raised exception.
2026-05-22 04:38:52,159 | WARNING | asyncio | socket.send() raised exception.
2026-05-22 04:38:52,159 | WARNING | asyncio | socket.send() raised exception.
2026-05-22 04:38:52,160 | WARNING | asyncio | socket.send() raised exception.
2026-05-22 04:38:52,160 | WARNING | asyncio | socket.send() raised exception.
2026-05-22 04:38:53,125 | WARNING | asyncio | socket.send() raised exception.
2026-05-22 04:38:53,126 | WARNING | asyncio | socket.send() raised exception.
2026-05-22 04:38:53,126 | WARNING | asyncio | socket.send() raised exception.
2026-05-22 04:38:53,126 | WARNING | asyncio | socket.send() raised exception.
2026-05-22 04:38:53,127 | WARNING | asyncio | socket.send() raised exception.
2026-05-22 04:38:53,127 | WARNING | asyncio | socket.send() raised exception.
2026-05-22 04:38:53,127 | WARNING | asyncio | socket.send() raised exception.
2026-05-22 04:38:53,127 | WARNING | asyncio | socket.send() raised exception.
2026-05-22 04:38:53,127 | WARNING | asyncio | socket.send() raised exception.
2026-05-22 04:38:53,878 | WARNING | asyncio | socket.send() raised exception.
2026-05-22 04:38:53,880 | WARNING | asyncio | socket.send() raised exception.
2026-05-22 04:38:53,880 | WARNING | asyncio | socket.send() raised exception.
2026-05-22 04:38:53,881 | WARNING | asyncio | socket.send() raised exception.
2026-05-22 04:38:53,881 | WARNING | asyncio | socket.send() raised exception.
2026-05-22 04:38:53,881 | WARNING | asyncio | socket.send() raised exception.
2026-05-22 04:38:55,143 | WARNING | asyncio | socket.send() raised exception.
2026-05-22 04:38:55,145 | WARNING | asyncio | socket.send() raised exception.
2026-05-22 04:38:56,198 | WARNING | asyncio | socket.send() raised exception.
2026-05-22 04:38:56,201 | WARNING | asyncio | socket.send() raised exception.
2026-05-22 04:38:56,203 | WARNING | asyncio | socket.send() raised exception.
2026-05-22 04:38:56,204 | WARNING | asyncio | socket.send() raised exception.
2026-05-22 04:38:56,205 | WARNING | asyncio | socket.send() raised exception.
2026-05-22 04:38:56,338 | INFO | VCPlatform | [8015937475] Stream restarted via set_stream_sources
2026-05-22 04:38:57,774 | WARNING | asyncio | socket.send() raised exception.
2026-05-22 04:38:57,775 | WARNING | asyncio | socket.send() raised exception.
2026-05-22 04:38:57,776 | WARNING | asyncio | socket.send() raised exception.
2026-05-22 04:39:01,250 | WARNING | asyncio | socket.send() raised exception.
2026-05-22 04:39:01,251 | WARNING | asyncio | socket.send() raised exception.
2026-05-22 04:39:01,251 | WARNING | asyncio | socket.send() raised exception.
2026-05-22 04:39:03,144 | WARNING | asyncio | socket.send() raised exception.
2026-05-22 04:39:03,145 | WARNING | asyncio | socket.send() raised exception.
2026-05-22 04:39:03,750 | WARNING | asyncio | socket.send() raised exception.
2026-05-22 04:39:04,097 | WARNING | asyncio | socket.send() raised exception.
2026-05-22 04:39:04,519 | WARNING | asyncio | socket.send() raised exception.
2026-05-22 04:39:06,392 | WARNING | asyncio | socket.send() raised exception.
2026-05-22 04:39:06,393 | WARNING | asyncio | socket.send() raised exception.
2026-05-22 04:39:06,393 | WARNING | asyncio | socket.send() raised exception.
2026-05-22 04:39:06,637 | WARNING | asyncio | socket.send() raised exception.
2026-05-22 04:39:08,679 | WARNING | asyncio | socket.send() raised exception.
2026-05-22 04:39:08,680 | WARNING | asyncio | socket.send() raised exception.
2026-05-22 04:39:08,681 | WARNING | asyncio | socket.send() raised exception.
2026-05-22 04:39:16,291 | WARNING | asyncio | socket.send() raised exception.
2026-05-22 04:39:29,098 | WARNING | asyncio | socket.send() raised exception.
2026-05-22 04:39:29,100 | WARNING | asyncio | socket.send() raised exception.
2026-05-22 04:39:29,100 | WARNING | asyncio | socket.send() raised exception.
2026-05-22 04:39:33,982 | WARNING | asyncio | socket.send() raised exception.
2026-05-22 04:39:33,983 | WARNING | asyncio | socket.send() raised exception.
2026-05-22 04:39:34,765 | WARNING | asyncio | socket.send() raised exception.
2026-05-22 04:39:37,838 | WARNING | asyncio | socket.send() raised exception.
2026-05-22 04:39:37,839 | WARNING | asyncio | socket.send() raised exception.
2026-05-22 04:39:37,839 | WARNING | asyncio | socket.send() raised exception.
2026-05-22 04:39:40,499 | WARNING | asyncio | socket.send() raised exception.
2026-05-22 04:39:40,499 | WARNING | asyncio | socket.send() raised exception.
2026-05-22 04:39:43,159 | WARNING | asyncio | socket.send() raised exception.
2026-05-22 04:39:43,161 | WARNING | asyncio | socket.send() raised exception.
2026-05-22 04:39:43,161 | WARNING | asyncio | socket.send() raised exception.
2026-05-22 04:39:43,161 | WARNING | asyncio | socket.send() raised exception.
2026-05-22 04:39:45,820 | WARNING | asyncio | socket.send() raised exception.
2026-05-22 04:39:45,820 | WARNING | asyncio | socket.send() raised exception.
2026-05-22 04:39:46,587 | WARNING | asyncio | socket.send() raised exception.
2026-05-22 04:39:46,589 | WARNING | asyncio | socket.send() raised exception.
2026-05-22 04:39:46,589 | WARNING | asyncio | socket.send() raised exception.
2026-05-22 04:39:47,533 | WARNING | asyncio | socket.send() raised exception.
2026-05-22 04:39:47,534 | WARNING | asyncio | socket.send() raised exception.
2026-05-22 04:39:48,471 | WARNING | asyncio | socket.send() raised exception.
2026-05-22 04:39:48,471 | WARNING | asyncio | socket.send() raised exception.
2026-05-22 04:39:49,241 | WARNING | asyncio | socket.send() raised exception.
2026-05-22 04:39:49,244 | WARNING | asyncio | socket.send() raised exception.
2026-05-22 04:39:49,244 | WARNING | asyncio | socket.send() raised exception.
2026-05-22 04:42:13,476 | INFO | VCPlatform | [6444599625_3] Stream restarted via set_stream_sources
2026-05-22 04:42:54,866 | INFO | VCPlatform | [6444599625] Stream restarted via set_stream_sources
2026-05-22 04:44:00,611 | INFO | VCPlatform | [7535601861_2] Stream restarted via set_stream_sources
2026-05-22 04:45:19,440 | INFO | VCPlatform | [8015937475] Stream restarted via set_stream_sources
2026-05-22 04:48:14,883 | INFO | VCPlatform | [6451644278] Stream restarted via set_stream_sources
2026-05-22 04:49:31,580 | INFO | VCPlatform | [6444599625_3] Stream restarted via set_stream_sources
2026-05-22 04:50:12,977 | INFO | VCPlatform | [6444599625] Stream restarted via set_stream_sources
2026-05-22 04:50:19,712 | INFO | VCPlatform | [7535601861_2] Stream restarted via set_stream_sources
2026-05-22 04:51:42,544 | INFO | VCPlatform | [8015937475] Stream restarted via set_stream_sources
2026-05-22 04:56:38,816 | INFO | VCPlatform | [7535601861_2] Stream restarted via set_stream_sources
2026-05-22 04:56:49,681 | INFO | VCPlatform | [6444599625_3] Stream restarted via set_stream_sources
2026-05-22 04:57:31,080 | INFO | VCPlatform | [6444599625] Stream restarted via set_stream_sources
2026-05-22 04:58:05,654 | INFO | VCPlatform | [8015937475] Stream restarted via set_stream_sources
2026-05-22 04:59:32,984 | INFO | VCPlatform | [6451644278] Stream restarted via set_stream_sources
2026-05-22 05:02:57,919 | INFO | VCPlatform | [7535601861_2] Stream restarted via set_stream_sources
2026-05-22 05:04:07,787 | INFO | VCPlatform | [6444599625_3] Stream restarted via set_stream_sources
2026-05-22 05:04:28,753 | INFO | VCPlatform | [8015937475] Stream restarted via set_stream_sources
2026-05-22 05:04:49,182 | INFO | VCPlatform | [6444599625] Stream restarted via set_stream_sources
2026-05-22 05:09:17,023 | INFO | VCPlatform | [7535601861_2] Stream restarted via set_stream_sources
2026-05-22 05:10:51,086 | INFO | VCPlatform | [6451644278] Stream restarted via set_stream_sources
2026-05-22 05:10:51,858 | INFO | VCPlatform | [8015937475] Stream restarted via set_stream_sources
2026-05-22 05:11:25,887 | INFO | VCPlatform | [6444599625_3] Stream restarted via set_stream_sources
2026-05-22 05:12:07,295 | INFO | VCPlatform | [6444599625] Stream restarted via set_stream_sources
2026-05-22 05:15:36,132 | INFO | VCPlatform | [7535601861_2] Stream restarted via set_stream_sources
2026-05-22 05:17:14,960 | INFO | VCPlatform | [8015937475] Stream restarted via set_stream_sources
2026-05-22 05:18:43,991 | INFO | VCPlatform | [6444599625_3] Stream restarted via set_stream_sources
2026-05-22 05:19:25,398 | INFO | VCPlatform | [6444599625] Stream restarted via set_stream_sources
2026-05-22 05:21:55,233 | INFO | VCPlatform | [7535601861_2] Stream restarted via set_stream_sources
2026-05-22 05:22:09,188 | INFO | VCPlatform | [6451644278] Stream restarted via set_stream_sources
2026-05-22 05:23:38,075 | INFO | VCPlatform | [8015937475] Stream restarted via set_stream_sources
2026-05-22 05:26:02,102 | INFO | VCPlatform | [6444599625_3] Stream restarted via set_stream_sources
2026-05-22 05:26:43,500 | INFO | VCPlatform | [6444599625] Stream restarted via set_stream_sources
2026-05-22 05:28:14,335 | INFO | VCPlatform | [7535601861_2] Stream restarted via set_stream_sources
2026-05-22 05:30:01,186 | INFO | VCPlatform | [8015937475] Stream restarted via set_stream_sources
2026-05-22 05:33:20,205 | INFO | VCPlatform | [6444599625_3] Stream restarted via set_stream_sources
2026-05-22 05:33:27,292 | INFO | VCPlatform | [6451644278] Stream restarted via set_stream_sources
2026-05-22 05:34:01,605 | INFO | VCPlatform | [6444599625] Stream restarted via set_stream_sources
2026-05-22 05:34:33,438 | INFO | VCPlatform | [7535601861_2] Stream restarted via set_stream_sources
2026-05-22 05:36:24,287 | INFO | VCPlatform | [8015937475] Stream restarted via set_stream_sources
2026-05-22 05:40:38,308 | INFO | VCPlatform | [6444599625_3] Stream restarted via set_stream_sources
2026-05-22 05:40:52,539 | INFO | VCPlatform | [7535601861_2] Stream restarted via set_stream_sources
2026-05-22 05:41:19,707 | INFO | VCPlatform | [6444599625] Stream restarted via set_stream_sources
2026-05-22 05:42:47,390 | INFO | VCPlatform | [8015937475] Stream restarted via set_stream_sources
2026-05-22 05:44:45,398 | INFO | VCPlatform | [6451644278] Stream restarted via set_stream_sources
2026-05-22 05:47:11,644 | INFO | VCPlatform | [7535601861_2] Stream restarted via set_stream_sources
2026-05-22 05:47:56,423 | INFO | VCPlatform | [6444599625_3] Stream restarted via set_stream_sources
2026-05-22 05:48:37,810 | INFO | VCPlatform | [6444599625] Stream restarted via set_stream_sources
2026-05-22 05:49:10,493 | INFO | VCPlatform | [8015937475] Stream restarted via set_stream_sources
2026-05-22 05:53:30,748 | INFO | VCPlatform | [7535601861_2] Stream restarted via set_stream_sources
2026-05-22 05:55:14,518 | INFO | VCPlatform | [6444599625_3] Stream restarted via set_stream_sources
2026-05-22 05:55:33,596 | INFO | VCPlatform | [8015937475] Stream restarted via set_stream_sources
2026-05-22 05:55:55,911 | INFO | VCPlatform | [6444599625] Stream restarted via set_stream_sources
2026-05-22 05:56:03,502 | INFO | VCPlatform | [6451644278] Stream restarted via set_stream_sources
2026-05-22 05:59:49,852 | INFO | VCPlatform | [7535601861_2] Stream restarted via set_stream_sources
2026-05-22 06:01:56,701 | INFO | VCPlatform | [8015937475] Stream restarted via set_stream_sources
2026-05-22 06:02:32,623 | INFO | VCPlatform | [6444599625_3] Stream restarted via set_stream_sources
2026-05-22 06:03:14,014 | INFO | VCPlatform | [6444599625] Stream restarted via set_stream_sources
2026-05-22 06:06:08,954 | INFO | VCPlatform | [7535601861_2] Stream restarted via set_stream_sources
2026-05-22 06:07:21,605 | INFO | VCPlatform | [6451644278] Stream restarted via set_stream_sources
2026-05-22 06:08:19,807 | INFO | VCPlatform | [8015937475] Stream restarted via set_stream_sources
2026-05-22 06:09:50,727 | INFO | VCPlatform | [6444599625_3] Stream restarted via set_stream_sources
2026-05-22 06:10:32,120 | INFO | VCPlatform | [6444599625] Stream restarted via set_stream_sources
2026-05-22 06:12:28,062 | INFO | VCPlatform | [7535601861_2] Stream restarted via set_stream_sources
2026-05-22 06:14:42,919 | INFO | VCPlatform | [8015937475] Stream restarted via set_stream_sources
2026-05-22 06:17:08,839 | INFO | VCPlatform | [6444599625_3] Stream restarted via set_stream_sources
2026-05-22 06:17:50,221 | INFO | VCPlatform | [6444599625] Stream restarted via set_stream_sources
2026-05-22 06:18:39,707 | INFO | VCPlatform | [6451644278] Stream restarted via set_stream_sources
2026-05-22 06:18:47,164 | INFO | VCPlatform | [7535601861_2] Stream restarted via set_stream_sources
2026-05-22 06:21:06,027 | INFO | VCPlatform | [8015937475] Stream restarted via set_stream_sources
2026-05-22 06:24:26,943 | INFO | VCPlatform | [6444599625_3] Stream restarted via set_stream_sources
2026-05-22 06:25:06,327 | INFO | VCPlatform | [7535601861_2] Stream restarted via set_stream_sources
2026-05-22 06:25:08,380 | INFO | VCPlatform | [6444599625] Stream restarted via set_stream_sources
2026-05-22 06:27:29,128 | INFO | VCPlatform | [8015937475] Stream restarted via set_stream_sources
2026-05-22 06:29:57,827 | INFO | VCPlatform | [6451644278] Stream restarted via set_stream_sources
2026-05-22 06:31:25,455 | INFO | VCPlatform | [7535601861_2] Stream restarted via set_stream_sources
2026-05-22 06:31:45,047 | INFO | VCPlatform | [6444599625_3] Stream restarted via set_stream_sources
2026-05-22 06:32:26,474 | INFO | VCPlatform | [6444599625] Stream restarted via set_stream_sources
2026-05-22 06:33:52,232 | INFO | VCPlatform | [8015937475] Stream restarted via set_stream_sources
2026-05-22 06:37:44,559 | INFO | VCPlatform | [7535601861_2] Stream restarted via set_stream_sources
2026-05-22 06:39:03,166 | INFO | VCPlatform | [6444599625_3] Stream restarted via set_stream_sources
2026-05-22 06:39:44,577 | INFO | VCPlatform | [6444599625] Stream restarted via set_stream_sources
2026-05-22 06:40:15,335 | INFO | VCPlatform | [8015937475] Stream restarted via set_stream_sources
2026-05-22 06:41:15,950 | INFO | VCPlatform | [6451644278] Stream restarted via set_stream_sources
2026-05-22 06:44:03,664 | INFO | VCPlatform | [7535601861_2] Stream restarted via set_stream_sources
2026-05-22 06:46:21,275 | INFO | VCPlatform | [6444599625_3] Stream restarted via set_stream_sources
2026-05-22 06:46:38,436 | INFO | VCPlatform | [8015937475] Stream restarted via set_stream_sources
2026-05-22 06:47:02,697 | INFO | VCPlatform | [6444599625] Stream restarted via set_stream_sources
2026-05-22 06:50:22,766 | INFO | VCPlatform | [7535601861_2] Stream restarted via set_stream_sources
2026-05-22 06:52:34,054 | INFO | VCPlatform | [6451644278] Stream restarted via set_stream_sources
2026-05-22 06:53:01,541 | INFO | VCPlatform | [8015937475] Stream restarted via set_stream_sources
2026-05-22 06:53:39,371 | INFO | VCPlatform | [6444599625_3] Stream restarted via set_stream_sources
2026-05-22 06:54:20,794 | INFO | VCPlatform | [6444599625] Stream restarted via set_stream_sources
2026-05-22 06:56:41,869 | INFO | VCPlatform | [7535601861_2] Stream restarted via set_stream_sources
2026-05-22 06:59:24,643 | INFO | VCPlatform | [8015937475] Stream restarted via set_stream_sources
2026-05-22 07:00:57,475 | INFO | VCPlatform | [6444599625_3] Stream restarted via set_stream_sources
2026-05-22 07:01:38,900 | INFO | VCPlatform | [6444599625] Stream restarted via set_stream_sources
2026-05-22 07:03:00,973 | INFO | VCPlatform | [7535601861_2] Stream restarted via set_stream_sources
2026-05-22 07:03:52,158 | INFO | VCPlatform | [6451644278] Stream restarted via set_stream_sources
2026-05-22 07:05:47,746 | INFO | VCPlatform | [8015937475] Stream restarted via set_stream_sources
2026-05-22 07:08:15,579 | INFO | VCPlatform | [6444599625_3] Stream restarted via set_stream_sources
2026-05-22 07:08:57,001 | INFO | VCPlatform | [6444599625] Stream restarted via set_stream_sources
2026-05-22 07:09:20,075 | INFO | VCPlatform | [7535601861_2] Stream restarted via set_stream_sources
2026-05-22 07:12:10,860 | INFO | VCPlatform | [8015937475] Stream restarted via set_stream_sources
2026-05-22 07:15:10,278 | INFO | VCPlatform | [6451644278] Stream restarted via set_stream_sources
2026-05-22 07:15:33,686 | INFO | VCPlatform | [6444599625_3] Stream restarted via set_stream_sources
2026-05-22 07:15:39,180 | INFO | VCPlatform | [7535601861_2] Stream restarted via set_stream_sources
2026-05-22 07:16:15,102 | INFO | VCPlatform | [6444599625] Stream restarted via set_stream_sources
2026-05-22 07:18:33,964 | INFO | VCPlatform | [8015937475] Stream restarted via set_stream_sources
2026-05-22 07:21:58,283 | INFO | VCPlatform | [7535601861_2] Stream restarted via set_stream_sources
2026-05-22 07:22:51,786 | INFO | VCPlatform | [6444599625_3] Stream restarted via set_stream_sources
2026-05-22 07:23:33,207 | INFO | VCPlatform | [6444599625] Stream restarted via set_stream_sources
2026-05-22 07:24:57,067 | INFO | VCPlatform | [8015937475] Stream restarted via set_stream_sources
2026-05-22 07:26:28,381 | INFO | VCPlatform | [6451644278] Stream restarted via set_stream_sources
2026-05-22 07:28:17,390 | INFO | VCPlatform | [7535601861_2] Stream restarted via set_stream_sources
2026-05-22 07:30:09,890 | INFO | VCPlatform | [6444599625_3] Stream restarted via set_stream_sources
2026-05-22 07:30:51,307 | INFO | VCPlatform | [6444599625] Stream restarted via set_stream_sources
2026-05-22 07:31:20,172 | INFO | VCPlatform | [8015937475] Stream restarted via set_stream_sources
2026-05-22 07:34:36,495 | INFO | VCPlatform | [7535601861_2] Stream restarted via set_stream_sources
2026-05-22 07:37:27,995 | INFO | VCPlatform | [6444599625_3] Stream restarted via set_stream_sources
2026-05-22 07:37:43,278 | INFO | VCPlatform | [8015937475] Stream restarted via set_stream_sources
2026-05-22 07:37:46,484 | INFO | VCPlatform | [6451644278] Stream restarted via set_stream_sources
2026-05-22 07:38:09,409 | INFO | VCPlatform | [6444599625] Stream restarted via set_stream_sources
2026-05-22 07:40:55,597 | INFO | VCPlatform | [7535601861_2] Stream restarted via set_stream_sources
2026-05-22 07:44:06,395 | INFO | VCPlatform | [8015937475] Stream restarted via set_stream_sources
2026-05-22 07:44:46,099 | INFO | VCPlatform | [6444599625_3] Stream restarted via set_stream_sources
2026-05-22 07:45:27,541 | INFO | VCPlatform | [6444599625] Stream restarted via set_stream_sources
2026-05-22 07:47:14,701 | INFO | VCPlatform | [7535601861_2] Stream restarted via set_stream_sources
2026-05-22 07:49:04,598 | INFO | VCPlatform | [6451644278] Stream restarted via set_stream_sources
2026-05-22 07:50:29,499 | INFO | VCPlatform | [8015937475] Stream restarted via set_stream_sources
2026-05-22 07:52:04,207 | INFO | VCPlatform | [6444599625_3] Stream restarted via set_stream_sources
2026-05-22 07:52:45,643 | INFO | VCPlatform | [6444599625] Stream restarted via set_stream_sources
2026-05-22 07:53:33,802 | INFO | VCPlatform | [7535601861_2] Stream restarted via set_stream_sources
2026-05-22 07:56:52,602 | INFO | VCPlatform | [8015937475] Stream restarted via set_stream_sources
2026-05-22 07:59:22,308 | INFO | VCPlatform | [6444599625_3] Stream restarted via set_stream_sources
2026-05-22 07:59:52,904 | INFO | VCPlatform | [7535601861_2] Stream restarted via set_stream_sources
2026-05-22 08:00:04,077 | INFO | VCPlatform | [6444599625] Stream restarted via set_stream_sources
2026-05-22 08:00:22,702 | INFO | VCPlatform | [6451644278] Stream restarted via set_stream_sources
2026-05-22 08:03:15,712 | INFO | VCPlatform | [8015937475] Stream restarted via set_stream_sources
2026-05-22 08:06:12,011 | INFO | VCPlatform | [7535601861_2] Stream restarted via set_stream_sources
2026-05-22 08:06:40,411 | INFO | VCPlatform | [6444599625_3] Stream restarted via set_stream_sources
2026-05-22 08:07:22,173 | INFO | VCPlatform | [6444599625] Stream restarted via set_stream_sources
2026-05-22 08:09:38,814 | INFO | VCPlatform | [8015937475] Stream restarted via set_stream_sources
2026-05-22 08:11:40,803 | INFO | VCPlatform | [6451644278] Stream restarted via set_stream_sources
2026-05-22 08:12:31,118 | INFO | VCPlatform | [7535601861_2] Stream restarted via set_stream_sources
2026-05-22 08:13:58,514 | INFO | VCPlatform | [6444599625_3] Stream restarted via set_stream_sources
2026-05-22 08:14:40,287 | INFO | VCPlatform | [6444599625] Stream restarted via set_stream_sources
2026-05-22 08:16:01,929 | INFO | VCPlatform | [8015937475] Stream restarted via set_stream_sources
2026-05-22 08:18:50,219 | INFO | VCPlatform | [7535601861_2] Stream restarted via set_stream_sources
2026-05-22 08:21:16,617 | INFO | VCPlatform | [6444599625_3] Stream restarted via set_stream_sources
2026-05-22 08:21:58,389 | INFO | VCPlatform | [6444599625] Stream restarted via set_stream_sources
2026-05-22 08:22:25,034 | INFO | VCPlatform | [8015937475] Stream restarted via set_stream_sources
2026-05-22 08:22:58,909 | INFO | VCPlatform | [6451644278] Stream restarted via set_stream_sources
2026-05-22 08:25:09,346 | INFO | VCPlatform | [7535601861_2] Stream restarted via set_stream_sources
2026-05-22 08:28:34,721 | INFO | VCPlatform | [6444599625_3] Stream restarted via set_stream_sources
2026-05-22 08:28:48,152 | INFO | VCPlatform | [8015937475] Stream restarted via set_stream_sources
2026-05-22 08:29:16,496 | INFO | VCPlatform | [6444599625] Stream restarted via set_stream_sources
2026-05-22 08:31:28,450 | INFO | VCPlatform | [7535601861_2] Stream restarted via set_stream_sources
2026-05-22 08:34:17,013 | INFO | VCPlatform | [6451644278] Stream restarted via set_stream_sources
2026-05-22 08:35:11,257 | INFO | VCPlatform | [8015937475] Stream restarted via set_stream_sources
2026-05-22 08:35:52,826 | INFO | VCPlatform | [6444599625_3] Stream restarted via set_stream_sources
2026-05-22 08:36:34,597 | INFO | VCPlatform | [6444599625] Stream restarted via set_stream_sources
2026-05-22 08:37:47,557 | INFO | VCPlatform | [7535601861_2] Stream restarted via set_stream_sources
2026-05-22 08:41:34,358 | INFO | VCPlatform | [8015937475] Stream restarted via set_stream_sources
2026-05-22 08:43:10,929 | INFO | VCPlatform | [6444599625_3] Stream restarted via set_stream_sources
2026-05-22 08:43:52,699 | INFO | VCPlatform | [6444599625] Stream restarted via set_stream_sources
2026-05-22 08:44:06,654 | INFO | VCPlatform | [7535601861_2] Stream restarted via set_stream_sources
2026-05-22 08:45:35,116 | INFO | VCPlatform | [6451644278] Stream restarted via set_stream_sources
2026-05-22 08:47:57,463 | INFO | VCPlatform | [8015937475] Stream restarted via set_stream_sources
2026-05-22 08:50:25,765 | INFO | VCPlatform | [7535601861_2] Stream restarted via set_stream_sources
2026-05-22 08:50:29,032 | INFO | VCPlatform | [6444599625_3] Stream restarted via set_stream_sources
2026-05-22 08:51:10,805 | INFO | VCPlatform | [6444599625] Stream restarted via set_stream_sources
2026-05-22 08:54:20,588 | INFO | VCPlatform | [8015937475] Stream restarted via set_stream_sources
2026-05-22 08:56:44,874 | INFO | VCPlatform | [7535601861_2] Stream restarted via set_stream_sources
2026-05-22 08:56:53,218 | INFO | VCPlatform | [6451644278] Stream restarted via set_stream_sources
2026-05-22 08:57:47,138 | INFO | VCPlatform | [6444599625_3] Stream restarted via set_stream_sources
2026-05-22 08:58:28,909 | INFO | VCPlatform | [6444599625] Stream restarted via set_stream_sources
2026-05-22 09:00:43,694 | INFO | VCPlatform | [8015937475] Stream restarted via set_stream_sources
2026-05-22 09:03:03,977 | INFO | VCPlatform | [7535601861_2] Stream restarted via set_stream_sources
2026-05-22 09:05:05,243 | INFO | VCPlatform | [6444599625_3] Stream restarted via set_stream_sources
2026-05-22 09:05:47,012 | INFO | VCPlatform | [6444599625] Stream restarted via set_stream_sources
2026-05-22 09:07:06,793 | INFO | VCPlatform | [8015937475] Stream restarted via set_stream_sources
2026-05-22 09:08:11,328 | INFO | VCPlatform | [6451644278] Stream restarted via set_stream_sources
2026-05-22 09:09:23,080 | INFO | VCPlatform | [7535601861_2] Stream restarted via set_stream_sources
2026-05-22 09:12:23,348 | INFO | VCPlatform | [6444599625_3] Stream restarted via set_stream_sources
2026-05-22 09:13:05,122 | INFO | VCPlatform | [6444599625] Stream restarted via set_stream_sources
2026-05-22 09:13:29,896 | INFO | VCPlatform | [8015937475] Stream restarted via set_stream_sources
2026-05-22 09:15:42,183 | INFO | VCPlatform | [7535601861_2] Stream restarted via set_stream_sources
2026-05-22 09:19:29,432 | INFO | VCPlatform | [6451644278] Stream restarted via set_stream_sources
2026-05-22 09:19:41,449 | INFO | VCPlatform | [6444599625_3] Stream restarted via set_stream_sources
2026-05-22 09:19:52,999 | INFO | VCPlatform | [8015937475] Stream restarted via set_stream_sources
2026-05-22 09:20:23,224 | INFO | VCPlatform | [6444599625] Stream restarted via set_stream_sources
2026-05-22 09:22:01,287 | INFO | VCPlatform | [7535601861_2] Stream restarted via set_stream_sources
2026-05-22 09:26:16,102 | INFO | VCPlatform | [8015937475] Stream restarted via set_stream_sources
2026-05-22 09:26:59,554 | INFO | VCPlatform | [6444599625_3] Stream restarted via set_stream_sources
2026-05-22 09:27:41,327 | INFO | VCPlatform | [6444599625] Stream restarted via set_stream_sources
2026-05-22 09:28:20,390 | INFO | VCPlatform | [7535601861_2] Stream restarted via set_stream_sources
2026-05-22 09:30:47,535 | INFO | VCPlatform | [6451644278] Stream restarted via set_stream_sources
2026-05-22 09:32:39,211 | INFO | VCPlatform | [8015937475] Stream restarted via set_stream_sources
2026-05-22 09:34:17,659 | INFO | VCPlatform | [6444599625_3] Stream restarted via set_stream_sources
2026-05-22 09:34:39,494 | INFO | VCPlatform | [7535601861_2] Stream restarted via set_stream_sources
2026-05-22 09:34:59,429 | INFO | VCPlatform | [6444599625] Stream restarted via set_stream_sources
2026-05-22 09:39:02,321 | INFO | VCPlatform | [8015937475] Stream restarted via set_stream_sources
2026-05-22 09:40:58,599 | INFO | VCPlatform | [7535601861_2] Stream restarted via set_stream_sources
2026-05-22 09:41:35,762 | INFO | VCPlatform | [6444599625_3] Stream restarted via set_stream_sources
2026-05-22 09:42:05,639 | INFO | VCPlatform | [6451644278] Stream restarted via set_stream_sources
2026-05-22 09:42:17,538 | INFO | VCPlatform | [6444599625] Stream restarted via set_stream_sources
2026-05-22 09:45:25,425 | INFO | VCPlatform | [8015937475] Stream restarted via set_stream_sources
2026-05-22 09:47:17,703 | INFO | VCPlatform | [7535601861_2] Stream restarted via set_stream_sources
2026-05-22 09:48:53,866 | INFO | VCPlatform | [6444599625_3] Stream restarted via set_stream_sources
2026-05-22 09:49:35,645 | INFO | VCPlatform | [6444599625] Stream restarted via set_stream_sources
2026-05-22 09:51:48,531 | INFO | VCPlatform | [8015937475] Stream restarted via set_stream_sources
2026-05-22 09:53:23,744 | INFO | VCPlatform | [6451644278] Stream restarted via set_stream_sources
2026-05-22 09:53:36,806 | INFO | VCPlatform | [7535601861_2] Stream restarted via set_stream_sources
2026-05-22 09:56:11,972 | INFO | VCPlatform | [6444599625_3] Stream restarted via set_stream_sources
2026-05-22 09:56:53,745 | INFO | VCPlatform | [6444599625] Stream restarted via set_stream_sources
2026-05-22 09:58:11,636 | INFO | VCPlatform | [8015937475] Stream restarted via set_stream_sources
2026-05-22 09:59:55,910 | INFO | VCPlatform | [7535601861_2] Stream restarted via set_stream_sources
2026-05-22 10:03:30,076 | INFO | VCPlatform | [6444599625_3] Stream restarted via set_stream_sources
2026-05-22 10:04:11,849 | INFO | VCPlatform | [6444599625] Stream restarted via set_stream_sources
2026-05-22 10:04:34,737 | INFO | VCPlatform | [8015937475] Stream restarted via set_stream_sources
2026-05-22 10:04:41,846 | INFO | VCPlatform | [6451644278] Stream restarted via set_stream_sources
2026-05-22 10:06:15,014 | INFO | VCPlatform | [7535601861_2] Stream restarted via set_stream_sources
2026-05-22 10:10:48,181 | INFO | VCPlatform | [6444599625_3] Stream restarted via set_stream_sources
2026-05-22 10:10:57,842 | INFO | VCPlatform | [8015937475] Stream restarted via set_stream_sources
2026-05-22 10:11:29,950 | INFO | VCPlatform | [6444599625] Stream restarted via set_stream_sources
2026-05-22 10:12:34,114 | INFO | VCPlatform | [7535601861_2] Stream restarted via set_stream_sources
2026-05-22 10:15:59,948 | INFO | VCPlatform | [6451644278] Stream restarted via set_stream_sources
2026-05-22 10:17:20,945 | INFO | VCPlatform | [8015937475] Stream restarted via set_stream_sources
2026-05-22 10:18:06,283 | INFO | VCPlatform | [6444599625_3] Stream restarted via set_stream_sources
2026-05-22 10:18:48,053 | INFO | VCPlatform | [6444599625] Stream restarted via set_stream_sources
2026-05-22 10:18:53,217 | INFO | VCPlatform | [7535601861_2] Stream restarted via set_stream_sources
2026-05-22 10:21:31,047 | INFO | VCPlatform | [6444599625_2] Monitors restarted: 1 running for 1 channels
2026-05-22 10:21:31,054 | INFO | VCPlatform | [6444599625_2] Monitor started for https://t.me/+5wYXdZfacPwwZTZl
2026-05-22 10:21:31,064 | INFO | VCPlatform | [6444599625_2] Channel from cache: '𝐒𝐔𝐑𝐄𝐒𝐇𝐎𝐓 𝐁𝐘 𝐑𝐀𝐌' (bare_id=2893144270) for https://t.me/+5wYXdZfacPwwZTZl
2026-05-22 10:21:31,065 | INFO | VCPlatform | [6444599625_2] VC push update handler registered
2026-05-22 10:21:31,819 | INFO | VCPlatform | [6444599625_2] Live already running in https://t.me/+5wYXdZfacPwwZTZl on startup — joining...
2026-05-22 10:21:34,020 | INFO | VCPlatform | [6444599625_2] NTG: ConnectionState.CONNECTING
2026-05-22 10:21:34,023 | INFO | VCPlatform | [6444599625_2] Joined VC in chat -1002893144270
2026-05-22 10:21:34,023 | INFO | VCPlatform | [6444599625_2] Joined VC on startup in https://t.me/+5wYXdZfacPwwZTZl
2026-05-22 10:21:34,372 | INFO | VCPlatform | [6444599625_2] NTG: ConnectionState.CONNECTED
2026-05-22 10:21:34,729 | INFO | VCPlatform | [6444599625_2] Monitor stopped for https://t.me/+5wYXdZfacPwwZTZl
2026-05-22 10:21:34,729 | INFO | VCPlatform | [6444599625_2] Monitors restarted: 1 running for 1 channels
2026-05-22 10:21:34,732 | INFO | VCPlatform | [6444599625_2] Monitor started for https://t.me/+5wYXdZfacPwwZTZl
2026-05-22 10:21:34,734 | INFO | VCPlatform | [6444599625_2] Channel from cache: '𝐒𝐔𝐑𝐄𝐒𝐇𝐎𝐓 𝐁𝐘 𝐑𝐀𝐌' (bare_id=2893144270) for https://t.me/+5wYXdZfacPwwZTZl
2026-05-22 10:21:34,735 | INFO | VCPlatform | [6444599625_2] VC push update handler registered
2026-05-22 10:23:44,049 | INFO | VCPlatform | [8015937475] Stream restarted via set_stream_sources
2026-05-22 10:25:12,321 | INFO | VCPlatform | [7535601861_2] Stream restarted via set_stream_sources
2026-05-22 10:25:24,388 | INFO | VCPlatform | [6444599625_3] Stream restarted via set_stream_sources
2026-05-22 10:26:06,156 | INFO | VCPlatform | [6444599625] Stream restarted via set_stream_sources
2026-05-22 10:27:18,052 | INFO | VCPlatform | [6451644278] Stream restarted via set_stream_sources
2026-05-22 10:28:52,126 | INFO | VCPlatform | [6444599625_2] Stream restarted via set_stream_sources
2026-05-22 10:30:07,181 | INFO | VCPlatform | [8015937475] Stream restarted via set_stream_sources
2026-05-22 10:31:31,426 | INFO | VCPlatform | [7535601861_2] Stream restarted via set_stream_sources
2026-05-22 10:32:42,505 | INFO | VCPlatform | [6444599625_3] Stream restarted via set_stream_sources
2026-05-22 10:33:24,259 | INFO | VCPlatform | [6444599625] Stream restarted via set_stream_sources
2026-05-22 10:36:10,229 | INFO | VCPlatform | [6444599625_2] Stream restarted via set_stream_sources
2026-05-22 10:36:30,276 | INFO | VCPlatform | [8015937475] Stream restarted via set_stream_sources
2026-05-22 10:37:50,533 | INFO | VCPlatform | [7535601861_2] Stream restarted via set_stream_sources
2026-05-22 10:38:36,154 | INFO | VCPlatform | [6451644278] Stream restarted via set_stream_sources
2026-05-22 10:40:00,638 | INFO | VCPlatform | [6444599625_3] Stream restarted via set_stream_sources
2026-05-22 10:40:42,364 | INFO | VCPlatform | [6444599625] Stream restarted via set_stream_sources
2026-05-22 10:42:53,381 | INFO | VCPlatform | [8015937475] Stream restarted via set_stream_sources
2026-05-22 10:43:28,338 | INFO | VCPlatform | [6444599625_2] Stream restarted via set_stream_sources
2026-05-22 10:44:09,636 | INFO | VCPlatform | [7535601861_2] Stream restarted via set_stream_sources
2026-05-22 10:47:18,731 | INFO | VCPlatform | [6444599625_3] Stream restarted via set_stream_sources
2026-05-22 10:48:00,470 | INFO | VCPlatform | [6444599625] Stream restarted via set_stream_sources
2026-05-22 10:49:16,488 | INFO | VCPlatform | [8015937475] Stream restarted via set_stream_sources
2026-05-22 10:49:54,256 | INFO | VCPlatform | [6451644278] Stream restarted via set_stream_sources
2026-05-22 10:50:28,741 | INFO | VCPlatform | [7535601861_2] Stream restarted via set_stream_sources
2026-05-22 10:50:46,440 | INFO | VCPlatform | [6444599625_2] Stream restarted via set_stream_sources
2026-05-22 10:54:36,834 | INFO | VCPlatform | [6444599625_3] Stream restarted via set_stream_sources
2026-05-22 10:55:18,571 | INFO | VCPlatform | [6444599625] Stream restarted via set_stream_sources
2026-05-22 10:55:39,589 | INFO | VCPlatform | [8015937475] Stream restarted via set_stream_sources
2026-05-22 10:56:47,853 | INFO | VCPlatform | [7535601861_2] Stream restarted via set_stream_sources
2026-05-22 10:58:04,542 | INFO | VCPlatform | [6444599625_2] Stream restarted via set_stream_sources
2026-05-22 11:01:12,364 | INFO | VCPlatform | [6451644278] Stream restarted via set_stream_sources
2026-05-22 11:01:54,937 | INFO | VCPlatform | [6444599625_3] Stream restarted via set_stream_sources
2026-05-22 11:02:02,715 | INFO | VCPlatform | [8015937475] Stream restarted via set_stream_sources
2026-05-22 11:02:36,685 | INFO | VCPlatform | [6444599625] Stream restarted via set_stream_sources
2026-05-22 11:03:06,958 | INFO | VCPlatform | [7535601861_2] Stream restarted via set_stream_sources
2026-05-22 11:05:22,644 | INFO | VCPlatform | [6444599625_2] Stream restarted via set_stream_sources
2026-05-22 11:08:25,816 | INFO | VCPlatform | [8015937475] Stream restarted via set_stream_sources
2026-05-22 11:09:13,043 | INFO | VCPlatform | [6444599625_3] Stream restarted via set_stream_sources
2026-05-22 11:09:26,060 | INFO | VCPlatform | [7535601861_2] Stream restarted via set_stream_sources
2026-05-22 11:09:54,787 | INFO | VCPlatform | [6444599625] Stream restarted via set_stream_sources
2026-05-22 11:12:30,468 | INFO | VCPlatform | [6451644278] Stream restarted via set_stream_sources
2026-05-22 11:12:40,757 | INFO | VCPlatform | [6444599625_2] Stream restarted via set_stream_sources
2026-05-22 11:14:48,919 | INFO | VCPlatform | [8015937475] Stream restarted via set_stream_sources
2026-05-22 11:15:45,165 | INFO | VCPlatform | [7535601861_2] Stream restarted via set_stream_sources
2026-05-22 11:16:31,156 | INFO | VCPlatform | [6444599625_3] Stream restarted via set_stream_sources
2026-05-22 11:17:12,897 | INFO | VCPlatform | [6444599625] Stream restarted via set_stream_sources
2026-05-22 11:19:58,862 | INFO | VCPlatform | [6444599625_2] Stream restarted via set_stream_sources
2026-05-22 11:21:12,021 | INFO | VCPlatform | [8015937475] Stream restarted via set_stream_sources
2026-05-22 11:22:04,267 | INFO | VCPlatform | [7535601861_2] Stream restarted via set_stream_sources
2026-05-22 11:23:48,575 | INFO | VCPlatform | [6451644278] Stream restarted via set_stream_sources
2026-05-22 11:23:49,259 | INFO | VCPlatform | [6444599625_3] Stream restarted via set_stream_sources
2026-05-22 11:24:31,000 | INFO | VCPlatform | [6444599625] Stream restarted via set_stream_sources
2026-05-22 11:27:16,965 | INFO | VCPlatform | [6444599625_2] Stream restarted via set_stream_sources
2026-05-22 11:27:35,129 | INFO | VCPlatform | [8015937475] Stream restarted via set_stream_sources
2026-05-22 11:28:23,369 | INFO | VCPlatform | [7535601861_2] Stream restarted via set_stream_sources
2026-05-22 11:31:07,363 | INFO | VCPlatform | [6444599625_3] Stream restarted via set_stream_sources
2026-05-22 11:31:49,103 | INFO | VCPlatform | [6444599625] Stream restarted via set_stream_sources
2026-05-22 11:33:58,232 | INFO | VCPlatform | [8015937475] Stream restarted via set_stream_sources
2026-05-22 11:34:35,069 | INFO | VCPlatform | [6444599625_2] Stream restarted via set_stream_sources
2026-05-22 11:34:42,473 | INFO | VCPlatform | [7535601861_2] Stream restarted via set_stream_sources
2026-05-22 11:35:06,705 | INFO | VCPlatform | [6451644278] Stream restarted via set_stream_sources
2026-05-22 11:38:25,469 | INFO | VCPlatform | [6444599625_3] Stream restarted via set_stream_sources
2026-05-22 11:39:07,208 | INFO | VCPlatform | [6444599625] Stream restarted via set_stream_sources
2026-05-22 11:40:21,347 | INFO | VCPlatform | [8015937475] Stream restarted via set_stream_sources
2026-05-22 11:41:01,605 | INFO | VCPlatform | [7535601861_2] Stream restarted via set_stream_sources
2026-05-22 11:41:53,173 | INFO | VCPlatform | [6444599625_2] Stream restarted via set_stream_sources
2026-05-22 11:45:43,571 | INFO | VCPlatform | [6444599625_3] Stream restarted via set_stream_sources
2026-05-22 11:46:24,811 | INFO | VCPlatform | [6451644278] Stream restarted via set_stream_sources
2026-05-22 11:46:25,310 | INFO | VCPlatform | [6444599625] Stream restarted via set_stream_sources
2026-05-22 11:46:44,454 | INFO | VCPlatform | [8015937475] Stream restarted via set_stream_sources
2026-05-22 11:47:20,706 | INFO | VCPlatform | [7535601861_2] Stream restarted via set_stream_sources
2026-05-22 11:49:11,276 | INFO | VCPlatform | [6444599625_2] Stream restarted via set_stream_sources
2026-05-22 11:53:01,689 | INFO | VCPlatform | [6444599625_3] Stream restarted via set_stream_sources
2026-05-22 11:53:07,556 | INFO | VCPlatform | [8015937475] Stream restarted via set_stream_sources
2026-05-22 11:53:39,809 | INFO | VCPlatform | [7535601861_2] Stream restarted via set_stream_sources
2026-05-22 11:53:43,413 | INFO | VCPlatform | [6444599625] Stream restarted via set_stream_sources
2026-05-22 11:56:29,381 | INFO | VCPlatform | [6444599625_2] Stream restarted via set_stream_sources
2026-05-22 11:57:42,914 | INFO | VCPlatform | [6451644278] Stream restarted via set_stream_sources
2026-05-22 11:59:30,659 | INFO | VCPlatform | [8015937475] Stream restarted via set_stream_sources
2026-05-22 11:59:58,913 | INFO | VCPlatform | [7535601861_2] Stream restarted via set_stream_sources
2026-05-22 12:00:19,787 | INFO | VCPlatform | [6444599625_3] Stream restarted via set_stream_sources
2026-05-22 12:01:01,567 | INFO | VCPlatform | [6444599625] Stream restarted via set_stream_sources
2026-05-22 12:03:47,485 | INFO | VCPlatform | [6444599625_2] Stream restarted via set_stream_sources
2026-05-22 12:05:53,765 | INFO | VCPlatform | [8015937475] Stream restarted via set_stream_sources
2026-05-22 12:06:18,015 | INFO | VCPlatform | [7535601861_2] Stream restarted via set_stream_sources
2026-05-22 12:07:37,892 | INFO | VCPlatform | [6444599625_3] Stream restarted via set_stream_sources
2026-05-22 12:08:19,671 | INFO | VCPlatform | [6444599625] Stream restarted via set_stream_sources
2026-05-22 12:09:01,019 | INFO | VCPlatform | [6451644278] Stream restarted via set_stream_sources
2026-05-22 12:11:05,589 | INFO | VCPlatform | [6444599625_2] Stream restarted via set_stream_sources
2026-05-22 12:12:16,868 | INFO | VCPlatform | [8015937475] Stream restarted via set_stream_sources
2026-05-22 12:12:37,118 | INFO | VCPlatform | [7535601861_2] Stream restarted via set_stream_sources
2026-05-22 12:14:56,012 | INFO | VCPlatform | [6444599625_3] Stream restarted via set_stream_sources
2026-05-22 12:15:37,773 | INFO | VCPlatform | [6444599625] Stream restarted via set_stream_sources
2026-05-22 12:18:23,694 | INFO | VCPlatform | [6444599625_2] Stream restarted via set_stream_sources
2026-05-22 12:18:39,999 | INFO | VCPlatform | [8015937475] Stream restarted via set_stream_sources
2026-05-22 12:18:56,222 | INFO | VCPlatform | [7535601861_2] Stream restarted via set_stream_sources
2026-05-22 12:20:19,126 | INFO | VCPlatform | [6451644278] Stream restarted via set_stream_sources
2026-05-22 12:22:14,113 | INFO | VCPlatform | [6444599625_3] Stream restarted via set_stream_sources
2026-05-22 12:22:55,879 | INFO | VCPlatform | [6444599625] Stream restarted via set_stream_sources
2026-05-22 12:25:03,157 | INFO | VCPlatform | [8015937475] Stream restarted via set_stream_sources
2026-05-22 12:25:15,323 | INFO | VCPlatform | [7535601861_2] Stream restarted via set_stream_sources
2026-05-22 12:25:41,796 | INFO | VCPlatform | [6444599625_2] Stream restarted via set_stream_sources
2026-05-22 12:29:32,215 | INFO | VCPlatform | [6444599625_3] Stream restarted via set_stream_sources
2026-05-22 12:30:13,984 | INFO | VCPlatform | [6444599625] Stream restarted via set_stream_sources
2026-05-22 12:31:26,269 | INFO | VCPlatform | [8015937475] Stream restarted via set_stream_sources
2026-05-22 12:31:34,427 | INFO | VCPlatform | [7535601861_2] Stream restarted via set_stream_sources
2026-05-22 12:31:37,227 | INFO | VCPlatform | [6451644278] Stream restarted via set_stream_sources
2026-05-22 12:32:59,967 | INFO | VCPlatform | [6444599625_2] Stream restarted via set_stream_sources
2026-05-22 12:36:50,321 | INFO | VCPlatform | [6444599625_3] Stream restarted via set_stream_sources
2026-05-22 12:37:32,087 | INFO | VCPlatform | [6444599625] Stream restarted via set_stream_sources
2026-05-22 12:37:49,369 | INFO | VCPlatform | [8015937475] Stream restarted via set_stream_sources
2026-05-22 12:37:53,536 | INFO | VCPlatform | [7535601861_2] Stream restarted via set_stream_sources
2026-05-22 12:40:18,023 | INFO | VCPlatform | [6444599625_2] Stream restarted via set_stream_sources
2026-05-22 12:42:55,330 | INFO | VCPlatform | [6451644278] Stream restarted via set_stream_sources
2026-05-22 12:44:08,437 | INFO | VCPlatform | [6444599625_3] Stream restarted via set_stream_sources
2026-05-22 12:44:12,489 | INFO | VCPlatform | [8015937475] Stream restarted via set_stream_sources
2026-05-22 12:44:12,640 | INFO | VCPlatform | [7535601861_2] Stream restarted via set_stream_sources
2026-05-22 12:44:50,190 | INFO | VCPlatform | [6444599625] Stream restarted via set_stream_sources
2026-05-22 12:47:36,126 | INFO | VCPlatform | [6444599625_2] Stream restarted via set_stream_sources
2026-05-22 12:50:31,744 | INFO | VCPlatform | [7535601861_2] Stream restarted via set_stream_sources
2026-05-22 12:50:35,591 | INFO | VCPlatform | [8015937475] Stream restarted via set_stream_sources
2026-05-22 12:51:26,540 | INFO | VCPlatform | [6444599625_3] Stream restarted via set_stream_sources
2026-05-22 12:52:08,293 | INFO | VCPlatform | [6444599625] Stream restarted via set_stream_sources
2026-05-22 12:54:13,437 | INFO | VCPlatform | [6451644278] Stream restarted via set_stream_sources
2026-05-22 12:54:54,230 | INFO | VCPlatform | [6444599625_2] Stream restarted via set_stream_sources
2026-05-22 12:56:50,847 | INFO | VCPlatform | [7535601861_2] Stream restarted via set_stream_sources
2026-05-22 12:56:58,694 | INFO | VCPlatform | [8015937475] Stream restarted via set_stream_sources
2026-05-22 12:58:44,645 | INFO | VCPlatform | [6444599625_3] Stream restarted via set_stream_sources
2026-05-22 12:59:26,401 | INFO | VCPlatform | [6444599625] Stream restarted via set_stream_sources
2026-05-22 13:02:12,334 | INFO | VCPlatform | [6444599625_2] Stream restarted via set_stream_sources
2026-05-22 13:03:09,950 | INFO | VCPlatform | [7535601861_2] Stream restarted via set_stream_sources
2026-05-22 13:03:21,797 | INFO | VCPlatform | [8015937475] Stream restarted via set_stream_sources
2026-05-22 13:05:31,542 | INFO | VCPlatform | [6451644278] Stream restarted via set_stream_sources
2026-05-22 13:06:02,746 | INFO | VCPlatform | [6444599625_3] Stream restarted via set_stream_sources
2026-05-22 13:06:44,503 | INFO | VCPlatform | [6444599625] Stream restarted via set_stream_sources
2026-05-22 13:09:29,056 | INFO | VCPlatform | [7535601861_2] Stream restarted via set_stream_sources
2026-05-22 13:09:30,439 | INFO | VCPlatform | [6444599625_2] Stream restarted via set_stream_sources
2026-05-22 13:09:42,656 | INFO | VCPlatform | [6444599625] Reminder sent (2 days left)
2026-05-22 13:09:44,900 | INFO | VCPlatform | [8015937475] Stream restarted via set_stream_sources
2026-05-22 13:13:20,856 | INFO | VCPlatform | [6444599625_3] Stream restarted via set_stream_sources
2026-05-22 13:14:02,607 | INFO | VCPlatform | [6444599625] Stream restarted via set_stream_sources
2026-05-22 13:15:48,161 | INFO | VCPlatform | [7535601861_2] Stream restarted via set_stream_sources
2026-05-22 13:16:08,005 | INFO | VCPlatform | [8015937475] Stream restarted via set_stream_sources
2026-05-22 13:16:48,541 | INFO | VCPlatform | [6444599625_2] Stream restarted via set_stream_sources
2026-05-22 13:16:49,644 | INFO | VCPlatform | [6451644278] Stream restarted via set_stream_sources
2026-05-22 13:20:38,963 | INFO | VCPlatform | [6444599625_3] Stream restarted via set_stream_sources
2026-05-22 13:21:20,711 | INFO | VCPlatform | [6444599625] Stream restarted via set_stream_sources
2026-05-22 13:22:07,275 | INFO | VCPlatform | [7535601861_2] Stream restarted via set_stream_sources
2026-05-22 13:22:31,107 | INFO | VCPlatform | [8015937475] Stream restarted via set_stream_sources
2026-05-22 13:24:06,650 | INFO | VCPlatform | [6444599625_2] Stream restarted via set_stream_sources
2026-05-22 13:27:57,065 | INFO | VCPlatform | [6444599625_3] Stream restarted via set_stream_sources
2026-05-22 13:28:07,747 | INFO | VCPlatform | [6451644278] Stream restarted via set_stream_sources
2026-05-22 13:28:26,378 | INFO | VCPlatform | [7535601861_2] Stream restarted via set_stream_sources
2026-05-22 13:28:38,814 | INFO | VCPlatform | [6444599625] Stream restarted via set_stream_sources
2026-05-22 13:28:54,210 | INFO | VCPlatform | [8015937475] Stream restarted via set_stream_sources
2026-05-22 13:31:24,760 | INFO | VCPlatform | [6444599625_2] Stream restarted via set_stream_sources
2026-05-22 13:34:45,483 | INFO | VCPlatform | [7535601861_2] Stream restarted via set_stream_sources
2026-05-22 13:35:15,168 | INFO | VCPlatform | [6444599625_3] Stream restarted via set_stream_sources
2026-05-22 13:35:17,311 | INFO | VCPlatform | [8015937475] Stream restarted via set_stream_sources
2026-05-22 13:35:56,916 | INFO | VCPlatform | [6444599625] Stream restarted via set_stream_sources
2026-05-22 13:38:42,857 | INFO | VCPlatform | [6444599625_2] Stream restarted via set_stream_sources
2026-05-22 13:39:25,855 | INFO | VCPlatform | [6451644278] Stream restarted via set_stream_sources
2026-05-22 13:41:04,586 | INFO | VCPlatform | [7535601861_2] Stream restarted via set_stream_sources
2026-05-22 13:41:40,415 | INFO | VCPlatform | [8015937475] Stream restarted via set_stream_sources
2026-05-22 13:42:33,269 | INFO | VCPlatform | [6444599625_3] Stream restarted via set_stream_sources
2026-05-22 13:43:15,029 | INFO | VCPlatform | [6444599625] Stream restarted via set_stream_sources
2026-05-22 13:46:00,984 | INFO | VCPlatform | [6444599625_2] Stream restarted via set_stream_sources
2026-05-22 13:47:23,691 | INFO | VCPlatform | [7535601861_2] Stream restarted via set_stream_sources
2026-05-22 13:48:03,522 | INFO | VCPlatform | [8015937475] Stream restarted via set_stream_sources
2026-05-22 13:49:51,372 | INFO | VCPlatform | [6444599625_3] Stream restarted via set_stream_sources
2026-05-22 13:50:33,127 | INFO | VCPlatform | [6444599625] Stream restarted via set_stream_sources
2026-05-22 13:50:43,953 | INFO | VCPlatform | [6451644278] Stream restarted via set_stream_sources
2026-05-22 13:53:19,086 | INFO | VCPlatform | [6444599625_2] Stream restarted via set_stream_sources
2026-05-22 13:53:42,793 | INFO | VCPlatform | [7535601861_2] Stream restarted via set_stream_sources
2026-05-22 13:54:26,625 | INFO | VCPlatform | [8015937475] Stream restarted via set_stream_sources
2026-05-22 13:57:09,477 | INFO | VCPlatform | [6444599625_3] Stream restarted via set_stream_sources
2026-05-22 13:57:51,234 | INFO | VCPlatform | [6444599625] Stream restarted via set_stream_sources
2026-05-22 14:00:01,968 | INFO | VCPlatform | [7535601861_2] Stream restarted via set_stream_sources
2026-05-22 14:00:37,196 | INFO | VCPlatform | [6444599625_2] Stream restarted via set_stream_sources
2026-05-22 14:00:49,730 | INFO | VCPlatform | [8015937475] Stream restarted via set_stream_sources
2026-05-22 14:02:02,238 | INFO | VCPlatform | [6451644278] Stream restarted via set_stream_sources
2026-05-22 14:04:27,579 | INFO | VCPlatform | [6444599625_3] Stream restarted via set_stream_sources
2026-05-22 14:05:09,335 | INFO | VCPlatform | [6444599625] Stream restarted via set_stream_sources
2026-05-22 14:06:21,070 | INFO | VCPlatform | [7535601861_2] Stream restarted via set_stream_sources
2026-05-22 14:07:12,834 | INFO | VCPlatform | [8015937475] Stream restarted via set_stream_sources
2026-05-22 14:07:55,305 | INFO | VCPlatform | [6444599625_2] Stream restarted via set_stream_sources
2026-05-22 14:11:45,684 | INFO | VCPlatform | [6444599625_3] Stream restarted via set_stream_sources
2026-05-22 14:12:27,438 | INFO | VCPlatform | [6444599625] Stream restarted via set_stream_sources
2026-05-22 14:12:40,173 | INFO | VCPlatform | [7535601861_2] Stream restarted via set_stream_sources
2026-05-22 14:13:20,271 | INFO | VCPlatform | [6451644278] Stream restarted via set_stream_sources
2026-05-22 14:13:35,939 | INFO | VCPlatform | [8015937475] Stream restarted via set_stream_sources
2026-05-22 14:15:13,411 | INFO | VCPlatform | [6444599625_2] Stream restarted via set_stream_sources
2026-05-22 14:18:59,277 | INFO | VCPlatform | [7535601861_2] Stream restarted via set_stream_sources
2026-05-22 14:19:03,787 | INFO | VCPlatform | [6444599625_3] Stream restarted via set_stream_sources
2026-05-22 14:19:45,553 | INFO | VCPlatform | [6444599625] Stream restarted via set_stream_sources
2026-05-22 14:19:59,044 | INFO | VCPlatform | [8015937475] Stream restarted via set_stream_sources
2026-05-22 14:22:31,513 | INFO | VCPlatform | [6444599625_2] Stream restarted via set_stream_sources
2026-05-22 14:24:38,374 | INFO | VCPlatform | [6451644278] Stream restarted via set_stream_sources
2026-05-22 14:25:18,379 | INFO | VCPlatform | [7535601861_2] Stream restarted via set_stream_sources
2026-05-22 14:26:21,891 | INFO | VCPlatform | [6444599625_3] Stream restarted via set_stream_sources
2026-05-22 14:26:22,146 | INFO | VCPlatform | [8015937475] Stream restarted via set_stream_sources
2026-05-22 14:27:03,662 | INFO | VCPlatform | [6444599625] Stream restarted via set_stream_sources
2026-05-22 14:29:49,616 | INFO | VCPlatform | [6444599625_2] Stream restarted via set_stream_sources
2026-05-22 14:31:37,486 | INFO | VCPlatform | [7535601861_2] Stream restarted via set_stream_sources
2026-05-22 14:32:45,256 | INFO | VCPlatform | [8015937475] Stream restarted via set_stream_sources
2026-05-22 14:33:39,993 | INFO | VCPlatform | [6444599625_3] Stream restarted via set_stream_sources
2026-05-22 14:34:21,763 | INFO | VCPlatform | [6444599625] Stream restarted via set_stream_sources
2026-05-22 14:35:56,476 | INFO | VCPlatform | [6451644278] Stream restarted via set_stream_sources
2026-05-22 14:37:07,720 | INFO | VCPlatform | [6444599625_2] Stream restarted via set_stream_sources
2026-05-22 14:37:56,599 | INFO | VCPlatform | [7535601861_2] Stream restarted via set_stream_sources
2026-05-22 14:39:08,359 | INFO | VCPlatform | [8015937475] Stream restarted via set_stream_sources
2026-05-22 14:40:58,097 | INFO | VCPlatform | [6444599625_3] Stream restarted via set_stream_sources
2026-05-22 14:41:39,865 | INFO | VCPlatform | [6444599625] Stream restarted via set_stream_sources
2026-05-22 14:44:15,705 | INFO | VCPlatform | [7535601861_2] Stream restarted via set_stream_sources
2026-05-22 14:44:25,823 | INFO | VCPlatform | [6444599625_2] Stream restarted via set_stream_sources
2026-05-22 14:45:31,461 | INFO | VCPlatform | [8015937475] Stream restarted via set_stream_sources
2026-05-22 14:47:14,579 | INFO | VCPlatform | [6451644278] Stream restarted via set_stream_sources
2026-05-22 14:48:16,200 | INFO | VCPlatform | [6444599625_3] Stream restarted via set_stream_sources
2026-05-22 14:48:57,968 | INFO | VCPlatform | [6444599625] Stream restarted via set_stream_sources
2026-05-22 14:50:34,818 | INFO | VCPlatform | [7535601861_2] Stream restarted via set_stream_sources
2026-05-22 14:51:43,927 | INFO | VCPlatform | [6444599625_2] Stream restarted via set_stream_sources
2026-05-22 14:51:54,565 | INFO | VCPlatform | [8015937475] Stream restarted via set_stream_sources
2026-05-22 14:55:34,303 | INFO | VCPlatform | [6444599625_3] Stream restarted via set_stream_sources
2026-05-22 14:56:16,072 | INFO | VCPlatform | [6444599625] Stream restarted via set_stream_sources
2026-05-22 14:56:53,919 | INFO | VCPlatform | [7535601861_2] Stream restarted via set_stream_sources
2026-05-22 14:58:17,667 | INFO | VCPlatform | [8015937475] Stream restarted via set_stream_sources
2026-05-22 14:58:32,680 | INFO | VCPlatform | [6451644278] Stream restarted via set_stream_sources
2026-05-22 14:59:02,038 | INFO | VCPlatform | [6444599625_2] Stream restarted via set_stream_sources
2026-05-22 15:02:52,409 | INFO | VCPlatform | [6444599625_3] Stream restarted via set_stream_sources
2026-05-22 15:03:13,022 | INFO | VCPlatform | [7535601861_2] Stream restarted via set_stream_sources
2026-05-22 15:03:34,202 | INFO | VCPlatform | [6444599625] Stream restarted via set_stream_sources
2026-05-22 15:04:40,784 | INFO | VCPlatform | [8015937475] Stream restarted via set_stream_sources
2026-05-22 15:05:23,665 | INFO | VCPlatform | [6444599625] Reminder sent (1 days left)
2026-05-22 15:05:25,013 | WARNING | VCPlatform | [6444599625_2] Reminder failed: Chat not found
2026-05-22 15:06:20,135 | INFO | VCPlatform | [6444599625_2] Stream restarted via set_stream_sources
2026-05-22 15:09:32,139 | INFO | VCPlatform | [7535601861_2] Stream restarted via set_stream_sources
2026-05-22 15:09:50,782 | INFO | VCPlatform | [6451644278] Stream restarted via set_stream_sources
2026-05-22 15:10:10,512 | INFO | VCPlatform | [6444599625_3] Stream restarted via set_stream_sources
2026-05-22 15:10:52,304 | INFO | VCPlatform | [6444599625] Stream restarted via set_stream_sources
2026-05-22 15:11:03,887 | INFO | VCPlatform | [8015937475] Stream restarted via set_stream_sources
2026-05-22 15:13:38,242 | INFO | VCPlatform | [6444599625_2] Stream restarted via set_stream_sources
2026-05-22 15:15:51,242 | INFO | VCPlatform | [7535601861_2] Stream restarted via set_stream_sources
2026-05-22 15:17:26,991 | INFO | VCPlatform | [8015937475] Stream restarted via set_stream_sources
2026-05-22 15:17:28,617 | INFO | VCPlatform | [6444599625_3] Stream restarted via set_stream_sources
2026-05-22 15:18:10,406 | INFO | VCPlatform | [6444599625] Stream restarted via set_stream_sources
2026-05-22 15:20:56,345 | INFO | VCPlatform | [6444599625_2] Stream restarted via set_stream_sources
2026-05-22 15:21:08,886 | INFO | VCPlatform | [6451644278] Stream restarted via set_stream_sources
2026-05-22 15:22:10,345 | INFO | VCPlatform | [7535601861_2] Stream restarted via set_stream_sources
2026-05-22 15:23:50,100 | INFO | VCPlatform | [8015937475] Stream restarted via set_stream_sources
2026-05-22 15:24:46,719 | INFO | VCPlatform | [6444599625_3] Stream restarted via set_stream_sources
2026-05-22 15:25:28,517 | INFO | VCPlatform | [6444599625] Stream restarted via set_stream_sources
2026-05-22 15:28:14,458 | INFO | VCPlatform | [6444599625_2] Stream restarted via set_stream_sources
2026-05-22 15:28:29,448 | INFO | VCPlatform | [7535601861_2] Stream restarted via set_stream_sources
2026-05-22 15:30:13,209 | INFO | VCPlatform | [8015937475] Stream restarted via set_stream_sources
2026-05-22 15:32:04,824 | INFO | VCPlatform | [6444599625_3] Stream restarted via set_stream_sources
2026-05-22 15:32:27,012 | INFO | VCPlatform | [6451644278] Stream restarted via set_stream_sources
2026-05-22 15:32:46,617 | INFO | VCPlatform | [6444599625] Stream restarted via set_stream_sources
2026-05-22 15:34:48,555 | INFO | VCPlatform | [7535601861_2] Stream restarted via set_stream_sources
2026-05-22 15:35:32,560 | INFO | VCPlatform | [6444599625_2] Stream restarted via set_stream_sources
2026-05-22 15:36:36,312 | INFO | VCPlatform | [8015937475] Stream restarted via set_stream_sources
2026-05-22 15:39:22,932 | INFO | VCPlatform | [6444599625_3] Stream restarted via set_stream_sources
2026-05-22 15:40:04,723 | INFO | VCPlatform | [6444599625] Stream restarted via set_stream_sources
2026-05-22 15:41:07,656 | INFO | VCPlatform | [7535601861_2] Stream restarted via set_stream_sources
2026-05-22 15:42:50,667 | INFO | VCPlatform | [6444599625_2] Stream restarted via set_stream_sources
2026-05-22 15:42:59,418 | INFO | VCPlatform | [8015937475] Stream restarted via set_stream_sources
2026-05-22 15:43:45,115 | INFO | VCPlatform | [6451644278] Stream restarted via set_stream_sources
2026-05-22 15:46:41,035 | INFO | VCPlatform | [6444599625_3] Stream restarted via set_stream_sources
2026-05-22 15:47:22,833 | INFO | VCPlatform | [6444599625] Stream restarted via set_stream_sources
2026-05-22 15:47:26,762 | INFO | VCPlatform | [7535601861_2] Stream restarted via set_stream_sources
2026-05-22 15:49:22,523 | INFO | VCPlatform | [8015937475] Stream restarted via set_stream_sources
2026-05-22 15:50:08,771 | INFO | VCPlatform | [6444599625_2] Stream restarted via set_stream_sources
2026-05-22 15:53:45,867 | INFO | VCPlatform | [7535601861_2] Stream restarted via set_stream_sources
2026-05-22 15:53:59,140 | INFO | VCPlatform | [6444599625_3] Stream restarted via set_stream_sources
2026-05-22 15:54:40,937 | INFO | VCPlatform | [6444599625] Stream restarted via set_stream_sources
2026-05-22 15:55:03,282 | INFO | VCPlatform | [6451644278] Stream restarted via set_stream_sources
2026-05-22 15:55:45,625 | INFO | VCPlatform | [8015937475] Stream restarted via set_stream_sources
2026-05-22 15:57:26,874 | INFO | VCPlatform | [6444599625_2] Stream restarted via set_stream_sources
2026-05-22 16:00:05,127 | INFO | VCPlatform | [7535601861_2] Stream restarted via set_stream_sources
2026-05-22 16:01:17,244 | INFO | VCPlatform | [6444599625_3] Stream restarted via set_stream_sources
2026-05-22 16:01:59,052 | INFO | VCPlatform | [6444599625] Stream restarted via set_stream_sources
2026-05-22 16:02:08,736 | INFO | VCPlatform | [8015937475] Stream restarted via set_stream_sources
2026-05-22 16:04:44,976 | INFO | VCPlatform | [6444599625_2] Stream restarted via set_stream_sources
2026-05-22 16:06:21,344 | INFO | VCPlatform | [6451644278] Stream restarted via set_stream_sources
2026-05-22 16:06:24,223 | INFO | VCPlatform | [7535601861_2] Stream restarted via set_stream_sources
2026-05-22 16:08:31,835 | INFO | VCPlatform | [8015937475] Stream restarted via set_stream_sources
2026-05-22 16:08:35,346 | INFO | VCPlatform | [6444599625_3] Stream restarted via set_stream_sources
2026-05-22 16:09:17,153 | INFO | VCPlatform | [6444599625] Stream restarted via set_stream_sources
2026-05-22 16:12:03,083 | INFO | VCPlatform | [6444599625_2] Stream restarted via set_stream_sources
2026-05-22 16:12:43,325 | INFO | VCPlatform | [7535601861_2] Stream restarted via set_stream_sources
2026-05-22 16:14:54,940 | INFO | VCPlatform | [8015937475] Stream restarted via set_stream_sources
2026-05-22 16:15:53,450 | INFO | VCPlatform | [6444599625_3] Stream restarted via set_stream_sources
2026-05-22 16:16:35,257 | INFO | VCPlatform | [6444599625] Stream restarted via set_stream_sources
2026-05-22 16:17:39,448 | INFO | VCPlatform | [6451644278] Stream restarted via set_stream_sources
2026-05-22 16:19:02,464 | INFO | VCPlatform | [7535601861_2] Stream restarted via set_stream_sources
2026-05-22 16:19:21,206 | INFO | VCPlatform | [6444599625_2] Stream restarted via set_stream_sources
2026-05-22 16:21:18,060 | INFO | VCPlatform | [8015937475] Stream restarted via set_stream_sources
2026-05-22 16:23:11,557 | INFO | VCPlatform | [6444599625_3] Stream restarted via set_stream_sources
2026-05-22 16:23:53,358 | INFO | VCPlatform | [6444599625] Stream restarted via set_stream_sources
2026-05-22 16:25:21,553 | INFO | VCPlatform | [7535601861_2] Stream restarted via set_stream_sources
2026-05-22 16:26:39,294 | INFO | VCPlatform | [6444599625_2] Stream restarted via set_stream_sources
2026-05-22 16:27:41,168 | INFO | VCPlatform | [8015937475] Stream restarted via set_stream_sources
2026-05-22 16:28:57,560 | INFO | VCPlatform | [6451644278] Stream restarted via set_stream_sources
2026-05-22 16:30:29,663 | INFO | VCPlatform | [6444599625_3] Stream restarted via set_stream_sources
2026-05-22 16:31:11,492 | INFO | VCPlatform | [6444599625] Stream restarted via set_stream_sources
2026-05-22 16:31:40,655 | INFO | VCPlatform | [7535601861_2] Stream restarted via set_stream_sources
2026-05-22 16:33:57,401 | INFO | VCPlatform | [6444599625_2] Stream restarted via set_stream_sources
2026-05-22 16:34:04,270 | INFO | VCPlatform | [8015937475] Stream restarted via set_stream_sources
2026-05-22 16:34:13,351 | WARNING | VCPlatform | [6444599625_2] Reminder failed: Chat not found
2026-05-22 16:37:47,765 | INFO | VCPlatform | [6444599625_3] Stream restarted via set_stream_sources
2026-05-22 16:37:59,760 | INFO | VCPlatform | [7535601861_2] Stream restarted via set_stream_sources
2026-05-22 16:38:29,591 | INFO | VCPlatform | [6444599625] Stream restarted via set_stream_sources
2026-05-22 16:39:45,336 | ERROR | telegram.ext.Updater | Error while getting Updates: httpx.RemoteProtocolError: Server disconnected without sending a response.
2026-05-22 16:39:45,337 | ERROR | telegram.ext.Updater | Exception happened while polling for updates.
Traceback (most recent call last):
  File "/root/voiceplay/.venv/lib/python3.10/site-packages/httpx/_transports/default.py", line 66, in map_httpcore_exceptions
    yield
  File "/root/voiceplay/.venv/lib/python3.10/site-packages/httpx/_transports/default.py", line 366, in handle_async_request
    resp = await self._pool.handle_async_request(req)
  File "/root/voiceplay/.venv/lib/python3.10/site-packages/httpcore/_async/connection_pool.py", line 256, in handle_async_request
    raise exc from None
  File "/root/voiceplay/.venv/lib/python3.10/site-packages/httpcore/_async/connection_pool.py", line 236, in handle_async_request
    response = await connection.handle_async_request(
  File "/root/voiceplay/.venv/lib/python3.10/site-packages/httpcore/_async/connection.py", line 103, in handle_async_request
    return await self._connection.handle_async_request(request)
  File "/root/voiceplay/.venv/lib/python3.10/site-packages/httpcore/_async/http11.py", line 136, in handle_async_request
    raise exc
  File "/root/voiceplay/.venv/lib/python3.10/site-packages/httpcore/_async/http11.py", line 106, in handle_async_request
    ) = await self._receive_response_headers(**kwargs)
  File "/root/voiceplay/.venv/lib/python3.10/site-packages/httpcore/_async/http11.py", line 177, in _receive_response_headers
    event = await self._receive_event(timeout=timeout)
  File "/root/voiceplay/.venv/lib/python3.10/site-packages/httpcore/_async/http11.py", line 231, in _receive_event
    raise RemoteProtocolError(msg)
httpcore.RemoteProtocolError: Server disconnected without sending a response.

The above exception was the direct cause of the following exception:

Traceback (most recent call last):
  File "/root/voiceplay/.venv/lib/python3.10/site-packages/telegram/request/_httpxrequest.py", line 268, in do_request
    res = await self._client.request(
  File "/root/voiceplay/.venv/lib/python3.10/site-packages/httpx/_client.py", line 1530, in request
    return await self.send(request, auth=auth, follow_redirects=follow_redirects)
  File "/root/voiceplay/.venv/lib/python3.10/site-packages/httpx/_client.py", line 1617, in send
    response = await self._send_handling_auth(
  File "/root/voiceplay/.venv/lib/python3.10/site-packages/httpx/_client.py", line 1645, in _send_handling_auth
    response = await self._send_handling_redirects(
  File "/root/voiceplay/.venv/lib/python3.10/site-packages/httpx/_client.py", line 1682, in _send_handling_redirects
    response = await self._send_single_request(request)
  File "/root/voiceplay/.venv/lib/python3.10/site-packages/httpx/_client.py", line 1719, in _send_single_request
    response = await transport.handle_async_request(request)
  File "/root/voiceplay/.venv/lib/python3.10/site-packages/httpx/_transports/default.py", line 365, in handle_async_request
    with map_httpcore_exceptions():
  File "/usr/lib/python3.10/contextlib.py", line 153, in __exit__
    self.gen.throw(typ, value, traceback)
  File "/root/voiceplay/.venv/lib/python3.10/site-packages/httpx/_transports/default.py", line 83, in map_httpcore_exceptions
    raise mapped_exc(message) from exc
httpx.RemoteProtocolError: Server disconnected without sending a response.

The above exception was the direct cause of the following exception:

Traceback (most recent call last):
  File "/root/voiceplay/.venv/lib/python3.10/site-packages/telegram/ext/_updater.py", line 688, in _network_loop_retry
    if not await action_cb():
  File "/root/voiceplay/.venv/lib/python3.10/site-packages/telegram/ext/_updater.py", line 384, in polling_action_cb
    raise exc
  File "/root/voiceplay/.venv/lib/python3.10/site-packages/telegram/ext/_updater.py", line 373, in polling_action_cb
    updates = await self.bot.get_updates(
  File "/root/voiceplay/.venv/lib/python3.10/site-packages/telegram/ext/_extbot.py", line 558, in get_updates
    updates = await super().get_updates(
  File "/root/voiceplay/.venv/lib/python3.10/site-packages/telegram/_bot.py", line 525, in decorator
    result = await func(self, *args, **kwargs)  # skipcq: PYL-E1102
  File "/root/voiceplay/.venv/lib/python3.10/site-packages/telegram/_bot.py", line 3584, in get_updates
    await self._post(
  File "/root/voiceplay/.venv/lib/python3.10/site-packages/telegram/_bot.py", line 613, in _post
    return await self._do_post(
  File "/root/voiceplay/.venv/lib/python3.10/site-packages/telegram/ext/_extbot.py", line 340, in _do_post
    return await super()._do_post(
  File "/root/voiceplay/.venv/lib/python3.10/site-packages/telegram/_bot.py", line 641, in _do_post
    return await request.post(
  File "/root/voiceplay/.venv/lib/python3.10/site-packages/telegram/request/_baserequest.py", line 200, in post
    result = await self._request_wrapper(
  File "/root/voiceplay/.venv/lib/python3.10/site-packages/telegram/request/_baserequest.py", line 340, in _request_wrapper
    raise exc
  File "/root/voiceplay/.venv/lib/python3.10/site-packages/telegram/request/_baserequest.py", line 330, in _request_wrapper
    code, payload = await self.do_request(
  File "/root/voiceplay/.venv/lib/python3.10/site-packages/telegram/request/_httpxrequest.py", line 292, in do_request
    raise NetworkError(f"httpx.{err.__class__.__name__}: {err}") from err
telegram.error.NetworkError: httpx.RemoteProtocolError: Server disconnected without sending a response.
2026-05-22 16:40:15,669 | INFO | VCPlatform | [6451644278] Stream restarted via set_stream_sources
2026-05-22 16:40:27,379 | INFO | VCPlatform | [8015937475] Stream restarted via set_stream_sources
2026-05-22 16:41:15,503 | INFO | VCPlatform | [6444599625_2] Stream restarted via set_stream_sources
2026-05-22 16:44:18,867 | INFO | VCPlatform | [7535601861_2] Stream restarted via set_stream_sources
2026-05-22 16:45:06,067 | INFO | VCPlatform | [6444599625_3] Stream restarted via set_stream_sources
2026-05-22 16:45:47,701 | INFO | VCPlatform | [6444599625] Stream restarted via set_stream_sources
2026-05-22 16:46:50,482 | INFO | VCPlatform | [8015937475] Stream restarted via set_stream_sources
2026-05-22 16:48:33,608 | INFO | VCPlatform | [6444599625_2] Stream restarted via set_stream_sources
2026-05-22 16:50:37,972 | INFO | VCPlatform | [7535601861_2] Stream restarted via set_stream_sources
2026-05-22 16:51:33,775 | INFO | VCPlatform | [6451644278] Stream restarted via set_stream_sources
2026-05-22 16:52:24,171 | INFO | VCPlatform | [6444599625_3] Stream restarted via set_stream_sources
2026-05-22 16:53:05,825 | INFO | VCPlatform | [6444599625] Stream restarted via set_stream_sources
2026-05-22 16:53:13,585 | INFO | VCPlatform | [8015937475] Stream restarted via set_stream_sources
2026-05-22 16:55:51,715 | INFO | VCPlatform | [6444599625_2] Stream restarted via set_stream_sources
2026-05-22 16:56:57,084 | INFO | VCPlatform | [7535601861_2] Stream restarted via set_stream_sources
2026-05-22 16:59:36,691 | INFO | VCPlatform | [8015937475] Stream restarted via set_stream_sources
2026-05-22 16:59:42,272 | INFO | VCPlatform | [6444599625_3] Stream restarted via set_stream_sources
2026-05-22 17:00:23,925 | INFO | VCPlatform | [6444599625] Stream restarted via set_stream_sources
2026-05-22 17:02:51,876 | INFO | VCPlatform | [6451644278] Stream restarted via set_stream_sources
2026-05-22 17:03:09,816 | INFO | VCPlatform | [6444599625_2] Stream restarted via set_stream_sources
2026-05-22 17:03:16,185 | INFO | VCPlatform | [7535601861_2] Stream restarted via set_stream_sources
2026-05-22 17:05:59,800 | INFO | VCPlatform | [8015937475] Stream restarted via set_stream_sources
2026-05-22 17:07:00,378 | INFO | VCPlatform | [6444599625_3] Stream restarted via set_stream_sources
2026-05-22 17:07:42,030 | INFO | VCPlatform | [6444599625] Stream restarted via set_stream_sources
2026-05-22 17:09:35,291 | INFO | VCPlatform | [7535601861_2] Stream restarted via set_stream_sources
2026-05-22 17:10:27,920 | INFO | VCPlatform | [6444599625_2] Stream restarted via set_stream_sources
2026-05-22 17:12:22,902 | INFO | VCPlatform | [8015937475] Stream restarted via set_stream_sources
2026-05-22 17:14:09,979 | INFO | VCPlatform | [6451644278] Stream restarted via set_stream_sources
2026-05-22 17:14:18,481 | INFO | VCPlatform | [6444599625_3] Stream restarted via set_stream_sources
2026-05-22 17:15:00,160 | INFO | VCPlatform | [6444599625] Stream restarted via set_stream_sources
2026-05-22 17:15:54,401 | INFO | VCPlatform | [7535601861_2] Stream restarted via set_stream_sources
2026-05-22 17:17:46,027 | INFO | VCPlatform | [6444599625_2] Stream restarted via set_stream_sources
2026-05-22 17:18:46,048 | INFO | VCPlatform | [8015937475] Stream restarted via set_stream_sources
2026-05-22 17:21:36,598 | INFO | VCPlatform | [6444599625_3] Stream restarted via set_stream_sources
2026-05-22 17:22:13,504 | INFO | VCPlatform | [7535601861_2] Stream restarted via set_stream_sources
2026-05-22 17:22:18,259 | INFO | VCPlatform | [6444599625] Stream restarted via set_stream_sources
2026-05-22 17:25:04,136 | INFO | VCPlatform | [6444599625_2] Stream restarted via set_stream_sources
2026-05-22 17:25:09,148 | INFO | VCPlatform | [8015937475] Stream restarted via set_stream_sources
2026-05-22 17:25:28,083 | INFO | VCPlatform | [6451644278] Stream restarted via set_stream_sources
2026-05-22 17:28:32,609 | INFO | VCPlatform | [7535601861_2] Stream restarted via set_stream_sources
2026-05-22 17:28:54,708 | INFO | VCPlatform | [6444599625_3] Stream restarted via set_stream_sources
2026-05-22 17:29:36,366 | INFO | VCPlatform | [6444599625] Stream restarted via set_stream_sources
2026-05-22 17:31:32,323 | INFO | VCPlatform | [8015937475] Stream restarted via set_stream_sources
2026-05-22 17:32:22,266 | INFO | VCPlatform | [6444599625_2] Stream restarted via set_stream_sources
2026-05-22 17:34:51,717 | INFO | VCPlatform | [7535601861_2] Stream restarted via set_stream_sources
2026-05-22 17:36:12,813 | INFO | VCPlatform | [6444599625_3] Stream restarted via set_stream_sources
2026-05-22 17:36:46,197 | INFO | VCPlatform | [6451644278] Stream restarted via set_stream_sources
2026-05-22 17:36:54,466 | INFO | VCPlatform | [6444599625] Stream restarted via set_stream_sources
2026-05-22 17:37:55,416 | INFO | VCPlatform | [8015937475] Stream restarted via set_stream_sources
2026-05-22 17:39:40,360 | INFO | VCPlatform | [6444599625_2] Stream restarted via set_stream_sources
2026-05-22 17:41:10,823 | INFO | VCPlatform | [7535601861_2] Stream restarted via set_stream_sources
2026-05-22 17:43:30,916 | INFO | VCPlatform | [6444599625_3] Stream restarted via set_stream_sources
2026-05-22 17:44:12,568 | INFO | VCPlatform | [6444599625] Stream restarted via set_stream_sources
2026-05-22 17:44:18,519 | INFO | VCPlatform | [8015937475] Stream restarted via set_stream_sources
2026-05-22 17:46:58,474 | INFO | VCPlatform | [6444599625_2] Stream restarted via set_stream_sources
2026-05-22 17:47:29,959 | INFO | VCPlatform | [7535601861_2] Stream restarted via set_stream_sources
2026-05-22 17:48:04,303 | INFO | VCPlatform | [6451644278] Stream restarted via set_stream_sources
2026-05-22 17:50:41,624 | INFO | VCPlatform | [8015937475] Stream restarted via set_stream_sources
2026-05-22 17:50:49,017 | INFO | VCPlatform | [6444599625_3] Stream restarted via set_stream_sources
2026-05-22 17:51:30,672 | INFO | VCPlatform | [6444599625] Stream restarted via set_stream_sources
2026-05-22 17:53:49,062 | INFO | VCPlatform | [7535601861_2] Stream restarted via set_stream_sources
2026-05-22 17:54:16,581 | INFO | VCPlatform | [6444599625_2] Stream restarted via set_stream_sources
2026-05-22 17:57:04,775 | INFO | VCPlatform | [8015937475] Stream restarted via set_stream_sources
2026-05-22 17:58:07,123 | INFO | VCPlatform | [6444599625_3] Stream restarted via set_stream_sources
2026-05-22 17:58:48,791 | INFO | VCPlatform | [6444599625] Stream restarted via set_stream_sources
2026-05-22 17:59:22,407 | INFO | VCPlatform | [6451644278] Stream restarted via set_stream_sources
2026-05-22 18:00:08,231 | INFO | VCPlatform | [7535601861_2] Stream restarted via set_stream_sources
2026-05-22 18:01:34,690 | INFO | VCPlatform | [6444599625_2] Stream restarted via set_stream_sources
2026-05-22 18:03:27,888 | INFO | VCPlatform | [8015937475] Stream restarted via set_stream_sources
2026-05-22 18:05:25,226 | INFO | VCPlatform | [6444599625_3] Stream restarted via set_stream_sources
2026-05-22 18:06:06,897 | INFO | VCPlatform | [6444599625] Stream restarted via set_stream_sources
2026-05-22 18:06:27,327 | INFO | VCPlatform | [7535601861_2] Stream restarted via set_stream_sources
2026-05-22 18:08:52,792 | INFO | VCPlatform | [6444599625_2] Stream restarted via set_stream_sources
2026-05-22 18:09:50,990 | INFO | VCPlatform | [8015937475] Stream restarted via set_stream_sources
2026-05-22 18:10:40,511 | INFO | VCPlatform | [6451644278] Stream restarted via set_stream_sources
2026-05-22 18:12:43,331 | INFO | VCPlatform | [6444599625_3] Stream restarted via set_stream_sources
2026-05-22 18:12:46,428 | INFO | VCPlatform | [7535601861_2] Stream restarted via set_stream_sources
2026-05-22 18:13:25,000 | INFO | VCPlatform | [6444599625] Stream restarted via set_stream_sources
2026-05-22 18:16:10,932 | INFO | VCPlatform | [6444599625_2] Stream restarted via set_stream_sources
2026-05-22 18:16:14,099 | INFO | VCPlatform | [8015937475] Stream restarted via set_stream_sources
2026-05-22 18:19:05,555 | INFO | VCPlatform | [7535601861_2] Stream restarted via set_stream_sources
2026-05-22 18:20:01,590 | INFO | VCPlatform | [6444599625_3] Stream restarted via set_stream_sources
2026-05-22 18:20:43,104 | INFO | VCPlatform | [6444599625] Stream restarted via set_stream_sources
2026-05-22 18:21:58,614 | INFO | VCPlatform | [6451644278] Stream restarted via set_stream_sources
2026-05-22 18:22:37,202 | INFO | VCPlatform | [8015937475] Stream restarted via set_stream_sources
2026-05-22 18:23:29,012 | INFO | VCPlatform | [6444599625_2] Stream restarted via set_stream_sources
2026-05-22 18:25:24,686 | INFO | VCPlatform | [7535601861_2] Stream restarted via set_stream_sources
2026-05-22 18:27:19,635 | INFO | VCPlatform | [6444599625_3] Stream restarted via set_stream_sources
2026-05-22 18:28:01,208 | INFO | VCPlatform | [6444599625] Stream restarted via set_stream_sources
2026-05-22 18:29:00,308 | INFO | VCPlatform | [8015937475] Stream restarted via set_stream_sources
2026-05-22 18:30:47,118 | INFO | VCPlatform | [6444599625_2] Stream restarted via set_stream_sources
2026-05-22 18:31:43,791 | INFO | VCPlatform | [7535601861_2] Stream restarted via set_stream_sources
2026-05-22 18:33:16,717 | INFO | VCPlatform | [6451644278] Stream restarted via set_stream_sources
2026-05-22 18:34:37,745 | INFO | VCPlatform | [6444599625_3] Stream restarted via set_stream_sources
2026-05-22 18:35:19,310 | INFO | VCPlatform | [6444599625] Stream restarted via set_stream_sources
2026-05-22 18:35:23,413 | INFO | VCPlatform | [8015937475] Stream restarted via set_stream_sources
2026-05-22 18:38:02,900 | INFO | VCPlatform | [7535601861_2] Stream restarted via set_stream_sources
2026-05-22 18:38:05,239 | INFO | VCPlatform | [6444599625_2] Stream restarted via set_stream_sources
2026-05-22 18:41:46,516 | INFO | VCPlatform | [8015937475] Stream restarted via set_stream_sources
2026-05-22 18:41:55,849 | INFO | VCPlatform | [6444599625_3] Stream restarted via set_stream_sources
2026-05-22 18:42:37,412 | INFO | VCPlatform | [6444599625] Stream restarted via set_stream_sources
2026-05-22 18:44:22,005 | INFO | VCPlatform | [7535601861_2] Stream restarted via set_stream_sources
2026-05-22 18:44:34,819 | INFO | VCPlatform | [6451644278] Stream restarted via set_stream_sources
2026-05-22 18:45:23,336 | INFO | VCPlatform | [6444599625_2] Stream restarted via set_stream_sources
2026-05-22 18:48:09,629 | INFO | VCPlatform | [8015937475] Stream restarted via set_stream_sources
2026-05-22 18:49:13,952 | INFO | VCPlatform | [6444599625_3] Stream restarted via set_stream_sources
2026-05-22 18:49:55,514 | INFO | VCPlatform | [6444599625] Stream restarted via set_stream_sources
2026-05-22 18:50:41,108 | INFO | VCPlatform | [7535601861_2] Stream restarted via set_stream_sources
2026-05-22 18:52:41,440 | INFO | VCPlatform | [6444599625_2] Stream restarted via set_stream_sources
2026-05-22 18:54:32,739 | INFO | VCPlatform | [8015937475] Stream restarted via set_stream_sources
2026-05-22 18:55:52,925 | INFO | VCPlatform | [6451644278] Stream restarted via set_stream_sources
2026-05-22 18:56:32,053 | INFO | VCPlatform | [6444599625_3] Stream restarted via set_stream_sources
2026-05-22 18:57:00,212 | INFO | VCPlatform | [7535601861_2] Stream restarted via set_stream_sources
2026-05-22 18:57:13,616 | INFO | VCPlatform | [6444599625] Stream restarted via set_stream_sources
2026-05-22 18:59:59,544 | INFO | VCPlatform | [6444599625_2] Stream restarted via set_stream_sources
2026-05-22 19:00:55,842 | INFO | VCPlatform | [8015937475] Stream restarted via set_stream_sources
2026-05-22 19:03:19,318 | INFO | VCPlatform | [7535601861_2] Stream restarted via set_stream_sources
2026-05-22 19:03:50,157 | INFO | VCPlatform | [6444599625_3] Stream restarted via set_stream_sources
2026-05-22 19:04:31,719 | INFO | VCPlatform | [6444599625] Stream restarted via set_stream_sources
2026-05-22 19:07:11,029 | INFO | VCPlatform | [6451644278] Stream restarted via set_stream_sources
2026-05-22 19:07:17,647 | INFO | VCPlatform | [6444599625_2] Stream restarted via set_stream_sources
2026-05-22 19:07:18,943 | INFO | VCPlatform | [8015937475] Stream restarted via set_stream_sources
2026-05-22 19:09:38,426 | INFO | VCPlatform | [7535601861_2] Stream restarted via set_stream_sources
2026-05-22 19:11:08,261 | INFO | VCPlatform | [6444599625_3] Stream restarted via set_stream_sources
2026-05-22 19:11:49,825 | INFO | VCPlatform | [6444599625] Stream restarted via set_stream_sources
2026-05-22 19:13:42,049 | INFO | VCPlatform | [8015937475] Stream restarted via set_stream_sources
2026-05-22 19:14:35,753 | INFO | VCPlatform | [6444599625_2] Stream restarted via set_stream_sources
2026-05-22 19:15:57,534 | INFO | VCPlatform | [7535601861_2] Stream restarted via set_stream_sources
2026-05-22 19:18:26,365 | INFO | VCPlatform | [6444599625_3] Stream restarted via set_stream_sources
2026-05-22 19:18:29,133 | INFO | VCPlatform | [6451644278] Stream restarted via set_stream_sources
2026-05-22 19:19:07,928 | INFO | VCPlatform | [6444599625] Stream restarted via set_stream_sources
2026-05-22 19:20:05,155 | INFO | VCPlatform | [8015937475] Stream restarted via set_stream_sources
2026-05-22 19:21:53,853 | INFO | VCPlatform | [6444599625_2] Stream restarted via set_stream_sources
2026-05-22 19:22:16,636 | INFO | VCPlatform | [7535601861_2] Stream restarted via set_stream_sources
2026-05-22 19:25:44,468 | INFO | VCPlatform | [6444599625_3] Stream restarted via set_stream_sources
2026-05-22 19:26:26,051 | INFO | VCPlatform | [6444599625] Stream restarted via set_stream_sources
2026-05-22 19:26:28,257 | INFO | VCPlatform | [8015937475] Stream restarted via set_stream_sources
2026-05-22 19:28:35,740 | INFO | VCPlatform | [7535601861_2] Stream restarted via set_stream_sources
