2026-05-16 14:44:38,166 | INFO | telegram.ext.Application | Application started
2026-05-16 14:44:38,432 | INFO | VCPlatform | Admin bot started
2026-05-16 14:44:38,432 | INFO | VCPlatform | Platform fully running.
2026-05-16 14:51:32,073 | INFO | telegram.ext.Application | Application started
2026-05-16 14:51:32,580 | INFO | VCPlatform | [6444599625] Client bot launched: @YTBHAI_LIVE_BOT
2026-05-16 14:52:46,068 | INFO | telegram.ext.Application | Application started
2026-05-16 14:52:46,605 | INFO | VCPlatform | [6444599625_2] Client bot launched: @YTBHAILIVEFC2_BOT
2026-05-16 14:53:53,927 | INFO | telegram.ext.Application | Application started
2026-05-16 14:53:54,431 | INFO | VCPlatform | [6444599625_3] Client bot launched: @YTBHAILIVEFC3_BOT
2026-05-16 14:55:17,995 | INFO | telegram.ext.Application | Application started
2026-05-16 14:55:18,523 | INFO | VCPlatform | [6451644278] Client bot launched: @YTBHAILIVEFC4_BOT
2026-05-16 14:57:31,836 | INFO | telegram.ext.Application | Application started
2026-05-16 14:57:32,354 | INFO | VCPlatform | [6444599625_4] Client bot launched: @YTBHAILIVEFC5_BOT
2026-05-16 14:58:55,985 | INFO | telegram.ext.Application | Application started
2026-05-16 14:58:56,495 | INFO | VCPlatform | [7535601861] Client bot launched: @YTBHAILIVEFC6_BOT
2026-05-16 14:59:52,170 | INFO | telegram.ext.Application | Application started
2026-05-16 14:59:52,694 | INFO | VCPlatform | [7535601861_2] Client bot launched: @YTBHAILIVEFC7_BOT
2026-05-16 16:15:08,242 | ERROR | telegram.ext.Application | No error handlers are registered, logging exception.
Traceback (most recent call last):
  File "/root/voiceplay/.venv/lib/python3.10/site-packages/telegram/ext/_application.py", line 1234, in process_update
    await coroutine
  File "/root/voiceplay/.venv/lib/python3.10/site-packages/telegram/ext/_basehandler.py", line 157, in handle_update
    return await self.callback(update, context)
  File "/root/voiceplay/play.py", line 1595, in cl_callback
    await q.answer()
  File "/root/voiceplay/.venv/lib/python3.10/site-packages/telegram/_callbackquery.py", line 180, in answer
    return await self.get_bot().answer_callback_query(
  File "/root/voiceplay/.venv/lib/python3.10/site-packages/telegram/ext/_extbot.py", line 778, in answer_callback_query
    return await super().answer_callback_query(
  File "/root/voiceplay/.venv/lib/python3.10/site-packages/telegram/_bot.py", line 525, in decorator
    result = await func(self, *args, **kwargs)  # skipcq: PYL-E1102
  File "/root/voiceplay/.venv/lib/python3.10/site-packages/telegram/_bot.py", line 3213, in answer_callback_query
    return await self._post(
  File "/root/voiceplay/.venv/lib/python3.10/site-packages/telegram/_bot.py", line 613, in _post
    return await self._do_post(
  File "/root/voiceplay/.venv/lib/python3.10/site-packages/telegram/ext/_extbot.py", line 340, in _do_post
    return await super()._do_post(
  File "/root/voiceplay/.venv/lib/python3.10/site-packages/telegram/_bot.py", line 641, in _do_post
    return await request.post(
  File "/root/voiceplay/.venv/lib/python3.10/site-packages/telegram/request/_baserequest.py", line 200, in post
    result = await self._request_wrapper(
  File "/root/voiceplay/.venv/lib/python3.10/site-packages/telegram/request/_baserequest.py", line 379, in _request_wrapper
    raise BadRequest(message)
telegram.error.BadRequest: Query is too old and response timeout expired or query id is invalid
2026-05-16 16:17:28,522 | INFO | VCPlatform | [7535601861_2] NTG: ConnectionState.CONNECTING
2026-05-16 16:17:28,967 | INFO | VCPlatform | [7535601861_2] NTG: ConnectionState.CONNECTED
2026-05-16 16:21:29,256 | INFO | VCPlatform | [7535601861_2] NTG: ConnectionState.CONNECTING
2026-05-16 16:21:29,650 | INFO | VCPlatform | [7535601861_2] NTG: ConnectionState.CONNECTED
2026-05-16 16:46:52,899 | INFO | VCPlatform | [6451644278] NTG: ConnectionState.CONNECTING
2026-05-16 16:46:53,341 | INFO | VCPlatform | [6451644278] NTG: ConnectionState.CONNECTED
2026-05-16 17:16:38,827 | WARNING | pyrogram.session.session | [+919263893001] Waiting for 6 seconds before continuing (required by "messages.CheckChatInvite")
2026-05-16 18:12:32,529 | ERROR | telegram.ext.Updater | Error while getting Updates: httpx.ReadError: 
2026-05-16 18:12:32,532 | ERROR | telegram.ext.Updater | Exception happened while polling for updates.
Traceback (most recent call last):
  File "/root/voiceplay/.venv/lib/python3.10/site-packages/httpx/_transports/default.py", line 66, in map_httpcore_exceptions
    yield
  File "/root/voiceplay/.venv/lib/python3.10/site-packages/httpx/_transports/default.py", line 366, in handle_async_request
    resp = await self._pool.handle_async_request(req)
  File "/root/voiceplay/.venv/lib/python3.10/site-packages/httpcore/_async/connection_pool.py", line 256, in handle_async_request
    raise exc from None
  File "/root/voiceplay/.venv/lib/python3.10/site-packages/httpcore/_async/connection_pool.py", line 236, in handle_async_request
    response = await connection.handle_async_request(
  File "/root/voiceplay/.venv/lib/python3.10/site-packages/httpcore/_async/connection.py", line 103, in handle_async_request
    return await self._connection.handle_async_request(request)
  File "/root/voiceplay/.venv/lib/python3.10/site-packages/httpcore/_async/http11.py", line 136, in handle_async_request
    raise exc
  File "/root/voiceplay/.venv/lib/python3.10/site-packages/httpcore/_async/http11.py", line 106, in handle_async_request
    ) = await self._receive_response_headers(**kwargs)
  File "/root/voiceplay/.venv/lib/python3.10/site-packages/httpcore/_async/http11.py", line 177, in _receive_response_headers
    event = await self._receive_event(timeout=timeout)
  File "/root/voiceplay/.venv/lib/python3.10/site-packages/httpcore/_async/http11.py", line 217, in _receive_event
    data = await self._network_stream.read(
  File "/root/voiceplay/.venv/lib/python3.10/site-packages/httpcore/_backends/anyio.py", line 32, in read
    with map_exceptions(exc_map):
  File "/usr/lib/python3.10/contextlib.py", line 153, in __exit__
    self.gen.throw(typ, value, traceback)
  File "/root/voiceplay/.venv/lib/python3.10/site-packages/httpcore/_exceptions.py", line 14, in map_exceptions
    raise to_exc(exc) from exc
httpcore.ReadError

The above exception was the direct cause of the following exception:

Traceback (most recent call last):
  File "/root/voiceplay/.venv/lib/python3.10/site-packages/telegram/request/_httpxrequest.py", line 268, in do_request
    res = await self._client.request(
  File "/root/voiceplay/.venv/lib/python3.10/site-packages/httpx/_client.py", line 1530, in request
    return await self.send(request, auth=auth, follow_redirects=follow_redirects)
  File "/root/voiceplay/.venv/lib/python3.10/site-packages/httpx/_client.py", line 1617, in send
    response = await self._send_handling_auth(
  File "/root/voiceplay/.venv/lib/python3.10/site-packages/httpx/_client.py", line 1645, in _send_handling_auth
    response = await self._send_handling_redirects(
  File "/root/voiceplay/.venv/lib/python3.10/site-packages/httpx/_client.py", line 1682, in _send_handling_redirects
    response = await self._send_single_request(request)
  File "/root/voiceplay/.venv/lib/python3.10/site-packages/httpx/_client.py", line 1719, in _send_single_request
    response = await transport.handle_async_request(request)
  File "/root/voiceplay/.venv/lib/python3.10/site-packages/httpx/_transports/default.py", line 365, in handle_async_request
    with map_httpcore_exceptions():
  File "/usr/lib/python3.10/contextlib.py", line 153, in __exit__
    self.gen.throw(typ, value, traceback)
  File "/root/voiceplay/.venv/lib/python3.10/site-packages/httpx/_transports/default.py", line 83, in map_httpcore_exceptions
    raise mapped_exc(message) from exc
httpx.ReadError

The above exception was the direct cause of the following exception:

Traceback (most recent call last):
  File "/root/voiceplay/.venv/lib/python3.10/site-packages/telegram/ext/_updater.py", line 688, in _network_loop_retry
    if not await action_cb():
  File "/root/voiceplay/.venv/lib/python3.10/site-packages/telegram/ext/_updater.py", line 384, in polling_action_cb
    raise exc
  File "/root/voiceplay/.venv/lib/python3.10/site-packages/telegram/ext/_updater.py", line 373, in polling_action_cb
    updates = await self.bot.get_updates(
  File "/root/voiceplay/.venv/lib/python3.10/site-packages/telegram/ext/_extbot.py", line 558, in get_updates
    updates = await super().get_updates(
  File "/root/voiceplay/.venv/lib/python3.10/site-packages/telegram/_bot.py", line 525, in decorator
    result = await func(self, *args, **kwargs)  # skipcq: PYL-E1102
  File "/root/voiceplay/.venv/lib/python3.10/site-packages/telegram/_bot.py", line 3584, in get_updates
    await self._post(
  File "/root/voiceplay/.venv/lib/python3.10/site-packages/telegram/_bot.py", line 613, in _post
    return await self._do_post(
  File "/root/voiceplay/.venv/lib/python3.10/site-packages/telegram/ext/_extbot.py", line 340, in _do_post
    return await super()._do_post(
  File "/root/voiceplay/.venv/lib/python3.10/site-packages/telegram/_bot.py", line 641, in _do_post
    return await request.post(
  File "/root/voiceplay/.venv/lib/python3.10/site-packages/telegram/request/_baserequest.py", line 200, in post
    result = await self._request_wrapper(
  File "/root/voiceplay/.venv/lib/python3.10/site-packages/telegram/request/_baserequest.py", line 340, in _request_wrapper
    raise exc
  File "/root/voiceplay/.venv/lib/python3.10/site-packages/telegram/request/_baserequest.py", line 330, in _request_wrapper
    code, payload = await self.do_request(
  File "/root/voiceplay/.venv/lib/python3.10/site-packages/telegram/request/_httpxrequest.py", line 292, in do_request
    raise NetworkError(f"httpx.{err.__class__.__name__}: {err}") from err
telegram.error.NetworkError: httpx.ReadError: 
2026-05-16 20:46:17,607 | WARNING | pyrogram.session.session | [+13072056562] Waiting for 4 seconds before continuing (required by "messages.CheckChatInvite")
2026-05-17 03:10:46,620 | ERROR | telegram.ext.Updater | Error while getting Updates: Bad Gateway
2026-05-17 03:10:46,633 | ERROR | telegram.ext.Updater | Exception happened while polling for updates.
Traceback (most recent call last):
  File "/root/voiceplay/.venv/lib/python3.10/site-packages/telegram/ext/_updater.py", line 688, in _network_loop_retry
    if not await action_cb():
  File "/root/voiceplay/.venv/lib/python3.10/site-packages/telegram/ext/_updater.py", line 384, in polling_action_cb
    raise exc
  File "/root/voiceplay/.venv/lib/python3.10/site-packages/telegram/ext/_updater.py", line 373, in polling_action_cb
    updates = await self.bot.get_updates(
  File "/root/voiceplay/.venv/lib/python3.10/site-packages/telegram/ext/_extbot.py", line 558, in get_updates
    updates = await super().get_updates(
  File "/root/voiceplay/.venv/lib/python3.10/site-packages/telegram/_bot.py", line 525, in decorator
    result = await func(self, *args, **kwargs)  # skipcq: PYL-E1102
  File "/root/voiceplay/.venv/lib/python3.10/site-packages/telegram/_bot.py", line 3584, in get_updates
    await self._post(
  File "/root/voiceplay/.venv/lib/python3.10/site-packages/telegram/_bot.py", line 613, in _post
    return await self._do_post(
  File "/root/voiceplay/.venv/lib/python3.10/site-packages/telegram/ext/_extbot.py", line 340, in _do_post
    return await super()._do_post(
  File "/root/voiceplay/.venv/lib/python3.10/site-packages/telegram/_bot.py", line 641, in _do_post
    return await request.post(
  File "/root/voiceplay/.venv/lib/python3.10/site-packages/telegram/request/_baserequest.py", line 200, in post
    result = await self._request_wrapper(
  File "/root/voiceplay/.venv/lib/python3.10/site-packages/telegram/request/_baserequest.py", line 383, in _request_wrapper
    raise NetworkError(description or "Bad Gateway")
telegram.error.NetworkError: Bad Gateway
2026-05-17 03:10:47,890 | ERROR | telegram.ext.Updater | Error while getting Updates: Bad Gateway
2026-05-17 03:10:47,890 | ERROR | telegram.ext.Updater | Exception happened while polling for updates.
Traceback (most recent call last):
  File "/root/voiceplay/.venv/lib/python3.10/site-packages/telegram/ext/_updater.py", line 688, in _network_loop_retry
    if not await action_cb():
  File "/root/voiceplay/.venv/lib/python3.10/site-packages/telegram/ext/_updater.py", line 384, in polling_action_cb
    raise exc
  File "/root/voiceplay/.venv/lib/python3.10/site-packages/telegram/ext/_updater.py", line 373, in polling_action_cb
    updates = await self.bot.get_updates(
  File "/root/voiceplay/.venv/lib/python3.10/site-packages/telegram/ext/_extbot.py", line 558, in get_updates
    updates = await super().get_updates(
  File "/root/voiceplay/.venv/lib/python3.10/site-packages/telegram/_bot.py", line 525, in decorator
    result = await func(self, *args, **kwargs)  # skipcq: PYL-E1102
  File "/root/voiceplay/.venv/lib/python3.10/site-packages/telegram/_bot.py", line 3584, in get_updates
    await self._post(
  File "/root/voiceplay/.venv/lib/python3.10/site-packages/telegram/_bot.py", line 613, in _post
    return await self._do_post(
  File "/root/voiceplay/.venv/lib/python3.10/site-packages/telegram/ext/_extbot.py", line 340, in _do_post
    return await super()._do_post(
  File "/root/voiceplay/.venv/lib/python3.10/site-packages/telegram/_bot.py", line 641, in _do_post
    return await request.post(
  File "/root/voiceplay/.venv/lib/python3.10/site-packages/telegram/request/_baserequest.py", line 200, in post
    result = await self._request_wrapper(
  File "/root/voiceplay/.venv/lib/python3.10/site-packages/telegram/request/_baserequest.py", line 383, in _request_wrapper
    raise NetworkError(description or "Bad Gateway")
telegram.error.NetworkError: Bad Gateway
2026-05-17 03:10:49,651 | ERROR | telegram.ext.Updater | Error while getting Updates: Bad Gateway
2026-05-17 03:10:49,651 | ERROR | telegram.ext.Updater | Exception happened while polling for updates.
Traceback (most recent call last):
  File "/root/voiceplay/.venv/lib/python3.10/site-packages/telegram/ext/_updater.py", line 688, in _network_loop_retry
    if not await action_cb():
  File "/root/voiceplay/.venv/lib/python3.10/site-packages/telegram/ext/_updater.py", line 384, in polling_action_cb
    raise exc
  File "/root/voiceplay/.venv/lib/python3.10/site-packages/telegram/ext/_updater.py", line 373, in polling_action_cb
    updates = await self.bot.get_updates(
  File "/root/voiceplay/.venv/lib/python3.10/site-packages/telegram/ext/_extbot.py", line 558, in get_updates
    updates = await super().get_updates(
  File "/root/voiceplay/.venv/lib/python3.10/site-packages/telegram/_bot.py", line 525, in decorator
    result = await func(self, *args, **kwargs)  # skipcq: PYL-E1102
  File "/root/voiceplay/.venv/lib/python3.10/site-packages/telegram/_bot.py", line 3584, in get_updates
    await self._post(
  File "/root/voiceplay/.venv/lib/python3.10/site-packages/telegram/_bot.py", line 613, in _post
    return await self._do_post(
  File "/root/voiceplay/.venv/lib/python3.10/site-packages/telegram/ext/_extbot.py", line 340, in _do_post
    return await super()._do_post(
  File "/root/voiceplay/.venv/lib/python3.10/site-packages/telegram/_bot.py", line 641, in _do_post
    return await request.post(
  File "/root/voiceplay/.venv/lib/python3.10/site-packages/telegram/request/_baserequest.py", line 200, in post
    result = await self._request_wrapper(
  File "/root/voiceplay/.venv/lib/python3.10/site-packages/telegram/request/_baserequest.py", line 383, in _request_wrapper
    raise NetworkError(description or "Bad Gateway")
telegram.error.NetworkError: Bad Gateway
2026-05-17 05:05:02,247 | ERROR | telegram.ext.Application | No error handlers are registered, logging exception.
Traceback (most recent call last):
  File "/root/voiceplay/.venv/lib/python3.10/site-packages/telegram/ext/_application.py", line 1234, in process_update
    await coroutine
  File "/root/voiceplay/.venv/lib/python3.10/site-packages/telegram/ext/_basehandler.py", line 157, in handle_update
    return await self.callback(update, context)
  File "/root/voiceplay/play.py", line 1803, in cl_message
    await c.connect()
  File "/root/voiceplay/.venv/lib/python3.10/site-packages/pyrogram/methods/auth/connect.py", line 40, in connect
    await self.load_session()
  File "/root/voiceplay/.venv/lib/python3.10/site-packages/pyrogram/client.py", line 616, in load_session
    await self.storage.open()
  File "/root/voiceplay/.venv/lib/python3.10/site-packages/pyrogram/storage/file_storage.py", line 63, in open
    self.update()
  File "/root/voiceplay/.venv/lib/python3.10/site-packages/pyrogram/storage/file_storage.py", line 52, in update
    self.version(version)
  File "/root/voiceplay/.venv/lib/python3.10/site-packages/pyrogram/storage/sqlite_storage.py", line 219, in version
    self.conn.execute(
sqlite3.OperationalError: database is locked
2026-05-17 05:05:41,283 | ERROR | telegram.ext.Application | No error handlers are registered, logging exception.
Traceback (most recent call last):
  File "/root/voiceplay/.venv/lib/python3.10/site-packages/telegram/ext/_application.py", line 1234, in process_update
    await coroutine
  File "/root/voiceplay/.venv/lib/python3.10/site-packages/telegram/ext/_basehandler.py", line 157, in handle_update
    return await self.callback(update, context)
  File "/root/voiceplay/play.py", line 1803, in cl_message
    await c.connect()
  File "/root/voiceplay/.venv/lib/python3.10/site-packages/pyrogram/methods/auth/connect.py", line 40, in connect
    await self.load_session()
  File "/root/voiceplay/.venv/lib/python3.10/site-packages/pyrogram/client.py", line 616, in load_session
    await self.storage.open()
  File "/root/voiceplay/.venv/lib/python3.10/site-packages/pyrogram/storage/file_storage.py", line 63, in open
    self.update()
  File "/root/voiceplay/.venv/lib/python3.10/site-packages/pyrogram/storage/file_storage.py", line 52, in update
    self.version(version)
  File "/root/voiceplay/.venv/lib/python3.10/site-packages/pyrogram/storage/sqlite_storage.py", line 219, in version
    self.conn.execute(
sqlite3.OperationalError: database is locked
2026-05-17 05:08:22,174 | ERROR | telegram.ext.Application | No error handlers are registered, logging exception.
Traceback (most recent call last):
  File "/root/voiceplay/.venv/lib/python3.10/site-packages/telegram/ext/_application.py", line 1234, in process_update
    await coroutine
  File "/root/voiceplay/.venv/lib/python3.10/site-packages/telegram/ext/_basehandler.py", line 157, in handle_update
    return await self.callback(update, context)
  File "/root/voiceplay/play.py", line 1803, in cl_message
    await c.connect()
  File "/root/voiceplay/.venv/lib/python3.10/site-packages/pyrogram/methods/auth/connect.py", line 40, in connect
    await self.load_session()
  File "/root/voiceplay/.venv/lib/python3.10/site-packages/pyrogram/client.py", line 616, in load_session
    await self.storage.open()
  File "/root/voiceplay/.venv/lib/python3.10/site-packages/pyrogram/storage/file_storage.py", line 63, in open
    self.update()
  File "/root/voiceplay/.venv/lib/python3.10/site-packages/pyrogram/storage/file_storage.py", line 52, in update
    self.version(version)
  File "/root/voiceplay/.venv/lib/python3.10/site-packages/pyrogram/storage/sqlite_storage.py", line 219, in version
    self.conn.execute(
sqlite3.OperationalError: database is locked
2026-05-17 05:18:18,827 | ERROR | telegram.ext.Application | No error handlers are registered, logging exception.
Traceback (most recent call last):
  File "/root/voiceplay/.venv/lib/python3.10/site-packages/telegram/ext/_application.py", line 1234, in process_update
    await coroutine
  File "/root/voiceplay/.venv/lib/python3.10/site-packages/telegram/ext/_basehandler.py", line 157, in handle_update
    return await self.callback(update, context)
  File "/root/voiceplay/play.py", line 1803, in cl_message
    await c.connect()
  File "/root/voiceplay/.venv/lib/python3.10/site-packages/pyrogram/methods/auth/connect.py", line 40, in connect
    await self.load_session()
  File "/root/voiceplay/.venv/lib/python3.10/site-packages/pyrogram/client.py", line 616, in load_session
    await self.storage.open()
  File "/root/voiceplay/.venv/lib/python3.10/site-packages/pyrogram/storage/file_storage.py", line 63, in open
    self.update()
  File "/root/voiceplay/.venv/lib/python3.10/site-packages/pyrogram/storage/file_storage.py", line 52, in update
    self.version(version)
  File "/root/voiceplay/.venv/lib/python3.10/site-packages/pyrogram/storage/sqlite_storage.py", line 219, in version
    self.conn.execute(
sqlite3.OperationalError: database is locked
2026-05-17 05:19:54,762 | ERROR | telegram.ext.Application | No error handlers are registered, logging exception.
Traceback (most recent call last):
  File "/root/voiceplay/.venv/lib/python3.10/site-packages/telegram/ext/_application.py", line 1234, in process_update
    await coroutine
  File "/root/voiceplay/.venv/lib/python3.10/site-packages/telegram/ext/_basehandler.py", line 157, in handle_update
    return await self.callback(update, context)
  File "/root/voiceplay/play.py", line 1803, in cl_message
    await c.connect()
  File "/root/voiceplay/.venv/lib/python3.10/site-packages/pyrogram/methods/auth/connect.py", line 40, in connect
    await self.load_session()
  File "/root/voiceplay/.venv/lib/python3.10/site-packages/pyrogram/client.py", line 616, in load_session
    await self.storage.open()
  File "/root/voiceplay/.venv/lib/python3.10/site-packages/pyrogram/storage/file_storage.py", line 63, in open
    self.update()
  File "/root/voiceplay/.venv/lib/python3.10/site-packages/pyrogram/storage/file_storage.py", line 52, in update
    self.version(version)
  File "/root/voiceplay/.venv/lib/python3.10/site-packages/pyrogram/storage/sqlite_storage.py", line 218, in version
    with self.conn:
sqlite3.OperationalError: database is locked
2026-05-17 05:21:53,658 | INFO | telegram.ext.Application | Application started
2026-05-17 05:21:53,917 | INFO | VCPlatform | Admin bot started
2026-05-17 05:21:54,794 | INFO | telegram.ext.Application | Application started
2026-05-17 05:21:55,302 | INFO | VCPlatform | [6444599625] Client bot launched: @YTBHAI_LIVE_BOT
2026-05-17 05:21:56,221 | INFO | telegram.ext.Application | Application started
2026-05-17 05:21:56,733 | INFO | VCPlatform | [6444599625_2] Client bot launched: @YTBHAILIVEFC2_BOT
2026-05-17 05:21:57,624 | INFO | telegram.ext.Application | Application started
2026-05-17 05:21:58,268 | INFO | VCPlatform | [6444599625_3] Client bot launched: @YTBHAILIVEFC3_BOT
2026-05-17 05:21:59,166 | INFO | telegram.ext.Application | Application started
2026-05-17 05:22:01,667 | INFO | VCPlatform | [6451644278] Client bot launched: @YTBHAILIVEFC4_BOT
2026-05-17 05:22:02,596 | INFO | telegram.ext.Application | Application started
2026-05-17 05:22:03,107 | INFO | VCPlatform | [6444599625_4] Client bot launched: @YTBHAILIVEFC5_BOT
2026-05-17 05:22:04,030 | INFO | telegram.ext.Application | Application started
2026-05-17 05:22:04,541 | INFO | VCPlatform | [7535601861] Client bot launched: @YTBHAILIVEFC6_BOT
2026-05-17 05:22:05,451 | INFO | telegram.ext.Application | Application started
2026-05-17 05:22:05,988 | INFO | VCPlatform | [7535601861_2] Client bot launched: @YTBHAILIVEFC7_BOT
2026-05-17 05:22:05,988 | INFO | VCPlatform | Platform fully running.
2026-05-17 05:22:37,464 | INFO | VCPlatform | Session file deleted: sessions/+919263893001.session
2026-05-17 05:22:37,465 | INFO | VCPlatform | Session file deleted: sessions/919263893001.session
2026-05-17 05:23:20,639 | INFO | VCPlatform | Session file deleted: sessions/+919263893001.session
2026-05-17 05:28:16,132 | INFO | VCPlatform | [7535601861_2] NTG: ConnectionState.CONNECTING
2026-05-17 05:29:34,773 | INFO | telegram.ext.Application | Application started
2026-05-17 05:29:35,031 | INFO | VCPlatform | Admin bot started
2026-05-17 05:29:35,926 | INFO | telegram.ext.Application | Application started
2026-05-17 05:29:36,438 | INFO | VCPlatform | [6444599625] Client bot launched: @YTBHAI_LIVE_BOT
2026-05-17 05:29:37,331 | INFO | telegram.ext.Application | Application started
2026-05-17 05:29:37,846 | INFO | VCPlatform | [6444599625_2] Client bot launched: @YTBHAILIVEFC2_BOT
2026-05-17 05:29:38,740 | INFO | telegram.ext.Application | Application started
2026-05-17 05:29:39,258 | INFO | VCPlatform | [6444599625_3] Client bot launched: @YTBHAILIVEFC3_BOT
2026-05-17 05:29:40,144 | INFO | telegram.ext.Application | Application started
2026-05-17 05:29:42,604 | INFO | VCPlatform | [6451644278] Client bot launched: @YTBHAILIVEFC4_BOT
2026-05-17 05:29:43,496 | INFO | telegram.ext.Application | Application started
2026-05-17 05:29:44,036 | INFO | VCPlatform | [6444599625_4] Client bot launched: @YTBHAILIVEFC5_BOT
2026-05-17 05:29:44,935 | INFO | telegram.ext.Application | Application started
2026-05-17 05:29:45,454 | INFO | VCPlatform | [7535601861] Client bot launched: @YTBHAILIVEFC6_BOT
2026-05-17 05:29:46,339 | INFO | telegram.ext.Application | Application started
2026-05-17 05:29:47,898 | INFO | VCPlatform | [7535601861_2] Client bot launched: @YTBHAILIVEFC7_BOT
2026-05-17 05:29:47,898 | INFO | VCPlatform | Platform fully running.
2026-05-17 05:29:53,345 | INFO | VCPlatform | [7535601861_2] NTG: ConnectionState.CONNECTING
2026-05-17 05:29:53,735 | INFO | VCPlatform | [7535601861_2] NTG: ConnectionState.CONNECTED
2026-05-17 05:32:48,524 | ERROR | telegram.ext.Application | No error handlers are registered, logging exception.
Traceback (most recent call last):
  File "/root/voiceplay/.venv/lib/python3.10/site-packages/telegram/ext/_application.py", line 1234, in process_update
    await coroutine
  File "/root/voiceplay/.venv/lib/python3.10/site-packages/telegram/ext/_basehandler.py", line 157, in handle_update
    return await self.callback(update, context)
  File "/root/voiceplay/play.py", line 864, in adm_callback
    await q.edit_message_text(
  File "/root/voiceplay/.venv/lib/python3.10/site-packages/telegram/_callbackquery.py", line 241, in edit_message_text
    return await self.message.edit_text(
  File "/root/voiceplay/.venv/lib/python3.10/site-packages/telegram/_message.py", line 2536, in edit_text
    return await self.get_bot().edit_message_text(
  File "/root/voiceplay/.venv/lib/python3.10/site-packages/telegram/ext/_extbot.py", line 1473, in edit_message_text
    return await super().edit_message_text(
  File "/root/voiceplay/.venv/lib/python3.10/site-packages/telegram/_bot.py", line 525, in decorator
    result = await func(self, *args, **kwargs)  # skipcq: PYL-E1102
  File "/root/voiceplay/.venv/lib/python3.10/site-packages/telegram/_bot.py", line 3288, in edit_message_text
    return await self._send_message(
  File "/root/voiceplay/.venv/lib/python3.10/site-packages/telegram/ext/_extbot.py", line 522, in _send_message
    result = await super()._send_message(
  File "/root/voiceplay/.venv/lib/python3.10/site-packages/telegram/_bot.py", line 703, in _send_message
    result = await self._post(
  File "/root/voiceplay/.venv/lib/python3.10/site-packages/telegram/_bot.py", line 613, in _post
    return await self._do_post(
  File "/root/voiceplay/.venv/lib/python3.10/site-packages/telegram/ext/_extbot.py", line 340, in _do_post
    return await super()._do_post(
  File "/root/voiceplay/.venv/lib/python3.10/site-packages/telegram/_bot.py", line 641, in _do_post
    return await request.post(
  File "/root/voiceplay/.venv/lib/python3.10/site-packages/telegram/request/_baserequest.py", line 200, in post
    result = await self._request_wrapper(
  File "/root/voiceplay/.venv/lib/python3.10/site-packages/telegram/request/_baserequest.py", line 379, in _request_wrapper
    raise BadRequest(message)
telegram.error.BadRequest: Message is not modified: specified new message content and reply markup are exactly the same as a current content and reply markup of the message
2026-05-17 05:32:53,199 | ERROR | telegram.ext.Application | No error handlers are registered, logging exception.
Traceback (most recent call last):
  File "/root/voiceplay/.venv/lib/python3.10/site-packages/telegram/ext/_application.py", line 1234, in process_update
    await coroutine
  File "/root/voiceplay/.venv/lib/python3.10/site-packages/telegram/ext/_basehandler.py", line 157, in handle_update
    return await self.callback(update, context)
  File "/root/voiceplay/play.py", line 864, in adm_callback
    await q.edit_message_text(
  File "/root/voiceplay/.venv/lib/python3.10/site-packages/telegram/_callbackquery.py", line 241, in edit_message_text
    return await self.message.edit_text(
  File "/root/voiceplay/.venv/lib/python3.10/site-packages/telegram/_message.py", line 2536, in edit_text
    return await self.get_bot().edit_message_text(
  File "/root/voiceplay/.venv/lib/python3.10/site-packages/telegram/ext/_extbot.py", line 1473, in edit_message_text
    return await super().edit_message_text(
  File "/root/voiceplay/.venv/lib/python3.10/site-packages/telegram/_bot.py", line 525, in decorator
    result = await func(self, *args, **kwargs)  # skipcq: PYL-E1102
  File "/root/voiceplay/.venv/lib/python3.10/site-packages/telegram/_bot.py", line 3288, in edit_message_text
    return await self._send_message(
  File "/root/voiceplay/.venv/lib/python3.10/site-packages/telegram/ext/_extbot.py", line 522, in _send_message
    result = await super()._send_message(
  File "/root/voiceplay/.venv/lib/python3.10/site-packages/telegram/_bot.py", line 703, in _send_message
    result = await self._post(
  File "/root/voiceplay/.venv/lib/python3.10/site-packages/telegram/_bot.py", line 613, in _post
    return await self._do_post(
  File "/root/voiceplay/.venv/lib/python3.10/site-packages/telegram/ext/_extbot.py", line 340, in _do_post
    return await super()._do_post(
  File "/root/voiceplay/.venv/lib/python3.10/site-packages/telegram/_bot.py", line 641, in _do_post
    return await request.post(
  File "/root/voiceplay/.venv/lib/python3.10/site-packages/telegram/request/_baserequest.py", line 200, in post
    result = await self._request_wrapper(
  File "/root/voiceplay/.venv/lib/python3.10/site-packages/telegram/request/_baserequest.py", line 379, in _request_wrapper
    raise BadRequest(message)
telegram.error.BadRequest: Message is not modified: specified new message content and reply markup are exactly the same as a current content and reply markup of the message
2026-05-17 05:47:53,629 | INFO | VCPlatform | [6451644278] NTG: ConnectionState.CONNECTING
2026-05-17 05:47:54,011 | INFO | VCPlatform | [6451644278] NTG: ConnectionState.CONNECTED
2026-05-17 06:00:24,975 | INFO | VCPlatform | [6444599625_3] NTG: ConnectionState.CONNECTING
2026-05-17 06:00:25,369 | INFO | VCPlatform | [6444599625_3] NTG: ConnectionState.CONNECTED
2026-05-17 06:06:44,183 | INFO | VCPlatform | [6444599625_2] NTG: ConnectionState.CONNECTING
2026-05-17 06:06:44,563 | INFO | VCPlatform | [6444599625_2] NTG: ConnectionState.CONNECTED
2026-05-17 06:08:08,857 | INFO | VCPlatform | [6444599625_2] NTG: ConnectionState.CONNECTING
2026-05-17 06:08:09,245 | INFO | VCPlatform | [6444599625_2] NTG: ConnectionState.CONNECTED
2026-05-17 06:13:09,312 | INFO | VCPlatform | [6444599625] NTG: ConnectionState.CONNECTING
2026-05-17 06:13:09,699 | INFO | VCPlatform | [6444599625] NTG: ConnectionState.CONNECTED
2026-05-17 07:17:48,891 | INFO | telegram.ext.Application | Application started
2026-05-17 07:17:49,162 | INFO | VCPlatform | Admin bot started
2026-05-17 07:17:50,071 | INFO | telegram.ext.Application | Application started
2026-05-17 07:17:52,887 | INFO | VCPlatform | [6444599625] Client bot launched: @YTBHAI_LIVE_BOT
2026-05-17 07:17:53,765 | INFO | telegram.ext.Application | Application started
2026-05-17 07:17:55,099 | INFO | VCPlatform | [6444599625_2] Client bot launched: @YTBHAILIVEFC2_BOT
2026-05-17 07:17:56,034 | INFO | telegram.ext.Application | Application started
2026-05-17 07:17:58,639 | INFO | VCPlatform | [6444599625_3] Client bot launched: @YTBHAILIVEFC3_BOT
2026-05-17 07:17:59,552 | INFO | telegram.ext.Application | Application started
2026-05-17 07:18:01,975 | INFO | VCPlatform | [6451644278] Client bot launched: @YTBHAILIVEFC4_BOT
2026-05-17 07:18:03,127 | INFO | telegram.ext.Application | Application started
2026-05-17 07:18:03,663 | INFO | VCPlatform | [6444599625_4] Client bot launched: @YTBHAILIVEFC5_BOT
2026-05-17 07:18:04,584 | INFO | telegram.ext.Application | Application started
2026-05-17 07:18:05,089 | INFO | VCPlatform | [7535601861] Client bot launched: @YTBHAILIVEFC6_BOT
2026-05-17 07:18:05,997 | INFO | telegram.ext.Application | Application started
2026-05-17 07:18:07,302 | INFO | VCPlatform | [7535601861_2] Client bot launched: @YTBHAILIVEFC7_BOT
2026-05-17 07:18:07,303 | INFO | VCPlatform | Platform fully running.
2026-05-17 07:18:10,779 | INFO | VCPlatform | [6451644278] NTG: ConnectionState.CONNECTING
2026-05-17 07:18:11,169 | INFO | VCPlatform | [6451644278] NTG: ConnectionState.CONNECTED
2026-05-17 07:18:37,395 | INFO | telegram.ext.Application | Application is stopping. This might take a moment.
2026-05-17 07:18:37,395 | INFO | telegram.ext.Application | Application.stop() complete
2026-05-17 07:18:37,396 | INFO | VCPlatform | [6444599625] Bot stopped
2026-05-17 07:18:41,171 | INFO | telegram.ext.Application | Application is stopping. This might take a moment.
2026-05-17 07:18:41,172 | INFO | telegram.ext.Application | Application.stop() complete
2026-05-17 07:18:41,173 | INFO | VCPlatform | [6444599625_2] Bot stopped
2026-05-17 07:18:41,964 | INFO | telegram.ext.Application | Application is stopping. This might take a moment.
2026-05-17 07:18:41,965 | INFO | telegram.ext.Application | Application.stop() complete
2026-05-17 07:18:41,966 | INFO | VCPlatform | [6444599625_3] Bot stopped
2026-05-17 07:18:42,890 | INFO | telegram.ext.Application | Application is stopping. This might take a moment.
2026-05-17 07:18:42,890 | INFO | telegram.ext.Application | Application.stop() complete
2026-05-17 07:18:42,892 | INFO | VCPlatform | [6451644278] Bot stopped
2026-05-17 07:18:43,652 | INFO | telegram.ext.Application | Application is stopping. This might take a moment.
2026-05-17 07:18:43,653 | INFO | telegram.ext.Application | Application.stop() complete
2026-05-17 07:18:43,654 | INFO | VCPlatform | [6444599625_4] Bot stopped
2026-05-17 07:18:44,413 | INFO | telegram.ext.Application | Application is stopping. This might take a moment.
2026-05-17 07:18:44,414 | INFO | telegram.ext.Application | Application.stop() complete
2026-05-17 07:18:44,415 | INFO | VCPlatform | [7535601861] Bot stopped
2026-05-17 07:18:45,196 | INFO | telegram.ext.Application | Application is stopping. This might take a moment.
2026-05-17 07:18:45,196 | INFO | telegram.ext.Application | Application.stop() complete
2026-05-17 07:18:45,197 | INFO | VCPlatform | [7535601861_2] Bot stopped
2026-05-17 07:18:51,888 | INFO | telegram.ext.Application | Application started
2026-05-17 07:18:54,495 | INFO | VCPlatform | [6444599625] Client bot launched: @YTBHAI_LIVE_BOT
2026-05-17 07:18:55,377 | INFO | telegram.ext.Application | Application started
2026-05-17 07:18:56,906 | INFO | VCPlatform | [6444599625_2] Client bot launched: @YTBHAILIVEFC2_BOT
2026-05-17 07:18:57,776 | INFO | telegram.ext.Application | Application started
2026-05-17 07:19:00,359 | INFO | VCPlatform | [6444599625_3] Client bot launched: @YTBHAILIVEFC3_BOT
2026-05-17 07:19:01,235 | INFO | telegram.ext.Application | Application started
2026-05-17 07:19:03,646 | INFO | VCPlatform | [6451644278] Client bot launched: @YTBHAILIVEFC4_BOT
2026-05-17 07:19:04,542 | INFO | telegram.ext.Application | Application started
2026-05-17 07:19:05,071 | INFO | VCPlatform | [6444599625_4] Client bot launched: @YTBHAILIVEFC5_BOT
2026-05-17 07:19:05,961 | INFO | telegram.ext.Application | Application started
2026-05-17 07:19:06,473 | INFO | VCPlatform | [7535601861] Client bot launched: @YTBHAILIVEFC6_BOT
2026-05-17 07:19:07,357 | INFO | telegram.ext.Application | Application started
2026-05-17 07:19:08,685 | INFO | VCPlatform | [7535601861_2] Client bot launched: @YTBHAILIVEFC7_BOT
2026-05-17 07:19:09,652 | INFO | VCPlatform | [6451644278] NTG: ConnectionState.CONNECTING
2026-05-17 07:19:10,036 | INFO | VCPlatform | [6451644278] NTG: ConnectionState.CONNECTED
2026-05-17 07:20:50,615 | ERROR | telegram.ext.Application | No error handlers are registered, logging exception.
Traceback (most recent call last):
  File "/root/voiceplay/.venv/lib/python3.10/site-packages/telegram/ext/_application.py", line 1234, in process_update
    await coroutine
  File "/root/voiceplay/.venv/lib/python3.10/site-packages/telegram/ext/_basehandler.py", line 157, in handle_update
    return await self.callback(update, context)
  File "/root/voiceplay/play.py", line 1609, in cl_callback
    await q.answer()
  File "/root/voiceplay/.venv/lib/python3.10/site-packages/telegram/_callbackquery.py", line 180, in answer
    return await self.get_bot().answer_callback_query(
  File "/root/voiceplay/.venv/lib/python3.10/site-packages/telegram/ext/_extbot.py", line 778, in answer_callback_query
    return await super().answer_callback_query(
  File "/root/voiceplay/.venv/lib/python3.10/site-packages/telegram/_bot.py", line 525, in decorator
    result = await func(self, *args, **kwargs)  # skipcq: PYL-E1102
  File "/root/voiceplay/.venv/lib/python3.10/site-packages/telegram/_bot.py", line 3213, in answer_callback_query
    return await self._post(
  File "/root/voiceplay/.venv/lib/python3.10/site-packages/telegram/_bot.py", line 613, in _post
    return await self._do_post(
  File "/root/voiceplay/.venv/lib/python3.10/site-packages/telegram/ext/_extbot.py", line 340, in _do_post
    return await super()._do_post(
  File "/root/voiceplay/.venv/lib/python3.10/site-packages/telegram/_bot.py", line 641, in _do_post
    return await request.post(
  File "/root/voiceplay/.venv/lib/python3.10/site-packages/telegram/request/_baserequest.py", line 200, in post
    result = await self._request_wrapper(
  File "/root/voiceplay/.venv/lib/python3.10/site-packages/telegram/request/_baserequest.py", line 379, in _request_wrapper
    raise BadRequest(message)
telegram.error.BadRequest: Query is too old and response timeout expired or query id is invalid
2026-05-17 07:28:26,603 | INFO | telegram.ext.Application | Application started
2026-05-17 07:28:26,867 | INFO | VCPlatform | Admin bot started
2026-05-17 07:28:27,740 | INFO | telegram.ext.Application | Application started
2026-05-17 07:28:30,234 | INFO | VCPlatform | [6444599625] Client bot launched: @YTBHAI_LIVE_BOT
2026-05-17 07:28:31,129 | INFO | telegram.ext.Application | Application started
2026-05-17 07:28:32,442 | INFO | VCPlatform | [6444599625_2] Client bot launched: @YTBHAILIVEFC2_BOT
2026-05-17 07:28:33,325 | INFO | telegram.ext.Application | Application started
2026-05-17 07:28:35,586 | INFO | VCPlatform | [6444599625_3] Client bot launched: @YTBHAILIVEFC3_BOT
2026-05-17 07:28:36,464 | INFO | telegram.ext.Application | Application started
2026-05-17 07:28:39,046 | INFO | VCPlatform | [6451644278] Client bot launched: @YTBHAILIVEFC4_BOT
2026-05-17 07:28:39,946 | INFO | telegram.ext.Application | Application started
2026-05-17 07:28:40,458 | INFO | VCPlatform | [6444599625_4] Client bot launched: @YTBHAILIVEFC5_BOT
2026-05-17 07:28:41,338 | INFO | telegram.ext.Application | Application started
2026-05-17 07:28:41,845 | INFO | VCPlatform | [7535601861] Client bot launched: @YTBHAILIVEFC6_BOT
2026-05-17 07:28:42,713 | INFO | telegram.ext.Application | Application started
2026-05-17 07:28:44,173 | INFO | VCPlatform | [7535601861_2] Client bot launched: @YTBHAILIVEFC7_BOT
2026-05-17 07:28:44,174 | INFO | VCPlatform | Platform fully running.
2026-05-17 07:29:30,303 | INFO | VCPlatform | [7535601861_2] NTG: ConnectionState.CONNECTING
2026-05-17 07:29:30,651 | INFO | VCPlatform | [7535601861_2] NTG: ConnectionState.CONNECTED
2026-05-17 07:38:57,024 | INFO | telegram.ext.Application | Application started
2026-05-17 07:38:57,286 | INFO | VCPlatform | Admin bot started
2026-05-17 07:38:58,172 | INFO | telegram.ext.Application | Application started
2026-05-17 07:39:00,997 | INFO | VCPlatform | [6444599625] Client bot launched: @YTBHAI_LIVE_BOT
2026-05-17 07:39:01,932 | INFO | telegram.ext.Application | Application started
2026-05-17 07:39:03,477 | INFO | VCPlatform | [6444599625_2] Client bot launched: @YTBHAILIVEFC2_BOT
2026-05-17 07:39:04,391 | INFO | telegram.ext.Application | Application started
2026-05-17 07:39:06,998 | INFO | VCPlatform | [6444599625_3] Client bot launched: @YTBHAILIVEFC3_BOT
2026-05-17 07:39:07,902 | INFO | telegram.ext.Application | Application started
2026-05-17 07:39:10,154 | INFO | VCPlatform | [6451644278] Client bot launched: @YTBHAILIVEFC4_BOT
2026-05-17 07:39:11,050 | INFO | telegram.ext.Application | Application started
2026-05-17 07:39:11,568 | INFO | VCPlatform | [6444599625_4] Client bot launched: @YTBHAILIVEFC5_BOT
2026-05-17 07:39:12,457 | INFO | telegram.ext.Application | Application started
2026-05-17 07:39:12,971 | INFO | VCPlatform | [7535601861] Client bot launched: @YTBHAILIVEFC6_BOT
2026-05-17 07:39:13,878 | INFO | telegram.ext.Application | Application started
2026-05-17 07:39:15,224 | INFO | VCPlatform | [7535601861_2] Client bot launched: @YTBHAILIVEFC7_BOT
2026-05-17 07:39:15,224 | INFO | VCPlatform | Platform fully running.
2026-05-17 07:39:22,606 | INFO | VCPlatform | [7535601861_2] NTG: ConnectionState.CONNECTING
2026-05-17 07:39:23,032 | INFO | VCPlatform | [7535601861_2] NTG: ConnectionState.CONNECTED
2026-05-17 07:49:11,685 | INFO | VCPlatform | [6451644278] NTG: ConnectionState.CONNECTING
2026-05-17 07:49:12,086 | INFO | VCPlatform | [6451644278] NTG: ConnectionState.CONNECTED
2026-05-17 08:27:30,190 | INFO | telegram.ext.Application | Application started
2026-05-17 08:27:30,456 | INFO | VCPlatform | Admin bot started
2026-05-17 08:27:31,365 | INFO | telegram.ext.Application | Application started
2026-05-17 08:27:33,986 | INFO | VCPlatform | [6444599625] Client bot launched: @YTBHAI_LIVE_BOT
2026-05-17 08:27:34,860 | INFO | telegram.ext.Application | Application started
2026-05-17 08:27:36,203 | INFO | VCPlatform | [6444599625_2] Client bot launched: @YTBHAILIVEFC2_BOT
2026-05-17 08:27:37,091 | INFO | telegram.ext.Application | Application started
2026-05-17 08:27:39,687 | INFO | VCPlatform | [6444599625_3] Client bot launched: @YTBHAILIVEFC3_BOT
2026-05-17 08:27:40,569 | INFO | telegram.ext.Application | Application started
2026-05-17 08:27:42,833 | INFO | VCPlatform | [6451644278] Client bot launched: @YTBHAILIVEFC4_BOT
2026-05-17 08:27:43,703 | INFO | telegram.ext.Application | Application started
2026-05-17 08:27:44,206 | INFO | VCPlatform | [6444599625_4] Client bot launched: @YTBHAILIVEFC5_BOT
2026-05-17 08:27:45,085 | INFO | telegram.ext.Application | Application started
2026-05-17 08:27:45,601 | INFO | VCPlatform | [7535601861] Client bot launched: @YTBHAILIVEFC6_BOT
2026-05-17 08:27:46,485 | INFO | telegram.ext.Application | Application started
2026-05-17 08:27:47,805 | INFO | VCPlatform | [7535601861_2] Client bot launched: @YTBHAILIVEFC7_BOT
2026-05-17 08:27:47,805 | INFO | VCPlatform | Platform fully running.
2026-05-17 08:29:18,018 | WARNING | pyrogram.session.session | [+919263893001] Waiting for 7 seconds before continuing (required by "messages.CheckChatInvite")
2026-05-17 08:29:31,460 | INFO | VCPlatform | [7535601861_2] NTG: ConnectionState.CONNECTING
2026-05-17 08:29:31,857 | INFO | VCPlatform | [7535601861_2] NTG: ConnectionState.CONNECTED
2026-05-17 08:30:39,490 | INFO | VCPlatform | Session file deleted: sessions/+13072056562.session
2026-05-17 08:48:55,786 | WARNING | pyrogram.session.session | [+13072056562] Waiting for 10 seconds before continuing (required by "messages.CheckChatInvite")
2026-05-17 08:49:12,774 | INFO | VCPlatform | [6451644278] NTG: ConnectionState.CONNECTING
2026-05-17 08:49:13,168 | INFO | VCPlatform | [6451644278] NTG: ConnectionState.CONNECTED
2026-05-17 10:22:37,187 | INFO | VCPlatform | [6444599625] NTG: ConnectionState.CONNECTING
2026-05-17 10:22:37,539 | INFO | VCPlatform | [6444599625] NTG: ConnectionState.CONNECTED
2026-05-17 10:23:24,875 | INFO | VCPlatform | [6444599625_2] NTG: ConnectionState.CONNECTING
2026-05-17 10:23:25,256 | INFO | VCPlatform | [6444599625_2] NTG: ConnectionState.CONNECTED
2026-05-17 18:46:59,891 | INFO | VCPlatform | [7535601861_2] NTG: ConnectionState.CONNECTING
2026-05-17 18:47:00,264 | INFO | VCPlatform | [7535601861_2] NTG: ConnectionState.CONNECTED
2026-05-18 03:10:41,089 | ERROR | telegram.ext.Updater | Error while getting Updates: Bad Gateway
2026-05-18 03:10:41,092 | ERROR | telegram.ext.Updater | Exception happened while polling for updates.
Traceback (most recent call last):
  File "/root/voiceplay/.venv/lib/python3.10/site-packages/telegram/ext/_updater.py", line 688, in _network_loop_retry
    if not await action_cb():
  File "/root/voiceplay/.venv/lib/python3.10/site-packages/telegram/ext/_updater.py", line 384, in polling_action_cb
    raise exc
  File "/root/voiceplay/.venv/lib/python3.10/site-packages/telegram/ext/_updater.py", line 373, in polling_action_cb
    updates = await self.bot.get_updates(
  File "/root/voiceplay/.venv/lib/python3.10/site-packages/telegram/ext/_extbot.py", line 558, in get_updates
    updates = await super().get_updates(
  File "/root/voiceplay/.venv/lib/python3.10/site-packages/telegram/_bot.py", line 525, in decorator
    result = await func(self, *args, **kwargs)  # skipcq: PYL-E1102
  File "/root/voiceplay/.venv/lib/python3.10/site-packages/telegram/_bot.py", line 3584, in get_updates
    await self._post(
  File "/root/voiceplay/.venv/lib/python3.10/site-packages/telegram/_bot.py", line 613, in _post
    return await self._do_post(
  File "/root/voiceplay/.venv/lib/python3.10/site-packages/telegram/ext/_extbot.py", line 340, in _do_post
    return await super()._do_post(
  File "/root/voiceplay/.venv/lib/python3.10/site-packages/telegram/_bot.py", line 641, in _do_post
    return await request.post(
  File "/root/voiceplay/.venv/lib/python3.10/site-packages/telegram/request/_baserequest.py", line 200, in post
    result = await self._request_wrapper(
  File "/root/voiceplay/.venv/lib/python3.10/site-packages/telegram/request/_baserequest.py", line 383, in _request_wrapper
    raise NetworkError(description or "Bad Gateway")
telegram.error.NetworkError: Bad Gateway
2026-05-18 05:22:19,760 | INFO | VCPlatform | [6444599625] NTG: ConnectionState.CONNECTING
2026-05-18 05:22:20,125 | INFO | VCPlatform | [6444599625] NTG: ConnectionState.CONNECTED
2026-05-18 05:26:45,063 | INFO | VCPlatform | [6444599625] NTG: ConnectionState.CONNECTING
2026-05-18 05:26:45,461 | INFO | VCPlatform | [6444599625] NTG: ConnectionState.CONNECTED
2026-05-18 05:27:02,798 | INFO | VCPlatform | [6444599625_3] NTG: ConnectionState.CONNECTING
2026-05-18 05:27:03,176 | INFO | VCPlatform | [6444599625_3] NTG: ConnectionState.CONNECTED
2026-05-18 05:29:30,828 | INFO | VCPlatform | Session file deleted: sessions/+918806422434.session
2026-05-18 05:39:11,284 | INFO | VCPlatform | [6444599625_2] NTG: ConnectionState.CONNECTING
2026-05-18 05:39:11,668 | INFO | VCPlatform | [6444599625_2] NTG: ConnectionState.CONNECTED
2026-05-18 06:35:46,111 | INFO | VCPlatform | [6444599625_3] NTG: ConnectionState.CONNECTING
2026-05-18 06:35:46,473 | INFO | VCPlatform | [6444599625_3] NTG: ConnectionState.CONNECTED
2026-05-18 08:50:06,345 | INFO | telegram.ext.Application | Application started
2026-05-18 08:50:06,621 | INFO | VCPlatform | Admin bot started
2026-05-18 08:50:07,518 | INFO | telegram.ext.Application | Application started
2026-05-18 08:50:10,002 | INFO | VCPlatform | [6444599625] Client bot launched: @YTBHAI_LIVE_BOT
2026-05-18 08:50:10,892 | INFO | telegram.ext.Application | Application started
2026-05-18 08:50:12,253 | INFO | VCPlatform | [6444599625_2] Client bot launched: @YTBHAILIVEFC2_BOT
2026-05-18 08:50:13,135 | INFO | telegram.ext.Application | Application started
2026-05-18 08:50:15,736 | INFO | VCPlatform | [6444599625_3] Client bot launched: @YTBHAILIVEFC3_BOT
2026-05-18 08:50:16,626 | INFO | telegram.ext.Application | Application started
2026-05-18 08:50:18,314 | INFO | VCPlatform | [6444599625_2] NTG: ConnectionState.CONNECTING
2026-05-18 08:50:18,662 | INFO | VCPlatform | [6444599625_2] NTG: ConnectionState.CONNECTED
2026-05-18 08:50:19,214 | INFO | VCPlatform | [6451644278] Client bot launched: @YTBHAILIVEFC4_BOT
2026-05-18 08:50:20,103 | INFO | telegram.ext.Application | Application started
2026-05-18 08:50:20,614 | INFO | VCPlatform | [6444599625_4] Client bot launched: @YTBHAILIVEFC5_BOT
2026-05-18 08:50:21,525 | INFO | telegram.ext.Application | Application started
2026-05-18 08:50:22,264 | INFO | VCPlatform | [7535601861] Client bot launched: @YTBHAILIVEFC6_BOT
2026-05-18 08:50:23,152 | INFO | telegram.ext.Application | Application started
2026-05-18 08:50:24,452 | INFO | VCPlatform | [7535601861_2] Client bot launched: @YTBHAILIVEFC7_BOT
2026-05-18 08:50:24,454 | INFO | VCPlatform | Platform fully running.
2026-05-18 08:51:42,899 | INFO | telegram.ext.Application | Application started
2026-05-18 08:51:43,156 | INFO | VCPlatform | Admin bot started
2026-05-18 08:51:44,035 | INFO | telegram.ext.Application | Application started
2026-05-18 08:51:46,922 | INFO | VCPlatform | [6444599625] Client bot launched: @YTBHAI_LIVE_BOT
2026-05-18 08:51:47,804 | INFO | telegram.ext.Application | Application started
2026-05-18 08:51:49,131 | INFO | VCPlatform | [6444599625_2] Client bot launched: @YTBHAILIVEFC2_BOT
2026-05-18 08:51:50,012 | INFO | telegram.ext.Application | Application started
2026-05-18 08:51:52,270 | INFO | VCPlatform | [6444599625_3] Client bot launched: @YTBHAILIVEFC3_BOT
2026-05-18 08:51:53,160 | INFO | telegram.ext.Application | Application started
2026-05-18 08:51:55,504 | INFO | VCPlatform | [6444599625_2] NTG: ConnectionState.CONNECTING
2026-05-18 08:51:55,743 | INFO | VCPlatform | [6451644278] Client bot launched: @YTBHAILIVEFC4_BOT
2026-05-18 08:51:55,890 | INFO | VCPlatform | [6444599625_2] NTG: ConnectionState.CONNECTED
2026-05-18 08:51:56,631 | INFO | telegram.ext.Application | Application started
2026-05-18 08:51:57,150 | INFO | VCPlatform | [6444599625_4] Client bot launched: @YTBHAILIVEFC5_BOT
2026-05-18 08:51:58,032 | INFO | telegram.ext.Application | Application started
2026-05-18 08:51:58,557 | INFO | VCPlatform | [7535601861] Client bot launched: @YTBHAILIVEFC6_BOT
2026-05-18 08:51:59,415 | INFO | telegram.ext.Application | Application started
2026-05-18 08:52:00,712 | INFO | VCPlatform | [7535601861_2] Client bot launched: @YTBHAILIVEFC7_BOT
2026-05-18 08:52:00,712 | INFO | VCPlatform | Platform fully running.
2026-05-18 08:53:32,814 | INFO | VCPlatform | [6451644278] NTG: ConnectionState.CONNECTING
2026-05-18 08:53:33,198 | INFO | VCPlatform | [6451644278] NTG: ConnectionState.CONNECTED
2026-05-18 08:53:36,360 | INFO | VCPlatform | [7535601861_2] NTG: ConnectionState.CONNECTING
2026-05-18 08:53:36,750 | INFO | VCPlatform | [7535601861_2] NTG: ConnectionState.CONNECTED
2026-05-18 08:57:47,855 | ERROR | VCPlatform | [6451644278] vc_join: Connection cannot be initialized more than once.
2026-05-18 08:57:48,900 | WARNING | pyrogram.session.session | [+13072056562] Waiting for 3 seconds before continuing (required by "channels.GetFullChannel")
2026-05-18 08:58:08,998 | INFO | VCPlatform | [6451644278] NTG: ConnectionState.CONNECTING
2026-05-18 08:58:09,382 | INFO | VCPlatform | [6451644278] NTG: ConnectionState.CONNECTED
2026-05-18 09:00:19,789 | WARNING | pyrogram.session.session | [+13072056562] Waiting for 9 seconds before continuing (required by "messages.CheckChatInvite")
2026-05-18 09:28:08,041 | INFO | VCPlatform | [6444599625_3] NTG: ConnectionState.CONNECTING
2026-05-18 09:28:08,422 | INFO | VCPlatform | [6444599625_3] NTG: ConnectionState.CONNECTED
2026-05-18 17:35:16,906 | INFO | telegram.ext.Application | Application started
2026-05-18 17:35:17,166 | INFO | VCPlatform | Admin bot started
2026-05-18 17:35:18,046 | INFO | telegram.ext.Application | Application started
2026-05-18 17:35:20,923 | INFO | VCPlatform | [6444599625] Client bot launched: @YTBHAI_LIVE_BOT
2026-05-18 17:35:21,797 | INFO | telegram.ext.Application | Application started
2026-05-18 17:35:23,139 | INFO | VCPlatform | [6444599625_2] Client bot launched: @YTBHAILIVEFC2_BOT
2026-05-18 17:35:24,008 | INFO | telegram.ext.Application | Application started
2026-05-18 17:35:26,657 | INFO | VCPlatform | [6444599625_3] Client bot launched: @YTBHAILIVEFC3_BOT
2026-05-18 17:35:27,527 | INFO | telegram.ext.Application | Application started
2026-05-18 17:35:29,798 | INFO | VCPlatform | [6451644278] Client bot launched: @YTBHAILIVEFC4_BOT
2026-05-18 17:35:30,674 | INFO | telegram.ext.Application | Application started
2026-05-18 17:35:31,181 | INFO | VCPlatform | [6444599625_4] Client bot launched: @YTBHAILIVEFC5_BOT
2026-05-18 17:35:32,059 | INFO | telegram.ext.Application | Application started
2026-05-18 17:35:32,567 | INFO | VCPlatform | [7535601861] Client bot launched: @YTBHAILIVEFC6_BOT
2026-05-18 17:35:33,444 | INFO | telegram.ext.Application | Application started
2026-05-18 17:35:34,869 | INFO | VCPlatform | [7535601861_2] Client bot launched: @YTBHAILIVEFC7_BOT
2026-05-18 17:35:34,869 | INFO | VCPlatform | Platform fully running.
2026-05-18 17:35:38,329 | INFO | VCPlatform | [6444599625_3] Live detected in https://t.me/+hnGoxIQ1wj83NGVl, joining...
2026-05-18 17:35:45,116 | INFO | VCPlatform | [6444599625_3] NTG: ConnectionState.CONNECTING
2026-05-18 17:35:45,119 | INFO | VCPlatform | [6444599625_3] Joined VC in chat -1002408551846
2026-05-18 17:35:45,487 | INFO | VCPlatform | [6444599625_3] NTG: ConnectionState.CONNECTED
2026-05-18 17:45:34,654 | INFO | telegram.ext.Application | Application started
2026-05-18 17:45:34,909 | INFO | VCPlatform | Admin bot started
2026-05-18 17:45:35,796 | INFO | telegram.ext.Application | Application started
2026-05-18 17:45:38,347 | INFO | VCPlatform | [6444599625] Client bot launched: @YTBHAI_LIVE_BOT
2026-05-18 17:45:39,225 | INFO | telegram.ext.Application | Application started
2026-05-18 17:45:40,576 | INFO | VCPlatform | [6444599625_2] Client bot launched: @YTBHAILIVEFC2_BOT
2026-05-18 17:45:41,455 | INFO | telegram.ext.Application | Application started
2026-05-18 17:45:44,220 | INFO | VCPlatform | [6444599625_3] Client bot launched: @YTBHAILIVEFC3_BOT
2026-05-18 17:45:45,111 | INFO | telegram.ext.Application | Application started
2026-05-18 17:45:47,691 | INFO | VCPlatform | [6451644278] Client bot launched: @YTBHAILIVEFC4_BOT
2026-05-18 17:45:48,579 | INFO | telegram.ext.Application | Application started
2026-05-18 17:45:49,094 | INFO | VCPlatform | [6444599625_4] Client bot launched: @YTBHAILIVEFC5_BOT
2026-05-18 17:45:49,967 | INFO | telegram.ext.Application | Application started
2026-05-18 17:45:50,479 | INFO | VCPlatform | [7535601861] Client bot launched: @YTBHAILIVEFC6_BOT
2026-05-18 17:45:51,341 | INFO | telegram.ext.Application | Application started
2026-05-18 17:45:52,646 | INFO | VCPlatform | [7535601861_2] Client bot launched: @YTBHAILIVEFC7_BOT
2026-05-18 17:45:52,646 | INFO | VCPlatform | Platform fully running.
2026-05-18 17:47:10,266 | INFO | telegram.ext.Application | Application is stopping. This might take a moment.
2026-05-18 17:47:10,267 | INFO | telegram.ext.Application | Application.stop() complete
2026-05-18 17:47:10,268 | INFO | VCPlatform | [6444599625] Bot stopped
2026-05-18 17:47:11,040 | INFO | telegram.ext.Application | Application is stopping. This might take a moment.
2026-05-18 17:47:11,040 | INFO | telegram.ext.Application | Application.stop() complete
2026-05-18 17:47:11,041 | INFO | VCPlatform | [6444599625_2] Bot stopped
2026-05-18 17:47:11,808 | INFO | telegram.ext.Application | Application is stopping. This might take a moment.
2026-05-18 17:47:11,809 | INFO | telegram.ext.Application | Application.stop() complete
2026-05-18 17:47:11,810 | INFO | VCPlatform | [6444599625_3] Bot stopped
2026-05-18 17:47:12,576 | INFO | telegram.ext.Application | Application is stopping. This might take a moment.
2026-05-18 17:47:12,577 | INFO | telegram.ext.Application | Application.stop() complete
2026-05-18 17:47:12,578 | INFO | VCPlatform | [6451644278] Bot stopped
2026-05-18 17:47:16,356 | INFO | telegram.ext.Application | Application is stopping. This might take a moment.
2026-05-18 17:47:16,357 | INFO | telegram.ext.Application | Application.stop() complete
2026-05-18 17:47:16,360 | INFO | VCPlatform | [6444599625_4] Bot stopped
2026-05-18 17:47:17,142 | INFO | telegram.ext.Application | Application is stopping. This might take a moment.
2026-05-18 17:47:17,143 | INFO | telegram.ext.Application | Application.stop() complete
2026-05-18 17:47:17,144 | INFO | VCPlatform | [7535601861] Bot stopped
2026-05-18 17:47:17,925 | INFO | telegram.ext.Application | Application is stopping. This might take a moment.
2026-05-18 17:47:17,926 | INFO | telegram.ext.Application | Application.stop() complete
2026-05-18 17:47:17,927 | INFO | VCPlatform | [7535601861_2] Bot stopped
2026-05-18 17:47:24,472 | INFO | telegram.ext.Application | Application started
2026-05-18 17:47:26,757 | INFO | VCPlatform | [6444599625] Client bot launched: @YTBHAI_LIVE_BOT
2026-05-18 17:47:27,630 | INFO | telegram.ext.Application | Application started
2026-05-18 17:47:28,934 | INFO | VCPlatform | [6444599625_2] Client bot launched: @YTBHAILIVEFC2_BOT
2026-05-18 17:47:29,812 | INFO | telegram.ext.Application | Application started
2026-05-18 17:47:32,408 | INFO | VCPlatform | [6444599625_3] Client bot launched: @YTBHAILIVEFC3_BOT
2026-05-18 17:47:33,284 | INFO | telegram.ext.Application | Application started
2026-05-18 17:47:35,918 | INFO | VCPlatform | [6451644278] Client bot launched: @YTBHAILIVEFC4_BOT
2026-05-18 17:47:36,797 | INFO | telegram.ext.Application | Application started
2026-05-18 17:47:37,305 | INFO | VCPlatform | [6444599625_4] Client bot launched: @YTBHAILIVEFC5_BOT
2026-05-18 17:47:38,169 | INFO | telegram.ext.Application | Application started
2026-05-18 17:47:38,674 | INFO | VCPlatform | [7535601861] Client bot launched: @YTBHAILIVEFC6_BOT
2026-05-18 17:47:39,570 | INFO | telegram.ext.Application | Application started
2026-05-18 17:47:40,874 | INFO | VCPlatform | [7535601861_2] Client bot launched: @YTBHAILIVEFC7_BOT
2026-05-18 17:50:40,215 | INFO | VCPlatform | [6444599625_2] Live detected in https://t.me/+5wYXdZfacPwwZTZl, joining...
2026-05-18 17:50:45,824 | INFO | VCPlatform | [6444599625_2] NTG: ConnectionState.CONNECTING
2026-05-18 17:50:45,827 | INFO | VCPlatform | [6444599625_2] Joined VC in chat -1002893144270
2026-05-18 17:50:46,218 | INFO | VCPlatform | [6444599625_2] NTG: ConnectionState.CONNECTED
2026-05-18 17:54:07,524 | WARNING | pyrogram.session.session | [+918806422434] Waiting for 3 seconds before continuing (required by "messages.CheckChatInvite")
2026-05-18 17:56:49,102 | INFO | VCPlatform | [6451644278] Live detected in https://t.me/+NYnorF2xfkhiYmI1, joining...
2026-05-18 17:56:54,852 | INFO | VCPlatform | [6451644278] NTG: ConnectionState.CONNECTING
2026-05-18 17:56:54,854 | INFO | VCPlatform | [6451644278] Joined VC in chat -1002167741832
2026-05-18 17:56:55,246 | INFO | VCPlatform | [6451644278] NTG: ConnectionState.CONNECTED
2026-05-18 18:01:22,037 | WARNING | pyrogram.session.session | [+919263893001] Waiting for 6 seconds before continuing (required by "messages.CheckChatInvite")
2026-05-18 18:04:35,328 | INFO | telegram.ext.Application | Application started
2026-05-18 18:04:35,580 | INFO | VCPlatform | Admin bot started
2026-05-18 18:04:36,433 | INFO | telegram.ext.Application | Application started
2026-05-18 18:04:39,223 | INFO | VCPlatform | [6444599625] Client bot launched: @YTBHAI_LIVE_BOT
2026-05-18 18:04:39,325 | INFO | VCPlatform | [6444599625] Monitor started for https://t.me/+VasrzM1i2TQzYmFl
2026-05-18 18:04:40,099 | INFO | telegram.ext.Application | Application started
2026-05-18 18:04:40,119 | WARNING | VCPlatform | check_vc [https://t.me/+VasrzM1i2TQzYmFl]: FloodWait 1273s
2026-05-18 18:04:41,425 | INFO | VCPlatform | [6444599625_2] Client bot launched: @YTBHAILIVEFC2_BOT
2026-05-18 18:04:41,542 | INFO | VCPlatform | [6444599625_2] Monitor started for https://t.me/+5wYXdZfacPwwZTZl
2026-05-18 18:04:42,153 | WARNING | VCPlatform | check_vc [https://t.me/+5wYXdZfacPwwZTZl]: FloodWait 2758s
2026-05-18 18:04:42,304 | INFO | telegram.ext.Application | Application started
2026-05-18 18:04:44,572 | INFO | VCPlatform | [6444599625_3] Client bot launched: @YTBHAILIVEFC3_BOT
2026-05-18 18:04:44,682 | INFO | VCPlatform | [6444599625_3] Monitor started for https://t.me/+hnGoxIQ1wj83NGVl
2026-05-18 18:04:45,427 | WARNING | VCPlatform | check_vc [https://t.me/+hnGoxIQ1wj83NGVl]: FloodWait 1539s
2026-05-18 18:04:45,456 | INFO | telegram.ext.Application | Application started
2026-05-18 18:04:48,077 | INFO | VCPlatform | [6451644278] Client bot launched: @YTBHAILIVEFC4_BOT
2026-05-18 18:04:48,184 | INFO | VCPlatform | [6451644278] Monitor started for https://t.me/+NYnorF2xfkhiYmI1
2026-05-18 18:04:48,965 | INFO | telegram.ext.Application | Application started
2026-05-18 18:04:49,482 | INFO | VCPlatform | [6444599625_4] Client bot launched: @YTBHAILIVEFC5_BOT
2026-05-18 18:04:50,348 | INFO | telegram.ext.Application | Application started
2026-05-18 18:04:50,573 | INFO | VCPlatform | [6451644278] Live DETECTED in https://t.me/+NYnorF2xfkhiYmI1 — joining VC...
2026-05-18 18:04:50,850 | INFO | VCPlatform | [7535601861] Client bot launched: @YTBHAILIVEFC6_BOT
2026-05-18 18:04:51,745 | INFO | telegram.ext.Application | Application started
2026-05-18 18:04:53,083 | INFO | VCPlatform | [7535601861_2] Client bot launched: @YTBHAILIVEFC7_BOT
2026-05-18 18:04:53,083 | INFO | VCPlatform | Platform fully running.
2026-05-18 18:04:53,083 | INFO | VCPlatform | [7535601861_2] Monitor started for https://t.me/+akHf5OY8eHYxZTQ1
2026-05-18 18:04:55,346 | INFO | VCPlatform | [6451644278] NTG: ConnectionState.CONNECTING
2026-05-18 18:04:55,350 | INFO | VCPlatform | [6451644278] Joined VC in chat -1002167741832
2026-05-18 18:04:55,350 | INFO | VCPlatform | [6451644278] Joined VC successfully in https://t.me/+NYnorF2xfkhiYmI1
2026-05-18 18:04:55,744 | INFO | VCPlatform | [6451644278] NTG: ConnectionState.CONNECTED
2026-05-18 18:06:27,278 | WARNING | VCPlatform | check_vc [https://t.me/+VasrzM1i2TQzYmFl]: FloodWait 1166s
2026-05-18 18:06:40,410 | WARNING | VCPlatform | check_vc [https://t.me/+VasrzM1i2TQzYmFl]: FloodWait 1153s
2026-05-18 18:06:42,269 | WARNING | VCPlatform | check_vc [https://t.me/+5wYXdZfacPwwZTZl]: FloodWait 2638s
2026-05-18 18:06:45,676 | WARNING | VCPlatform | check_vc [https://t.me/+hnGoxIQ1wj83NGVl]: FloodWait 1419s
2026-05-18 18:07:11,479 | WARNING | VCPlatform | check_vc [https://t.me/+akHf5OY8eHYxZTQ1]: FloodWait 74s
2026-05-18 18:08:14,253 | INFO | VCPlatform | [6444599625] Monitor stopped for https://t.me/+VasrzM1i2TQzYmFl
2026-05-18 18:08:14,254 | INFO | VCPlatform | [6444599625] Monitors restarted: 1 running for 1 channels
2026-05-18 18:08:14,254 | INFO | VCPlatform | [6444599625] Monitor started for https://t.me/+VasrzM1i2TQzYmFl
2026-05-18 18:08:14,254 | INFO | VCPlatform | [6444599625_2] Monitor stopped for https://t.me/+5wYXdZfacPwwZTZl
2026-05-18 18:08:14,254 | INFO | VCPlatform | [6444599625_2] Monitors restarted: 1 running for 1 channels
2026-05-18 18:08:14,254 | INFO | VCPlatform | [6444599625_2] Monitor started for https://t.me/+5wYXdZfacPwwZTZl
2026-05-18 18:08:14,254 | INFO | VCPlatform | [6444599625_3] Monitor stopped for https://t.me/+hnGoxIQ1wj83NGVl
2026-05-18 18:08:14,255 | INFO | VCPlatform | [6444599625_3] Monitors restarted: 1 running for 1 channels
2026-05-18 18:08:14,255 | INFO | VCPlatform | [6444599625_3] Monitor started for https://t.me/+hnGoxIQ1wj83NGVl
2026-05-18 18:08:14,362 | INFO | VCPlatform | [6451644278] Monitor stopped for https://t.me/+NYnorF2xfkhiYmI1
2026-05-18 18:08:14,363 | INFO | VCPlatform | [6451644278] Monitors restarted: 1 running for 1 channels
2026-05-18 18:08:14,363 | INFO | VCPlatform | [6451644278] Monitor started for https://t.me/+NYnorF2xfkhiYmI1
2026-05-18 18:08:14,363 | INFO | VCPlatform | [7535601861_2] Monitor stopped for https://t.me/+akHf5OY8eHYxZTQ1
2026-05-18 18:08:14,363 | INFO | VCPlatform | [7535601861_2] Monitors restarted: 1 running for 1 channels
2026-05-18 18:08:14,367 | INFO | VCPlatform | [7535601861_2] Monitor started for https://t.me/+akHf5OY8eHYxZTQ1
2026-05-18 18:08:14,865 | WARNING | VCPlatform | check_vc [https://t.me/+5wYXdZfacPwwZTZl]: FloodWait 2546s
2026-05-18 18:08:14,977 | WARNING | VCPlatform | check_vc [https://t.me/+akHf5OY8eHYxZTQ1]: FloodWait 11s
2026-05-18 18:08:15,001 | WARNING | VCPlatform | check_vc [https://t.me/+hnGoxIQ1wj83NGVl]: FloodWait 1330s
2026-05-18 18:08:15,046 | WARNING | VCPlatform | check_vc [https://t.me/+VasrzM1i2TQzYmFl]: FloodWait 1059s
2026-05-18 18:08:15,156 | WARNING | VCPlatform | check_vc [https://t.me/+NYnorF2xfkhiYmI1]: FloodWait 2913s
2026-05-18 18:10:14,972 | WARNING | VCPlatform | check_vc [https://t.me/+5wYXdZfacPwwZTZl]: FloodWait 2426s
2026-05-18 18:10:15,250 | WARNING | VCPlatform | check_vc [https://t.me/+hnGoxIQ1wj83NGVl]: FloodWait 1209s
2026-05-18 18:10:15,340 | WARNING | VCPlatform | check_vc [https://t.me/+VasrzM1i2TQzYmFl]: FloodWait 938s
2026-05-18 18:10:15,454 | WARNING | VCPlatform | check_vc [https://t.me/+NYnorF2xfkhiYmI1]: FloodWait 2793s
2026-05-18 18:12:15,140 | WARNING | VCPlatform | check_vc [https://t.me/+5wYXdZfacPwwZTZl]: FloodWait 2305s
2026-05-18 18:12:15,496 | WARNING | VCPlatform | check_vc [https://t.me/+hnGoxIQ1wj83NGVl]: FloodWait 1089s
2026-05-18 18:12:15,635 | WARNING | VCPlatform | check_vc [https://t.me/+VasrzM1i2TQzYmFl]: FloodWait 818s
2026-05-18 18:12:15,745 | WARNING | VCPlatform | check_vc [https://t.me/+NYnorF2xfkhiYmI1]: FloodWait 2673s
2026-05-18 18:12:47,864 | WARNING | VCPlatform | check_vc [https://t.me/+akHf5OY8eHYxZTQ1]: FloodWait 2922s
2026-05-18 18:14:15,250 | WARNING | VCPlatform | check_vc [https://t.me/+5wYXdZfacPwwZTZl]: FloodWait 2185s
2026-05-18 18:14:15,743 | WARNING | VCPlatform | check_vc [https://t.me/+hnGoxIQ1wj83NGVl]: FloodWait 969s
2026-05-18 18:14:15,931 | WARNING | VCPlatform | check_vc [https://t.me/+VasrzM1i2TQzYmFl]: FloodWait 698s
2026-05-18 18:14:16,038 | WARNING | VCPlatform | check_vc [https://t.me/+NYnorF2xfkhiYmI1]: FloodWait 2553s
2026-05-18 18:14:47,970 | WARNING | VCPlatform | check_vc [https://t.me/+akHf5OY8eHYxZTQ1]: FloodWait 2802s
2026-05-18 18:16:15,511 | WARNING | VCPlatform | check_vc [https://t.me/+5wYXdZfacPwwZTZl]: FloodWait 2065s
2026-05-18 18:16:15,996 | WARNING | VCPlatform | check_vc [https://t.me/+hnGoxIQ1wj83NGVl]: FloodWait 849s
2026-05-18 18:16:16,225 | WARNING | VCPlatform | check_vc [https://t.me/+VasrzM1i2TQzYmFl]: FloodWait 577s
2026-05-18 18:16:16,337 | WARNING | VCPlatform | check_vc [https://t.me/+NYnorF2xfkhiYmI1]: FloodWait 2432s
2026-05-18 18:16:48,086 | WARNING | VCPlatform | check_vc [https://t.me/+akHf5OY8eHYxZTQ1]: FloodWait 2681s
2026-05-18 18:18:15,622 | WARNING | VCPlatform | check_vc [https://t.me/+5wYXdZfacPwwZTZl]: FloodWait 1945s
2026-05-18 18:18:16,243 | WARNING | VCPlatform | check_vc [https://t.me/+hnGoxIQ1wj83NGVl]: FloodWait 728s
2026-05-18 18:18:16,520 | WARNING | VCPlatform | check_vc [https://t.me/+VasrzM1i2TQzYmFl]: FloodWait 457s
2026-05-18 18:18:16,628 | WARNING | VCPlatform | check_vc [https://t.me/+NYnorF2xfkhiYmI1]: FloodWait 2312s
2026-05-18 18:18:48,224 | WARNING | VCPlatform | check_vc [https://t.me/+akHf5OY8eHYxZTQ1]: FloodWait 2561s
2026-05-18 18:20:15,732 | WARNING | VCPlatform | check_vc [https://t.me/+5wYXdZfacPwwZTZl]: FloodWait 1825s
2026-05-18 18:20:16,497 | WARNING | VCPlatform | check_vc [https://t.me/+hnGoxIQ1wj83NGVl]: FloodWait 608s
2026-05-18 18:20:16,866 | WARNING | VCPlatform | check_vc [https://t.me/+VasrzM1i2TQzYmFl]: FloodWait 337s
2026-05-18 18:20:16,922 | WARNING | VCPlatform | check_vc [https://t.me/+NYnorF2xfkhiYmI1]: FloodWait 2192s
2026-05-18 18:20:29,185 | INFO | telegram.ext.Application | Application started
2026-05-18 18:20:29,439 | INFO | VCPlatform | Admin bot started
2026-05-18 18:20:30,344 | INFO | telegram.ext.Application | Application started
2026-05-18 18:20:33,121 | INFO | VCPlatform | [6444599625] Client bot launched: @YTBHAI_LIVE_BOT
2026-05-18 18:20:33,228 | INFO | VCPlatform | [6444599625] Monitor started for https://t.me/+VasrzM1i2TQzYmFl
2026-05-18 18:20:33,229 | INFO | VCPlatform | [6444599625] VC push update handler registered
2026-05-18 18:20:33,521 | WARNING | VCPlatform | [6444599625] FloodWait 320s resolving https://t.me/+VasrzM1i2TQzYmFl — skipping startup check, push updates active
2026-05-18 18:20:34,003 | INFO | telegram.ext.Application | Application started
2026-05-18 18:20:35,307 | INFO | VCPlatform | [6444599625_2] Client bot launched: @YTBHAILIVEFC2_BOT
2026-05-18 18:20:35,408 | INFO | VCPlatform | [6444599625_2] Monitor started for https://t.me/+5wYXdZfacPwwZTZl
2026-05-18 18:20:35,408 | INFO | VCPlatform | [6444599625_2] VC push update handler registered
2026-05-18 18:20:35,534 | WARNING | VCPlatform | [6444599625_2] FloodWait 1805s resolving https://t.me/+5wYXdZfacPwwZTZl — skipping startup check, push updates active
2026-05-18 18:20:36,175 | INFO | telegram.ext.Application | Application started
2026-05-18 18:20:38,769 | INFO | VCPlatform | [6444599625_3] Client bot launched: @YTBHAILIVEFC3_BOT
2026-05-18 18:20:38,874 | INFO | VCPlatform | [6444599625_3] Monitor started for https://t.me/+hnGoxIQ1wj83NGVl
2026-05-18 18:20:38,875 | INFO | VCPlatform | [6444599625_3] VC push update handler registered
2026-05-18 18:20:39,166 | WARNING | VCPlatform | [6444599625_3] FloodWait 585s resolving https://t.me/+hnGoxIQ1wj83NGVl — skipping startup check, push updates active
2026-05-18 18:20:39,656 | INFO | telegram.ext.Application | Application started
2026-05-18 18:20:42,249 | INFO | VCPlatform | [6451644278] Client bot launched: @YTBHAILIVEFC4_BOT
2026-05-18 18:20:42,352 | INFO | VCPlatform | [6451644278] Monitor started for https://t.me/+NYnorF2xfkhiYmI1
2026-05-18 18:20:42,352 | INFO | VCPlatform | [6451644278] VC push update handler registered
2026-05-18 18:20:42,642 | WARNING | VCPlatform | [6451644278] FloodWait 2166s resolving https://t.me/+NYnorF2xfkhiYmI1 — skipping startup check, push updates active
2026-05-18 18:20:43,121 | INFO | telegram.ext.Application | Application started
2026-05-18 18:20:43,635 | INFO | VCPlatform | [6444599625_4] Client bot launched: @YTBHAILIVEFC5_BOT
2026-05-18 18:20:44,497 | INFO | telegram.ext.Application | Application started
2026-05-18 18:20:45,002 | INFO | VCPlatform | [7535601861] Client bot launched: @YTBHAILIVEFC6_BOT
2026-05-18 18:20:45,922 | INFO | telegram.ext.Application | Application started
2026-05-18 18:20:47,248 | INFO | VCPlatform | [7535601861_2] Client bot launched: @YTBHAILIVEFC7_BOT
2026-05-18 18:20:47,248 | INFO | VCPlatform | Platform fully running.
2026-05-18 18:20:47,249 | INFO | VCPlatform | [7535601861_2] Monitor started for https://t.me/+akHf5OY8eHYxZTQ1
2026-05-18 18:20:47,249 | INFO | VCPlatform | [7535601861_2] VC push update handler registered
2026-05-18 18:20:47,355 | WARNING | VCPlatform | [7535601861_2] FloodWait 2442s resolving https://t.me/+akHf5OY8eHYxZTQ1 — skipping startup check, push updates active
2026-05-18 18:25:48,825 | INFO | telegram.ext.Application | Application started
2026-05-18 18:25:49,083 | INFO | VCPlatform | Admin bot started
2026-05-18 18:25:49,957 | INFO | telegram.ext.Application | Application started
2026-05-18 18:25:52,737 | INFO | VCPlatform | [6444599625] Client bot launched: @YTBHAI_LIVE_BOT
2026-05-18 18:25:52,845 | INFO | VCPlatform | [6444599625] Monitor started for https://t.me/+VasrzM1i2TQzYmFl
2026-05-18 18:25:52,847 | INFO | VCPlatform | [6444599625] VC push update handler registered
2026-05-18 18:25:53,617 | INFO | telegram.ext.Application | Application started
2026-05-18 18:25:53,757 | INFO | VCPlatform | [6444599625] Channel resolved+cached: '𝐒𝐔𝐑𝐄𝐒𝐇𝐎𝐓 𝐁𝐘 𝐉𝐀𝐂𝐊' (bare_id=2412810294) for https://t.me/+VasrzM1i2TQzYmFl
2026-05-18 18:25:54,911 | INFO | VCPlatform | [6444599625_2] Client bot launched: @YTBHAILIVEFC2_BOT
2026-05-18 18:25:55,021 | INFO | VCPlatform | [6444599625_2] Monitor started for https://t.me/+5wYXdZfacPwwZTZl
2026-05-18 18:25:55,021 | INFO | VCPlatform | [6444599625_2] Stagger: waiting 8s before resolving https://t.me/+5wYXdZfacPwwZTZl
2026-05-18 18:25:55,022 | INFO | VCPlatform | [6444599625_2] VC push update handler registered
2026-05-18 18:25:55,779 | INFO | telegram.ext.Application | Application started
2026-05-18 18:25:58,020 | INFO | VCPlatform | [6444599625_3] Client bot launched: @YTBHAILIVEFC3_BOT
2026-05-18 18:25:58,130 | INFO | VCPlatform | [6444599625_3] Monitor started for https://t.me/+hnGoxIQ1wj83NGVl
2026-05-18 18:25:58,130 | INFO | VCPlatform | [6444599625_3] Stagger: waiting 16s before resolving https://t.me/+hnGoxIQ1wj83NGVl
2026-05-18 18:25:58,130 | INFO | VCPlatform | [6444599625_3] VC push update handler registered
2026-05-18 18:25:58,905 | INFO | telegram.ext.Application | Application started
2026-05-18 18:26:01,178 | INFO | VCPlatform | [6451644278] Client bot launched: @YTBHAILIVEFC4_BOT
2026-05-18 18:26:01,293 | INFO | VCPlatform | [6451644278] Monitor started for https://t.me/+NYnorF2xfkhiYmI1
2026-05-18 18:26:01,293 | INFO | VCPlatform | [6451644278] Stagger: waiting 24s before resolving https://t.me/+NYnorF2xfkhiYmI1
2026-05-18 18:26:01,295 | INFO | VCPlatform | [6451644278] VC push update handler registered
2026-05-18 18:26:02,229 | INFO | telegram.ext.Application | Application started
2026-05-18 18:26:02,780 | INFO | VCPlatform | [6444599625_4] Client bot launched: @YTBHAILIVEFC5_BOT
2026-05-18 18:26:03,152 | WARNING | VCPlatform | [6444599625_2] FloodWait 1477s on get_chat [https://t.me/+5wYXdZfacPwwZTZl] attempt 1 — waiting full duration...
2026-05-18 18:26:03,658 | INFO | telegram.ext.Application | Application started
2026-05-18 18:26:04,162 | INFO | VCPlatform | [7535601861] Client bot launched: @YTBHAILIVEFC6_BOT
2026-05-18 18:26:05,060 | INFO | telegram.ext.Application | Application started
2026-05-18 18:26:06,359 | INFO | VCPlatform | [7535601861_2] Client bot launched: @YTBHAILIVEFC7_BOT
2026-05-18 18:26:06,359 | INFO | VCPlatform | Platform fully running.
2026-05-18 18:26:06,360 | INFO | VCPlatform | [7535601861_2] Monitor started for https://t.me/+akHf5OY8eHYxZTQ1
2026-05-18 18:26:06,360 | INFO | VCPlatform | [7535601861_2] Stagger: waiting 32s before resolving https://t.me/+akHf5OY8eHYxZTQ1
2026-05-18 18:26:06,361 | INFO | VCPlatform | [7535601861_2] VC push update handler registered
2026-05-18 18:26:14,377 | WARNING | VCPlatform | [6444599625_3] FloodWait 250s on get_chat [https://t.me/+hnGoxIQ1wj83NGVl] attempt 1 — waiting full duration...
2026-05-18 18:26:25,544 | WARNING | VCPlatform | [6451644278] FloodWait 1823s on get_chat [https://t.me/+NYnorF2xfkhiYmI1] attempt 1 — waiting full duration...
2026-05-18 18:26:38,471 | WARNING | VCPlatform | [7535601861_2] FloodWait 2091s on get_chat [https://t.me/+akHf5OY8eHYxZTQ1] attempt 1 — waiting full duration...
2026-05-18 18:30:25,148 | INFO | VCPlatform | [6444599625_3] Channel resolved+cached: '𝐒𝐔𝐑𝐄𝐒𝐇𝐎𝐓 𝐁𝐘 𝐀𝐋𝐄𝐗' (bare_id=2408551846) for https://t.me/+hnGoxIQ1wj83NGVl
2026-05-18 18:30:26,697 | INFO | VCPlatform | [6444599625_3] Live already running in https://t.me/+hnGoxIQ1wj83NGVl on startup — joining...
2026-05-18 18:30:32,575 | INFO | VCPlatform | [6444599625_3] NTG: ConnectionState.CONNECTING
2026-05-18 18:30:32,577 | INFO | VCPlatform | [6444599625_3] Joined VC in chat -1002408551846
2026-05-18 18:30:32,577 | INFO | VCPlatform | [6444599625_3] Joined VC on startup in https://t.me/+hnGoxIQ1wj83NGVl
2026-05-18 18:30:32,978 | INFO | VCPlatform | [6444599625_3] NTG: ConnectionState.CONNECTED
2026-05-18 18:32:35,371 | INFO | telegram.ext.Application | Application started
2026-05-18 18:32:35,882 | INFO | VCPlatform | [8015937475] Client bot launched: @AutoGmail_RoBot
2026-05-18 18:37:23,539 | INFO | VCPlatform | Session file deleted: sessions/+19016941376.session
2026-05-18 18:38:12,836 | INFO | VCPlatform | [8015937475] VC push update handler registered
2026-05-18 18:38:44,323 | INFO | VCPlatform | [8015937475] Monitor started for https://t.me/+F4IAa6kyKnQ4NjI1
2026-05-18 18:38:44,323 | INFO | VCPlatform | [8015937475] Stagger: waiting 40s before resolving https://t.me/+F4IAa6kyKnQ4NjI1
2026-05-18 18:38:44,325 | INFO | VCPlatform | [8015937475] VC push update handler registered
2026-05-18 18:39:25,091 | INFO | VCPlatform | [8015937475] Channel resolved+cached: 'ZAYRO 𝐒𝐔𝐑𝐄𝐒𝐇𝐎𝐓' (bare_id=2459134980) for https://t.me/+F4IAa6kyKnQ4NjI1
2026-05-18 18:41:17,115 | INFO | VCPlatform | [6444599625] Monitor stopped for https://t.me/+VasrzM1i2TQzYmFl
2026-05-18 18:41:17,116 | INFO | VCPlatform | [6444599625] Monitors restarted: 1 running for 1 channels
2026-05-18 18:41:17,116 | INFO | VCPlatform | [6444599625] Monitor started for https://t.me/+VasrzM1i2TQzYmFl
2026-05-18 18:41:17,116 | INFO | VCPlatform | [6444599625] Channel from cache: '𝐒𝐔𝐑𝐄𝐒𝐇𝐎𝐓 𝐁𝐘 𝐉𝐀𝐂𝐊' (bare_id=2412810294) for https://t.me/+VasrzM1i2TQzYmFl
2026-05-18 18:41:17,117 | INFO | VCPlatform | [6444599625] VC push update handler registered
2026-05-18 18:41:17,117 | INFO | VCPlatform | [6444599625_2] Monitors restarted: 1 running for 1 channels
2026-05-18 18:41:17,118 | INFO | VCPlatform | [6444599625_2] Monitor started for https://t.me/+5wYXdZfacPwwZTZl
2026-05-18 18:41:17,119 | INFO | VCPlatform | [6444599625_2] Stagger: waiting 48s before resolving https://t.me/+5wYXdZfacPwwZTZl
2026-05-18 18:41:17,119 | INFO | VCPlatform | [6444599625_2] VC push update handler registered
2026-05-18 18:41:17,120 | INFO | VCPlatform | [6444599625_3] Monitor stopped for https://t.me/+hnGoxIQ1wj83NGVl
2026-05-18 18:41:17,120 | INFO | VCPlatform | [6444599625_3] Monitors restarted: 1 running for 1 channels
2026-05-18 18:41:17,120 | INFO | VCPlatform | [6444599625_3] Monitor started for https://t.me/+hnGoxIQ1wj83NGVl
2026-05-18 18:41:17,120 | INFO | VCPlatform | [6444599625_3] Channel from cache: '𝐒𝐔𝐑𝐄𝐒𝐇𝐎𝐓 𝐁𝐘 𝐀𝐋𝐄𝐗' (bare_id=2408551846) for https://t.me/+hnGoxIQ1wj83NGVl
2026-05-18 18:41:17,120 | INFO | VCPlatform | [6444599625_3] VC push update handler registered
2026-05-18 18:41:17,121 | INFO | VCPlatform | [6451644278] Monitors restarted: 1 running for 1 channels
2026-05-18 18:41:17,121 | INFO | VCPlatform | [6451644278] Monitor started for https://t.me/+NYnorF2xfkhiYmI1
2026-05-18 18:41:17,121 | INFO | VCPlatform | [6451644278] Stagger: waiting 56s before resolving https://t.me/+NYnorF2xfkhiYmI1
2026-05-18 18:41:17,121 | INFO | VCPlatform | [6451644278] VC push update handler registered
2026-05-18 18:41:17,122 | INFO | VCPlatform | [7535601861_2] Monitors restarted: 1 running for 1 channels
2026-05-18 18:41:17,122 | INFO | VCPlatform | [7535601861_2] Monitor started for https://t.me/+akHf5OY8eHYxZTQ1
2026-05-18 18:41:17,122 | INFO | VCPlatform | [7535601861_2] Stagger: waiting 64s before resolving https://t.me/+akHf5OY8eHYxZTQ1
2026-05-18 18:41:17,122 | INFO | VCPlatform | [7535601861_2] VC push update handler registered
2026-05-18 18:41:17,122 | INFO | VCPlatform | [8015937475] Monitor stopped for https://t.me/+F4IAa6kyKnQ4NjI1
2026-05-18 18:41:17,123 | INFO | VCPlatform | [8015937475] Monitors restarted: 1 running for 1 channels
2026-05-18 18:41:17,125 | INFO | VCPlatform | [8015937475] Monitor started for https://t.me/+F4IAa6kyKnQ4NjI1
2026-05-18 18:41:17,126 | INFO | VCPlatform | [8015937475] Channel from cache: 'ZAYRO 𝐒𝐔𝐑𝐄𝐒𝐇𝐎𝐓' (bare_id=2459134980) for https://t.me/+F4IAa6kyKnQ4NjI1
2026-05-18 18:41:17,126 | INFO | VCPlatform | [8015937475] VC push update handler registered
2026-05-18 18:41:18,420 | INFO | VCPlatform | [8015937475] Live already running in https://t.me/+F4IAa6kyKnQ4NjI1 on startup — joining...
2026-05-18 18:41:18,656 | INFO | VCPlatform | [6444599625_3] Live already running in https://t.me/+hnGoxIQ1wj83NGVl on startup — joining...
2026-05-18 18:41:18,719 | INFO | VCPlatform | [6444599625_3] Stream restarted via set_stream_sources
2026-05-18 18:41:18,769 | INFO | VCPlatform | [6444599625_3] Stream restarted via set_stream_sources
2026-05-18 18:41:18,771 | INFO | VCPlatform | [6444599625_3] Stream restarted via set_stream_sources
2026-05-18 18:41:18,772 | INFO | VCPlatform | [6444599625_3] Stream restarted via set_stream_sources
2026-05-18 18:41:18,773 | INFO | VCPlatform | [6444599625_3] Stream restarted via set_stream_sources
2026-05-18 18:41:18,775 | INFO | VCPlatform | [6444599625_3] Stream restarted via set_stream_sources
2026-05-18 18:41:18,775 | INFO | VCPlatform | [6444599625_3] Stream restarted via set_stream_sources
2026-05-18 18:41:18,777 | INFO | VCPlatform | [6444599625_3] Stream restarted via set_stream_sources
2026-05-18 18:41:18,779 | INFO | VCPlatform | [6444599625_3] Stream restarted via set_stream_sources
2026-05-18 18:41:18,780 | INFO | VCPlatform | [6444599625_3] Stream restarted via set_stream_sources
2026-05-18 18:41:18,791 | INFO | VCPlatform | [6444599625_3] Stream restarted via set_stream_sources
2026-05-18 18:41:18,792 | INFO | VCPlatform | [6444599625_3] Stream restarted via set_stream_sources
2026-05-18 18:41:18,794 | INFO | VCPlatform | [6444599625_3] Stream restarted via set_stream_sources
2026-05-18 18:41:18,794 | INFO | VCPlatform | [6444599625_3] Stream restarted via set_stream_sources
2026-05-18 18:41:18,795 | INFO | VCPlatform | [6444599625_3] Stream restarted via set_stream_sources
2026-05-18 18:41:18,797 | INFO | VCPlatform | [6444599625_3] Stream restarted via set_stream_sources
2026-05-18 18:41:18,798 | INFO | VCPlatform | [6444599625_3] Stream restarted via set_stream_sources
2026-05-18 18:41:18,802 | INFO | VCPlatform | [6444599625_3] Stream restarted via set_stream_sources
2026-05-18 18:41:18,805 | INFO | VCPlatform | [6444599625_3] Stream restarted via set_stream_sources
2026-05-18 18:41:18,807 | INFO | VCPlatform | [6444599625_3] Stream restarted via set_stream_sources
2026-05-18 18:41:18,809 | INFO | VCPlatform | [6444599625_3] Stream restarted via set_stream_sources
2026-05-18 18:41:18,812 | INFO | VCPlatform | [6444599625_3] Stream restarted via set_stream_sources
2026-05-18 18:41:18,814 | INFO | VCPlatform | [6444599625_3] Stream restarted via set_stream_sources
2026-05-18 18:41:18,817 | INFO | VCPlatform | [6444599625_3] Stream restarted via set_stream_sources
2026-05-18 18:41:18,820 | INFO | VCPlatform | [6444599625_3] Stream restarted via set_stream_sources
2026-05-18 18:41:18,821 | INFO | VCPlatform | [6444599625_3] Stream restarted via set_stream_sources
2026-05-18 18:41:18,822 | INFO | VCPlatform | [6444599625_3] Stream restarted via set_stream_sources
2026-05-18 18:41:18,823 | INFO | VCPlatform | [6444599625_3] Stream restarted via set_stream_sources
2026-05-18 18:41:18,825 | INFO | VCPlatform | [6444599625_3] Stream restarted via set_stream_sources
2026-05-18 18:41:18,826 | INFO | VCPlatform | [6444599625_3] Stream restarted via set_stream_sources
2026-05-18 18:41:18,828 | INFO | VCPlatform | [6444599625_3] Stream restarted via set_stream_sources
2026-05-18 18:41:18,829 | INFO | VCPlatform | [6444599625_3] Stream restarted via set_stream_sources
2026-05-18 18:41:18,832 | INFO | VCPlatform | [6444599625_3] Stream restarted via set_stream_sources
2026-05-18 18:41:18,835 | INFO | VCPlatform | [6444599625_3] Stream restarted via set_stream_sources
2026-05-18 18:41:18,835 | INFO | VCPlatform | [6444599625_3] Stream restarted via set_stream_sources
2026-05-18 18:41:18,835 | INFO | VCPlatform | [6444599625_3] Stream restarted via set_stream_sources
2026-05-18 18:41:18,838 | INFO | VCPlatform | [6444599625_3] Stream restarted via set_stream_sources
2026-05-18 18:41:18,839 | INFO | VCPlatform | [6444599625_3] Stream restarted via set_stream_sources
2026-05-18 18:41:18,839 | INFO | VCPlatform | [6444599625_3] Stream restarted via set_stream_sources
2026-05-18 18:41:18,840 | INFO | VCPlatform | [6444599625_3] Stream restarted via set_stream_sources
2026-05-18 18:41:18,841 | INFO | VCPlatform | [6444599625_3] Stream restarted via set_stream_sources
2026-05-18 18:41:18,847 | INFO | VCPlatform | [6444599625_3] Stream restarted via set_stream_sources
2026-05-18 18:41:18,848 | INFO | VCPlatform | [6444599625_3] Stream restarted via set_stream_sources
2026-05-18 18:41:18,848 | INFO | VCPlatform | [6444599625_3] Stream restarted via set_stream_sources
2026-05-18 18:41:18,850 | INFO | VCPlatform | [6444599625_3] Stream restarted via set_stream_sources
2026-05-18 18:41:18,851 | INFO | VCPlatform | [6444599625_3] Stream restarted via set_stream_sources
2026-05-18 18:41:18,852 | INFO | VCPlatform | [6444599625_3] Stream restarted via set_stream_sources
2026-05-18 18:41:18,856 | INFO | VCPlatform | [6444599625_3] Stream restarted via set_stream_sources
2026-05-18 18:41:18,857 | INFO | VCPlatform | [6444599625_3] Stream restarted via set_stream_sources
2026-05-18 18:41:18,864 | INFO | VCPlatform | [6444599625_3] Stream restarted via set_stream_sources
2026-05-18 18:41:18,864 | INFO | VCPlatform | [6444599625_3] Stream restarted via set_stream_sources
2026-05-18 18:41:18,870 | INFO | VCPlatform | [6444599625_3] Stream restarted via set_stream_sources
2026-05-18 18:41:18,873 | INFO | VCPlatform | [6444599625_3] Stream restarted via set_stream_sources
2026-05-18 18:41:19,530 | INFO | VCPlatform | [8015937475] NTG: ConnectionState.CONNECTING
2026-05-18 18:41:19,545 | INFO | VCPlatform | [8015937475] Joined VC in chat -1002459134980
2026-05-18 18:41:19,545 | INFO | VCPlatform | [8015937475] Joined VC on startup in https://t.me/+F4IAa6kyKnQ4NjI1
2026-05-18 18:41:19,922 | INFO | VCPlatform | [8015937475] NTG: ConnectionState.CONNECTED
2026-05-18 18:41:22,800 | ERROR | VCPlatform | [6444599625_3] vc_join: Connection cannot be initialized more than once.
2026-05-18 18:41:22,814 | WARNING | VCPlatform | [6444599625_3] Startup join failed for https://t.me/+hnGoxIQ1wj83NGVl
2026-05-18 18:42:05,230 | WARNING | VCPlatform | [6444599625_2] FloodWait 515s on get_chat [https://t.me/+5wYXdZfacPwwZTZl] attempt 1 — waiting full duration...
2026-05-18 18:42:13,433 | WARNING | VCPlatform | [6451644278] FloodWait 875s on get_chat [https://t.me/+NYnorF2xfkhiYmI1] attempt 1 — waiting full duration...
2026-05-18 18:42:21,227 | WARNING | VCPlatform | [7535601861_2] FloodWait 1148s on get_chat [https://t.me/+akHf5OY8eHYxZTQ1] attempt 1 — waiting full duration...
2026-05-18 18:42:42,433 | INFO | VCPlatform | [8015937475] Stream restarted via set_stream_sources
2026-05-18 18:44:05,337 | INFO | VCPlatform | [8015937475] Stream restarted via set_stream_sources
2026-05-18 18:45:28,239 | INFO | VCPlatform | [8015937475] Stream restarted via set_stream_sources
2026-05-18 18:46:51,158 | INFO | VCPlatform | [8015937475] Stream restarted via set_stream_sources
2026-05-18 18:48:14,059 | INFO | VCPlatform | [8015937475] Stream restarted via set_stream_sources
2026-05-18 18:49:36,962 | INFO | VCPlatform | [8015937475] Stream restarted via set_stream_sources
2026-05-18 18:50:40,693 | INFO | VCPlatform | [6444599625_2] Channel resolved+cached: '𝐒𝐔𝐑𝐄𝐒𝐇𝐎𝐓 𝐁𝐘 𝐑𝐀𝐌' (bare_id=2893144270) for https://t.me/+5wYXdZfacPwwZTZl
2026-05-18 18:50:59,863 | INFO | VCPlatform | [8015937475] Stream restarted via set_stream_sources
2026-05-18 18:52:22,766 | INFO | VCPlatform | [8015937475] Stream restarted via set_stream_sources
2026-05-18 18:53:45,669 | INFO | VCPlatform | [8015937475] Stream restarted via set_stream_sources
2026-05-18 18:55:08,571 | INFO | VCPlatform | [8015937475] Stream restarted via set_stream_sources
2026-05-18 18:56:31,476 | INFO | VCPlatform | [8015937475] Stream restarted via set_stream_sources
2026-05-18 18:56:49,217 | INFO | VCPlatform | [6451644278] Channel resolved+cached: '𝙔𝙖𝙖𝙧𝙒𝙞𝙣 𝘼𝙡𝙚𝙭' (bare_id=2167741832) for https://t.me/+NYnorF2xfkhiYmI1
2026-05-18 18:56:50,796 | INFO | VCPlatform | [6451644278] Live already running in https://t.me/+NYnorF2xfkhiYmI1 on startup — joining...
2026-05-18 18:56:55,498 | INFO | VCPlatform | [6451644278] NTG: ConnectionState.CONNECTING
2026-05-18 18:56:55,501 | INFO | VCPlatform | [6451644278] Joined VC in chat -1002167741832
2026-05-18 18:56:55,501 | INFO | VCPlatform | [6451644278] Joined VC on startup in https://t.me/+NYnorF2xfkhiYmI1
2026-05-18 18:56:55,880 | INFO | VCPlatform | [6451644278] NTG: ConnectionState.CONNECTED
2026-05-18 18:57:54,380 | INFO | VCPlatform | [8015937475] Stream restarted via set_stream_sources
2026-05-18 18:59:17,283 | INFO | VCPlatform | [8015937475] Stream restarted via set_stream_sources
2026-05-18 19:00:40,185 | INFO | VCPlatform | [8015937475] Stream restarted via set_stream_sources
2026-05-18 19:01:29,611 | INFO | VCPlatform | [7535601861_2] Channel resolved+cached: '𝙔𝙖𝙖𝙧𝙒𝙞𝙣 𝘼𝙡𝙚𝙭' (bare_id=2176401264) for https://t.me/+akHf5OY8eHYxZTQ1
2026-05-18 19:02:03,089 | INFO | VCPlatform | [8015937475] Stream restarted via set_stream_sources
2026-05-18 19:03:25,990 | INFO | VCPlatform | [8015937475] Stream restarted via set_stream_sources
2026-05-18 19:04:48,894 | INFO | VCPlatform | [8015937475] Stream restarted via set_stream_sources
2026-05-18 19:06:11,796 | INFO | VCPlatform | [8015937475] Stream restarted via set_stream_sources
2026-05-18 19:07:34,698 | INFO | VCPlatform | [8015937475] Stream restarted via set_stream_sources
2026-05-18 19:08:57,599 | INFO | VCPlatform | [8015937475] Stream restarted via set_stream_sources
2026-05-18 19:10:20,503 | INFO | VCPlatform | [8015937475] Stream restarted via set_stream_sources
2026-05-18 19:11:43,407 | INFO | VCPlatform | [8015937475] Stream restarted via set_stream_sources
2026-05-18 19:13:06,308 | INFO | VCPlatform | [8015937475] Stream restarted via set_stream_sources
2026-05-18 19:14:29,210 | INFO | VCPlatform | [8015937475] Stream restarted via set_stream_sources
2026-05-18 19:15:52,113 | INFO | VCPlatform | [8015937475] Stream restarted via set_stream_sources
2026-05-18 19:17:15,015 | INFO | VCPlatform | [8015937475] Stream restarted via set_stream_sources
2026-05-18 19:18:37,922 | INFO | VCPlatform | [8015937475] Stream restarted via set_stream_sources
2026-05-18 19:20:00,826 | INFO | VCPlatform | [8015937475] Stream restarted via set_stream_sources
2026-05-18 19:21:23,727 | INFO | VCPlatform | [8015937475] Stream restarted via set_stream_sources
2026-05-18 19:22:46,631 | INFO | VCPlatform | [8015937475] Stream restarted via set_stream_sources
2026-05-18 19:24:09,533 | INFO | VCPlatform | [8015937475] Stream restarted via set_stream_sources
2026-05-18 19:25:32,435 | INFO | VCPlatform | [8015937475] Stream restarted via set_stream_sources
2026-05-18 19:26:55,337 | INFO | VCPlatform | [8015937475] Stream restarted via set_stream_sources
2026-05-18 19:27:33,703 | INFO | VCPlatform | [6451644278] Stream restarted via set_stream_sources
2026-05-18 19:28:18,238 | INFO | VCPlatform | [8015937475] Stream restarted via set_stream_sources
2026-05-18 19:29:41,141 | INFO | VCPlatform | [8015937475] Stream restarted via set_stream_sources
2026-05-18 19:31:04,045 | INFO | VCPlatform | [8015937475] Stream restarted via set_stream_sources
2026-05-18 19:32:26,948 | INFO | VCPlatform | [8015937475] Stream restarted via set_stream_sources
2026-05-18 19:33:49,855 | INFO | VCPlatform | [8015937475] Stream restarted via set_stream_sources
2026-05-18 19:35:12,756 | INFO | VCPlatform | [8015937475] Stream restarted via set_stream_sources
2026-05-18 19:36:35,658 | INFO | VCPlatform | [8015937475] Stream restarted via set_stream_sources
2026-05-18 19:37:58,560 | INFO | VCPlatform | [8015937475] Stream restarted via set_stream_sources
2026-05-18 19:39:21,465 | INFO | VCPlatform | [8015937475] Stream restarted via set_stream_sources
2026-05-18 19:40:44,366 | INFO | VCPlatform | [8015937475] Stream restarted via set_stream_sources
2026-05-18 19:42:07,269 | INFO | VCPlatform | [8015937475] Stream restarted via set_stream_sources
2026-05-18 19:43:30,170 | INFO | VCPlatform | [8015937475] Stream restarted via set_stream_sources
2026-05-18 19:44:53,073 | INFO | VCPlatform | [8015937475] Stream restarted via set_stream_sources
2026-05-18 19:46:15,975 | INFO | VCPlatform | [8015937475] Stream restarted via set_stream_sources
2026-05-18 19:47:38,878 | INFO | VCPlatform | [8015937475] Stream restarted via set_stream_sources
2026-05-18 19:49:01,782 | INFO | VCPlatform | [8015937475] Stream restarted via set_stream_sources
2026-05-18 19:50:24,683 | INFO | VCPlatform | [8015937475] Stream restarted via set_stream_sources
2026-05-18 19:51:47,586 | INFO | VCPlatform | [8015937475] Stream restarted via set_stream_sources
2026-05-18 19:53:10,490 | INFO | VCPlatform | [8015937475] Stream restarted via set_stream_sources
2026-05-18 19:54:33,401 | INFO | VCPlatform | [8015937475] Stream restarted via set_stream_sources
2026-05-18 19:55:56,305 | INFO | VCPlatform | [8015937475] Stream restarted via set_stream_sources
2026-05-18 19:57:19,207 | INFO | VCPlatform | [8015937475] Stream restarted via set_stream_sources
2026-05-18 19:58:11,905 | INFO | VCPlatform | [6451644278] Stream restarted via set_stream_sources
2026-05-18 19:58:42,109 | INFO | VCPlatform | [8015937475] Stream restarted via set_stream_sources
2026-05-18 20:00:05,012 | INFO | VCPlatform | [8015937475] Stream restarted via set_stream_sources
2026-05-18 20:01:27,914 | INFO | VCPlatform | [8015937475] Stream restarted via set_stream_sources
2026-05-18 20:02:50,817 | INFO | VCPlatform | [8015937475] Stream restarted via set_stream_sources
2026-05-18 20:04:13,718 | INFO | VCPlatform | [8015937475] Stream restarted via set_stream_sources
2026-05-18 20:05:36,621 | INFO | VCPlatform | [8015937475] Stream restarted via set_stream_sources
2026-05-18 20:06:02,701 | INFO | telegram.ext.Application | Application started
2026-05-18 20:06:02,959 | INFO | VCPlatform | Admin bot started
2026-05-18 20:06:03,863 | INFO | telegram.ext.Application | Application started
2026-05-18 20:06:06,677 | INFO | VCPlatform | [6444599625] Client bot launched: @YTBHAI_LIVE_BOT
2026-05-18 20:06:06,783 | INFO | VCPlatform | [6444599625] Monitor started for https://t.me/+VasrzM1i2TQzYmFl
2026-05-18 20:06:06,783 | INFO | VCPlatform | [6444599625] Channel from cache: '𝐒𝐔𝐑𝐄𝐒𝐇𝐎𝐓 𝐁𝐘 𝐉𝐀𝐂𝐊' (bare_id=2412810294) for https://t.me/+VasrzM1i2TQzYmFl
2026-05-18 20:06:06,785 | INFO | VCPlatform | [6444599625] VC push update handler registered
2026-05-18 20:06:07,548 | INFO | telegram.ext.Application | Application started
2026-05-18 20:06:08,849 | INFO | VCPlatform | [6444599625_2] Client bot launched: @YTBHAILIVEFC2_BOT
2026-05-18 20:06:08,974 | INFO | VCPlatform | [6444599625_2] Monitor started for https://t.me/+5wYXdZfacPwwZTZl
2026-05-18 20:06:08,975 | INFO | VCPlatform | [6444599625_2] Channel from cache: '𝐒𝐔𝐑𝐄𝐒𝐇𝐎𝐓 𝐁𝐘 𝐑𝐀𝐌' (bare_id=2893144270) for https://t.me/+5wYXdZfacPwwZTZl
2026-05-18 20:06:08,975 | INFO | VCPlatform | [6444599625_2] VC push update handler registered
2026-05-18 20:06:09,750 | INFO | telegram.ext.Application | Application started
2026-05-18 20:06:12,055 | INFO | VCPlatform | [6444599625_3] Client bot launched: @YTBHAILIVEFC3_BOT
2026-05-18 20:06:12,158 | INFO | VCPlatform | [6444599625_3] Monitor started for https://t.me/+hnGoxIQ1wj83NGVl
2026-05-18 20:06:12,159 | INFO | VCPlatform | [6444599625_3] Channel from cache: '𝐒𝐔𝐑𝐄𝐒𝐇𝐎𝐓 𝐁𝐘 𝐀𝐋𝐄𝐗' (bare_id=2408551846) for https://t.me/+hnGoxIQ1wj83NGVl
2026-05-18 20:06:12,159 | INFO | VCPlatform | [6444599625_3] VC push update handler registered
2026-05-18 20:06:12,926 | INFO | telegram.ext.Application | Application started
2026-05-18 20:06:13,474 | INFO | VCPlatform | [6444599625_3] Live already running in https://t.me/+hnGoxIQ1wj83NGVl on startup — joining...
2026-05-18 20:06:15,527 | INFO | VCPlatform | [6451644278] Client bot launched: @YTBHAILIVEFC4_BOT
2026-05-18 20:06:15,637 | INFO | VCPlatform | [6451644278] Monitor started for https://t.me/+NYnorF2xfkhiYmI1
2026-05-18 20:06:15,638 | INFO | VCPlatform | [6451644278] Channel from cache: '𝙔𝙖𝙖𝙧𝙒𝙞𝙣 𝘼𝙡𝙚𝙭' (bare_id=2167741832) for https://t.me/+NYnorF2xfkhiYmI1
2026-05-18 20:06:15,638 | INFO | VCPlatform | [6451644278] VC push update handler registered
2026-05-18 20:06:16,414 | INFO | telegram.ext.Application | Application started
2026-05-18 20:06:16,926 | INFO | VCPlatform | [6444599625_4] Client bot launched: @YTBHAILIVEFC5_BOT
2026-05-18 20:06:17,829 | INFO | telegram.ext.Application | Application started
2026-05-18 20:06:18,349 | INFO | VCPlatform | [7535601861] Client bot launched: @YTBHAILIVEFC6_BOT
2026-05-18 20:06:19,212 | INFO | VCPlatform | [6444599625_3] NTG: ConnectionState.CONNECTING
2026-05-18 20:06:19,215 | INFO | VCPlatform | [6444599625_3] Joined VC in chat -1002408551846
2026-05-18 20:06:19,216 | INFO | VCPlatform | [6444599625_3] Joined VC on startup in https://t.me/+hnGoxIQ1wj83NGVl
2026-05-18 20:06:19,232 | INFO | telegram.ext.Application | Application started
2026-05-18 20:06:19,611 | INFO | VCPlatform | [6444599625_3] NTG: ConnectionState.CONNECTED
2026-05-18 20:06:20,597 | INFO | VCPlatform | [7535601861_2] Client bot launched: @YTBHAILIVEFC7_BOT
2026-05-18 20:06:20,711 | INFO | VCPlatform | [7535601861_2] Monitor started for https://t.me/+akHf5OY8eHYxZTQ1
2026-05-18 20:06:20,711 | INFO | VCPlatform | [7535601861_2] Channel from cache: '𝙔𝙖𝙖𝙧𝙒𝙞𝙣 𝘼𝙡𝙚𝙭' (bare_id=2176401264) for https://t.me/+akHf5OY8eHYxZTQ1
2026-05-18 20:06:20,712 | INFO | VCPlatform | [7535601861_2] VC push update handler registered
2026-05-18 20:06:21,482 | INFO | telegram.ext.Application | Application started
2026-05-18 20:06:24,081 | INFO | VCPlatform | [8015937475] Client bot launched: @AutoGmail_RoBot
2026-05-18 20:06:24,081 | INFO | VCPlatform | Platform fully running.
2026-05-18 20:06:24,081 | INFO | VCPlatform | [8015937475] Monitor started for https://t.me/+F4IAa6kyKnQ4NjI1
2026-05-18 20:06:24,082 | INFO | VCPlatform | [8015937475] Channel from cache: 'ZAYRO 𝐒𝐔𝐑𝐄𝐒𝐇𝐎𝐓' (bare_id=2459134980) for https://t.me/+F4IAa6kyKnQ4NjI1
2026-05-18 20:06:24,082 | INFO | VCPlatform | [8015937475] VC push update handler registered
2026-05-18 20:06:25,650 | INFO | VCPlatform | [8015937475] Live already running in https://t.me/+F4IAa6kyKnQ4NjI1 on startup — joining...
2026-05-18 20:06:26,741 | INFO | VCPlatform | [8015937475] NTG: ConnectionState.CONNECTING
2026-05-18 20:06:26,746 | INFO | VCPlatform | [8015937475] Joined VC in chat -1002459134980
2026-05-18 20:06:26,747 | INFO | VCPlatform | [8015937475] Joined VC on startup in https://t.me/+F4IAa6kyKnQ4NjI1
2026-05-18 20:06:27,141 | INFO | VCPlatform | [8015937475] NTG: ConnectionState.CONNECTED
2026-05-18 20:07:49,648 | INFO | VCPlatform | [8015937475] Stream restarted via set_stream_sources
2026-05-18 20:09:12,549 | INFO | VCPlatform | [8015937475] Stream restarted via set_stream_sources
2026-05-18 20:10:35,455 | INFO | VCPlatform | [8015937475] Stream restarted via set_stream_sources
2026-05-18 20:11:58,356 | INFO | VCPlatform | [8015937475] Stream restarted via set_stream_sources
2026-05-18 20:12:20,995 | WARNING | VCPlatform | PTB error [KeyError]: 'speech'
2026-05-18 20:12:35,514 | WARNING | VCPlatform | PTB error [KeyError]: 'speech'
2026-05-18 20:13:21,259 | INFO | VCPlatform | [8015937475] Stream restarted via set_stream_sources
2026-05-18 20:14:44,162 | INFO | VCPlatform | [8015937475] Stream restarted via set_stream_sources
2026-05-18 20:16:07,064 | INFO | VCPlatform | [8015937475] Stream restarted via set_stream_sources
2026-05-18 20:16:25,599 | INFO | telegram.ext.Application | Application started
2026-05-18 20:16:25,859 | INFO | VCPlatform | Admin bot started
2026-05-18 20:16:26,726 | INFO | telegram.ext.Application | Application started
2026-05-18 20:16:29,180 | INFO | VCPlatform | [6444599625] Client bot launched: @YTBHAI_LIVE_BOT
2026-05-18 20:16:29,285 | INFO | VCPlatform | [6444599625] Monitor started for https://t.me/+VasrzM1i2TQzYmFl
2026-05-18 20:16:29,285 | INFO | VCPlatform | [6444599625] Channel from cache: '𝐒𝐔𝐑𝐄𝐒𝐇𝐎𝐓 𝐁𝐘 𝐉𝐀𝐂𝐊' (bare_id=2412810294) for https://t.me/+VasrzM1i2TQzYmFl
2026-05-18 20:16:29,286 | INFO | VCPlatform | [6444599625] VC push update handler registered
2026-05-18 20:16:30,043 | INFO | telegram.ext.Application | Application started
2026-05-18 20:16:31,333 | INFO | VCPlatform | [6444599625_2] Client bot launched: @YTBHAILIVEFC2_BOT
2026-05-18 20:16:31,445 | INFO | VCPlatform | [6444599625_2] Monitor started for https://t.me/+5wYXdZfacPwwZTZl
2026-05-18 20:16:31,446 | INFO | VCPlatform | [6444599625_2] Channel from cache: '𝐒𝐔𝐑𝐄𝐒𝐇𝐎𝐓 𝐁𝐘 𝐑𝐀𝐌' (bare_id=2893144270) for https://t.me/+5wYXdZfacPwwZTZl
2026-05-18 20:16:31,446 | INFO | VCPlatform | [6444599625_2] VC push update handler registered
2026-05-18 20:16:32,210 | INFO | telegram.ext.Application | Application started
2026-05-18 20:16:34,506 | INFO | VCPlatform | [6444599625_3] Client bot launched: @YTBHAILIVEFC3_BOT
2026-05-18 20:16:34,613 | INFO | VCPlatform | [6444599625_3] Monitor started for https://t.me/+hnGoxIQ1wj83NGVl
2026-05-18 20:16:34,613 | INFO | VCPlatform | [6444599625_3] Channel from cache: '𝐒𝐔𝐑𝐄𝐒𝐇𝐎𝐓 𝐁𝐘 𝐀𝐋𝐄𝐗' (bare_id=2408551846) for https://t.me/+hnGoxIQ1wj83NGVl
2026-05-18 20:16:34,613 | INFO | VCPlatform | [6444599625_3] VC push update handler registered
2026-05-18 20:16:35,369 | INFO | telegram.ext.Application | Application started
2026-05-18 20:16:36,161 | INFO | VCPlatform | [6444599625_3] Live already running in https://t.me/+hnGoxIQ1wj83NGVl on startup — joining...
2026-05-18 20:16:37,954 | INFO | VCPlatform | [6451644278] Client bot launched: @YTBHAILIVEFC4_BOT
2026-05-18 20:16:38,071 | INFO | VCPlatform | [6451644278] Monitor started for https://t.me/+NYnorF2xfkhiYmI1
2026-05-18 20:16:38,071 | INFO | VCPlatform | [6451644278] Channel from cache: '𝙔𝙖𝙖𝙧𝙒𝙞𝙣 𝘼𝙡𝙚𝙭' (bare_id=2167741832) for https://t.me/+NYnorF2xfkhiYmI1
2026-05-18 20:16:38,072 | INFO | VCPlatform | [6451644278] VC push update handler registered
2026-05-18 20:16:38,837 | INFO | telegram.ext.Application | Application started
2026-05-18 20:16:39,356 | INFO | VCPlatform | [6444599625_4] Client bot launched: @YTBHAILIVEFC5_BOT
2026-05-18 20:16:40,232 | INFO | telegram.ext.Application | Application started
2026-05-18 20:16:40,732 | INFO | VCPlatform | [7535601861] Client bot launched: @YTBHAILIVEFC6_BOT
2026-05-18 20:16:41,611 | INFO | telegram.ext.Application | Application started
2026-05-18 20:16:42,906 | INFO | VCPlatform | [7535601861_2] Client bot launched: @YTBHAILIVEFC7_BOT
2026-05-18 20:16:43,019 | INFO | VCPlatform | [7535601861_2] Monitor started for https://t.me/+akHf5OY8eHYxZTQ1
2026-05-18 20:16:43,019 | INFO | VCPlatform | [7535601861_2] Channel from cache: '𝙔𝙖𝙖𝙧𝙒𝙞𝙣 𝘼𝙡𝙚𝙭' (bare_id=2176401264) for https://t.me/+akHf5OY8eHYxZTQ1
2026-05-18 20:16:43,020 | INFO | VCPlatform | [7535601861_2] VC push update handler registered
2026-05-18 20:16:43,769 | INFO | telegram.ext.Application | Application started
2026-05-18 20:16:46,028 | INFO | VCPlatform | [8015937475] Client bot launched: @AutoGmail_RoBot
2026-05-18 20:16:46,028 | INFO | VCPlatform | Platform fully running.
2026-05-18 20:16:46,028 | INFO | VCPlatform | [8015937475] Monitor started for https://t.me/+F4IAa6kyKnQ4NjI1
2026-05-18 20:16:46,028 | INFO | VCPlatform | [8015937475] Channel from cache: 'ZAYRO 𝐒𝐔𝐑𝐄𝐒𝐇𝐎𝐓' (bare_id=2459134980) for https://t.me/+F4IAa6kyKnQ4NjI1
2026-05-18 20:16:46,029 | INFO | VCPlatform | [8015937475] VC push update handler registered
2026-05-18 20:16:47,363 | INFO | VCPlatform | [8015937475] Live already running in https://t.me/+F4IAa6kyKnQ4NjI1 on startup — joining...
2026-05-18 20:16:48,300 | INFO | VCPlatform | [8015937475] NTG: ConnectionState.CONNECTING
2026-05-18 20:16:48,301 | INFO | VCPlatform | [8015937475] Joined VC in chat -1002459134980
2026-05-18 20:16:48,302 | INFO | VCPlatform | [8015937475] Joined VC on startup in https://t.me/+F4IAa6kyKnQ4NjI1
2026-05-18 20:16:48,692 | INFO | VCPlatform | [8015937475] NTG: ConnectionState.CONNECTED
2026-05-18 20:16:49,324 | INFO | VCPlatform | [6444599625_3] NTG: ConnectionState.CONNECTING
2026-05-18 20:16:49,326 | INFO | VCPlatform | [6444599625_3] Joined VC in chat -1002408551846
2026-05-18 20:16:49,326 | INFO | VCPlatform | [6444599625_3] Joined VC on startup in https://t.me/+hnGoxIQ1wj83NGVl
2026-05-18 20:16:59,328 | INFO | VCPlatform | [6444599625_3] NTG: ConnectionState.TIMEOUT
2026-05-18 20:18:11,247 | INFO | VCPlatform | [8015937475] Stream restarted via set_stream_sources
2026-05-18 20:19:34,149 | INFO | VCPlatform | [8015937475] Stream restarted via set_stream_sources
2026-05-18 20:20:11,241 | INFO | VCPlatform | [6444599625_3] Monitor stopped for https://t.me/+hnGoxIQ1wj83NGVl
2026-05-18 20:20:11,242 | INFO | VCPlatform | [6444599625_3] Monitors restarted: 1 running for 1 channels
2026-05-18 20:20:11,245 | INFO | VCPlatform | [6444599625_3] Monitor started for https://t.me/+hnGoxIQ1wj83NGVl
2026-05-18 20:20:11,247 | INFO | VCPlatform | [6444599625_3] Channel from cache: '𝐒𝐔𝐑𝐄𝐒𝐇𝐎𝐓 𝐁𝐘 𝐀𝐋𝐄𝐗' (bare_id=2408551846) for https://t.me/+hnGoxIQ1wj83NGVl
2026-05-18 20:20:11,248 | INFO | VCPlatform | [6444599625_3] VC push update handler registered
2026-05-18 20:20:56,195 | INFO | VCPlatform | [6444599625_3] VC ENDED (push update) in https://t.me/+hnGoxIQ1wj83NGVl
2026-05-18 20:20:57,053 | INFO | VCPlatform | [8015937475] Stream restarted via set_stream_sources
2026-05-18 20:22:19,957 | INFO | VCPlatform | [8015937475] Stream restarted via set_stream_sources
2026-05-18 20:23:42,861 | INFO | VCPlatform | [8015937475] Stream restarted via set_stream_sources
2026-05-18 20:25:05,762 | INFO | VCPlatform | [8015937475] Stream restarted via set_stream_sources
2026-05-18 20:26:28,666 | INFO | VCPlatform | [8015937475] Stream restarted via set_stream_sources
2026-05-18 20:27:51,568 | INFO | VCPlatform | [8015937475] Stream restarted via set_stream_sources
2026-05-18 20:29:14,471 | INFO | VCPlatform | [8015937475] Stream restarted via set_stream_sources
2026-05-18 20:30:37,375 | INFO | VCPlatform | [8015937475] Stream restarted via set_stream_sources
2026-05-18 20:32:00,278 | INFO | VCPlatform | [8015937475] Stream restarted via set_stream_sources
2026-05-18 20:33:23,180 | INFO | VCPlatform | [8015937475] Stream restarted via set_stream_sources
2026-05-18 20:34:46,083 | INFO | VCPlatform | [8015937475] Stream restarted via set_stream_sources
2026-05-18 20:36:08,984 | INFO | VCPlatform | [8015937475] Stream restarted via set_stream_sources
2026-05-18 20:37:31,888 | INFO | VCPlatform | [8015937475] Stream restarted via set_stream_sources
2026-05-18 20:38:54,790 | INFO | VCPlatform | [8015937475] Stream restarted via set_stream_sources
2026-05-18 20:40:17,693 | INFO | VCPlatform | [8015937475] Stream restarted via set_stream_sources
2026-05-18 20:41:40,595 | INFO | VCPlatform | [8015937475] Stream restarted via set_stream_sources
2026-05-18 20:43:03,498 | INFO | VCPlatform | [8015937475] Stream restarted via set_stream_sources
2026-05-18 20:44:26,400 | INFO | VCPlatform | [8015937475] Stream restarted via set_stream_sources
2026-05-18 20:45:49,304 | INFO | VCPlatform | [8015937475] Stream restarted via set_stream_sources
2026-05-18 20:47:12,205 | INFO | VCPlatform | [8015937475] Stream restarted via set_stream_sources
2026-05-18 20:48:35,108 | INFO | VCPlatform | [8015937475] Stream restarted via set_stream_sources
2026-05-18 20:49:58,012 | INFO | VCPlatform | [8015937475] Stream restarted via set_stream_sources
2026-05-18 20:51:20,911 | INFO | VCPlatform | [8015937475] Stream restarted via set_stream_sources
2026-05-18 20:52:43,814 | INFO | VCPlatform | [8015937475] Stream restarted via set_stream_sources
2026-05-18 20:54:06,717 | INFO | VCPlatform | [8015937475] Stream restarted via set_stream_sources
2026-05-18 20:55:29,619 | INFO | VCPlatform | [8015937475] Stream restarted via set_stream_sources
2026-05-18 20:56:52,523 | INFO | VCPlatform | [8015937475] Stream restarted via set_stream_sources
2026-05-18 20:58:15,426 | INFO | VCPlatform | [8015937475] Stream restarted via set_stream_sources
2026-05-18 20:59:38,328 | INFO | VCPlatform | [8015937475] Stream restarted via set_stream_sources
2026-05-18 21:01:01,233 | INFO | VCPlatform | [8015937475] Stream restarted via set_stream_sources
2026-05-18 21:02:24,137 | INFO | VCPlatform | [8015937475] Stream restarted via set_stream_sources
2026-05-18 21:03:47,039 | INFO | VCPlatform | [8015937475] Stream restarted via set_stream_sources
2026-05-18 21:05:09,942 | INFO | VCPlatform | [8015937475] Stream restarted via set_stream_sources
2026-05-18 21:06:32,843 | INFO | VCPlatform | [8015937475] Stream restarted via set_stream_sources
2026-05-18 21:07:55,747 | INFO | VCPlatform | [8015937475] Stream restarted via set_stream_sources
2026-05-18 21:09:18,650 | INFO | VCPlatform | [8015937475] Stream restarted via set_stream_sources
2026-05-18 21:10:41,554 | INFO | VCPlatform | [8015937475] Stream restarted via set_stream_sources
2026-05-18 21:12:04,458 | INFO | VCPlatform | [8015937475] Stream restarted via set_stream_sources
2026-05-18 21:13:27,361 | INFO | VCPlatform | [8015937475] Stream restarted via set_stream_sources
2026-05-18 21:14:50,265 | INFO | VCPlatform | [8015937475] Stream restarted via set_stream_sources
2026-05-18 21:16:13,168 | INFO | VCPlatform | [8015937475] Stream restarted via set_stream_sources
2026-05-18 21:17:36,071 | INFO | VCPlatform | [8015937475] Stream restarted via set_stream_sources
2026-05-18 21:18:58,973 | INFO | VCPlatform | [8015937475] Stream restarted via set_stream_sources
2026-05-18 21:20:21,876 | INFO | VCPlatform | [8015937475] Stream restarted via set_stream_sources
2026-05-18 21:21:44,777 | INFO | VCPlatform | [8015937475] Stream restarted via set_stream_sources
2026-05-18 21:23:07,682 | INFO | VCPlatform | [8015937475] Stream restarted via set_stream_sources
2026-05-18 21:24:30,583 | INFO | VCPlatform | [8015937475] Stream restarted via set_stream_sources
2026-05-18 21:25:53,486 | INFO | VCPlatform | [8015937475] Stream restarted via set_stream_sources
2026-05-18 21:27:16,388 | INFO | VCPlatform | [8015937475] Stream restarted via set_stream_sources
2026-05-18 21:28:39,291 | INFO | VCPlatform | [8015937475] Stream restarted via set_stream_sources
2026-05-18 21:30:02,202 | INFO | VCPlatform | [8015937475] Stream restarted via set_stream_sources
2026-05-18 21:31:25,105 | INFO | VCPlatform | [8015937475] Stream restarted via set_stream_sources
2026-05-18 21:32:48,008 | INFO | VCPlatform | [8015937475] Stream restarted via set_stream_sources
2026-05-18 21:34:10,910 | INFO | VCPlatform | [8015937475] Stream restarted via set_stream_sources
2026-05-18 21:35:33,813 | INFO | VCPlatform | [8015937475] Stream restarted via set_stream_sources
2026-05-18 21:36:56,715 | INFO | VCPlatform | [8015937475] Stream restarted via set_stream_sources
2026-05-18 21:38:19,617 | INFO | VCPlatform | [8015937475] Stream restarted via set_stream_sources
2026-05-18 21:39:42,519 | INFO | VCPlatform | [8015937475] Stream restarted via set_stream_sources
2026-05-18 21:41:05,422 | INFO | VCPlatform | [8015937475] Stream restarted via set_stream_sources
2026-05-18 21:42:28,325 | INFO | VCPlatform | [8015937475] Stream restarted via set_stream_sources
2026-05-18 21:43:51,228 | INFO | VCPlatform | [8015937475] Stream restarted via set_stream_sources
2026-05-18 21:45:14,131 | INFO | VCPlatform | [8015937475] Stream restarted via set_stream_sources
2026-05-18 21:46:37,043 | INFO | VCPlatform | [8015937475] Stream restarted via set_stream_sources
2026-05-18 21:47:59,945 | INFO | VCPlatform | [8015937475] Stream restarted via set_stream_sources
2026-05-18 21:49:22,848 | INFO | VCPlatform | [8015937475] Stream restarted via set_stream_sources
2026-05-18 21:50:45,749 | INFO | VCPlatform | [8015937475] Stream restarted via set_stream_sources
2026-05-18 21:52:08,652 | INFO | VCPlatform | [8015937475] Stream restarted via set_stream_sources
2026-05-18 21:53:31,554 | INFO | VCPlatform | [8015937475] Stream restarted via set_stream_sources
2026-05-18 21:54:54,457 | INFO | VCPlatform | [8015937475] Stream restarted via set_stream_sources
2026-05-18 21:56:17,360 | INFO | VCPlatform | [8015937475] Stream restarted via set_stream_sources
2026-05-18 21:57:40,263 | INFO | VCPlatform | [8015937475] Stream restarted via set_stream_sources
2026-05-18 21:59:03,165 | INFO | VCPlatform | [8015937475] Stream restarted via set_stream_sources
2026-05-18 22:00:26,069 | INFO | VCPlatform | [8015937475] Stream restarted via set_stream_sources
2026-05-18 22:01:48,971 | INFO | VCPlatform | [8015937475] Stream restarted via set_stream_sources
2026-05-18 22:03:11,874 | INFO | VCPlatform | [8015937475] Stream restarted via set_stream_sources
2026-05-18 22:04:34,776 | INFO | VCPlatform | [8015937475] Stream restarted via set_stream_sources
2026-05-18 22:05:57,677 | INFO | VCPlatform | [8015937475] Stream restarted via set_stream_sources
2026-05-18 22:07:20,580 | INFO | VCPlatform | [8015937475] Stream restarted via set_stream_sources
2026-05-18 22:08:43,483 | INFO | VCPlatform | [8015937475] Stream restarted via set_stream_sources
2026-05-18 22:10:06,387 | INFO | VCPlatform | [8015937475] Stream restarted via set_stream_sources
2026-05-18 22:11:29,291 | INFO | VCPlatform | [8015937475] Stream restarted via set_stream_sources
2026-05-18 22:12:52,192 | INFO | VCPlatform | [8015937475] Stream restarted via set_stream_sources
2026-05-18 22:14:15,096 | INFO | VCPlatform | [8015937475] Stream restarted via set_stream_sources
2026-05-18 22:15:37,999 | INFO | VCPlatform | [8015937475] Stream restarted via set_stream_sources
2026-05-18 22:17:00,902 | INFO | VCPlatform | [8015937475] Stream restarted via set_stream_sources
2026-05-18 22:18:23,803 | INFO | VCPlatform | [8015937475] Stream restarted via set_stream_sources
2026-05-18 22:19:46,705 | INFO | VCPlatform | [8015937475] Stream restarted via set_stream_sources
2026-05-18 22:21:09,608 | INFO | VCPlatform | [8015937475] Stream restarted via set_stream_sources
2026-05-18 22:22:32,509 | INFO | VCPlatform | [8015937475] Stream restarted via set_stream_sources
2026-05-18 22:23:55,411 | INFO | VCPlatform | [8015937475] Stream restarted via set_stream_sources
2026-05-18 22:25:18,314 | INFO | VCPlatform | [8015937475] Stream restarted via set_stream_sources
2026-05-18 22:26:41,217 | INFO | VCPlatform | [8015937475] Stream restarted via set_stream_sources
2026-05-18 22:28:04,122 | INFO | VCPlatform | [8015937475] Stream restarted via set_stream_sources
2026-05-18 22:29:27,024 | INFO | VCPlatform | [8015937475] Stream restarted via set_stream_sources
2026-05-18 22:30:49,930 | INFO | VCPlatform | [8015937475] Stream restarted via set_stream_sources
2026-05-18 22:32:12,829 | INFO | VCPlatform | [8015937475] Stream restarted via set_stream_sources
2026-05-18 22:33:35,732 | INFO | VCPlatform | [8015937475] Stream restarted via set_stream_sources
2026-05-18 22:34:58,634 | INFO | VCPlatform | [8015937475] Stream restarted via set_stream_sources
2026-05-18 22:36:21,542 | INFO | VCPlatform | [8015937475] Stream restarted via set_stream_sources
2026-05-18 22:37:44,443 | INFO | VCPlatform | [8015937475] Stream restarted via set_stream_sources
2026-05-18 22:39:07,355 | INFO | VCPlatform | [8015937475] Stream restarted via set_stream_sources
2026-05-18 22:40:30,259 | INFO | VCPlatform | [8015937475] Stream restarted via set_stream_sources
2026-05-18 22:41:53,161 | INFO | VCPlatform | [8015937475] Stream restarted via set_stream_sources
2026-05-18 22:43:16,066 | INFO | VCPlatform | [8015937475] Stream restarted via set_stream_sources
2026-05-18 22:44:38,967 | INFO | VCPlatform | [8015937475] Stream restarted via set_stream_sources
2026-05-18 22:46:01,881 | INFO | VCPlatform | [8015937475] Stream restarted via set_stream_sources
2026-05-18 22:47:24,778 | INFO | VCPlatform | [8015937475] Stream restarted via set_stream_sources
2026-05-18 22:48:47,681 | INFO | VCPlatform | [8015937475] Stream restarted via set_stream_sources
2026-05-18 22:50:10,583 | INFO | VCPlatform | [8015937475] Stream restarted via set_stream_sources
2026-05-18 22:51:33,487 | INFO | VCPlatform | [8015937475] Stream restarted via set_stream_sources
2026-05-18 22:52:56,390 | INFO | VCPlatform | [8015937475] Stream restarted via set_stream_sources
2026-05-18 22:54:19,291 | INFO | VCPlatform | [8015937475] Stream restarted via set_stream_sources
2026-05-18 22:55:42,195 | INFO | VCPlatform | [8015937475] Stream restarted via set_stream_sources
2026-05-18 22:57:05,098 | INFO | VCPlatform | [8015937475] Stream restarted via set_stream_sources
2026-05-18 22:58:28,001 | INFO | VCPlatform | [8015937475] Stream restarted via set_stream_sources
2026-05-18 22:59:50,903 | INFO | VCPlatform | [8015937475] Stream restarted via set_stream_sources
2026-05-18 23:01:13,806 | INFO | VCPlatform | [8015937475] Stream restarted via set_stream_sources
2026-05-18 23:02:36,709 | INFO | VCPlatform | [8015937475] Stream restarted via set_stream_sources
2026-05-18 23:03:59,611 | INFO | VCPlatform | [8015937475] Stream restarted via set_stream_sources
2026-05-18 23:05:22,515 | INFO | VCPlatform | [8015937475] Stream restarted via set_stream_sources
2026-05-18 23:06:45,416 | INFO | VCPlatform | [8015937475] Stream restarted via set_stream_sources
2026-05-18 23:08:08,318 | INFO | VCPlatform | [8015937475] Stream restarted via set_stream_sources
2026-05-18 23:09:31,221 | INFO | VCPlatform | [8015937475] Stream restarted via set_stream_sources
2026-05-18 23:10:54,125 | INFO | VCPlatform | [8015937475] Stream restarted via set_stream_sources
2026-05-18 23:12:17,026 | INFO | VCPlatform | [8015937475] Stream restarted via set_stream_sources
2026-05-18 23:13:39,930 | INFO | VCPlatform | [8015937475] Stream restarted via set_stream_sources
2026-05-18 23:15:02,851 | INFO | VCPlatform | [8015937475] Stream restarted via set_stream_sources
2026-05-18 23:16:25,754 | INFO | VCPlatform | [8015937475] Stream restarted via set_stream_sources
2026-05-18 23:17:48,658 | INFO | VCPlatform | [8015937475] Stream restarted via set_stream_sources
2026-05-18 23:19:11,560 | INFO | VCPlatform | [8015937475] Stream restarted via set_stream_sources
2026-05-18 23:20:34,464 | INFO | VCPlatform | [8015937475] Stream restarted via set_stream_sources
2026-05-18 23:21:57,366 | INFO | VCPlatform | [8015937475] Stream restarted via set_stream_sources
2026-05-18 23:23:20,267 | INFO | VCPlatform | [8015937475] Stream restarted via set_stream_sources
2026-05-18 23:24:43,170 | INFO | VCPlatform | [8015937475] Stream restarted via set_stream_sources
2026-05-18 23:26:06,072 | INFO | VCPlatform | [8015937475] Stream restarted via set_stream_sources
2026-05-18 23:27:28,976 | INFO | VCPlatform | [8015937475] Stream restarted via set_stream_sources
2026-05-18 23:28:51,877 | INFO | VCPlatform | [8015937475] Stream restarted via set_stream_sources
2026-05-18 23:30:14,781 | INFO | VCPlatform | [8015937475] Stream restarted via set_stream_sources
2026-05-18 23:31:37,682 | INFO | VCPlatform | [8015937475] Stream restarted via set_stream_sources
2026-05-18 23:33:00,589 | INFO | VCPlatform | [8015937475] Stream restarted via set_stream_sources
2026-05-18 23:34:23,489 | INFO | VCPlatform | [8015937475] Stream restarted via set_stream_sources
2026-05-18 23:35:46,392 | INFO | VCPlatform | [8015937475] Stream restarted via set_stream_sources
2026-05-18 23:37:09,294 | INFO | VCPlatform | [8015937475] Stream restarted via set_stream_sources
2026-05-18 23:38:32,196 | INFO | VCPlatform | [8015937475] Stream restarted via set_stream_sources
2026-05-18 23:39:55,098 | INFO | VCPlatform | [8015937475] Stream restarted via set_stream_sources
2026-05-18 23:41:18,000 | INFO | VCPlatform | [8015937475] Stream restarted via set_stream_sources
2026-05-18 23:42:40,903 | INFO | VCPlatform | [8015937475] Stream restarted via set_stream_sources
2026-05-18 23:44:03,805 | INFO | VCPlatform | [8015937475] Stream restarted via set_stream_sources
2026-05-18 23:45:26,707 | INFO | VCPlatform | [8015937475] Stream restarted via set_stream_sources
2026-05-18 23:46:49,610 | INFO | VCPlatform | [8015937475] Stream restarted via set_stream_sources
2026-05-18 23:48:12,511 | INFO | VCPlatform | [8015937475] Stream restarted via set_stream_sources
2026-05-18 23:49:35,413 | INFO | VCPlatform | [8015937475] Stream restarted via set_stream_sources
2026-05-18 23:50:58,315 | INFO | VCPlatform | [8015937475] Stream restarted via set_stream_sources
2026-05-18 23:52:21,218 | INFO | VCPlatform | [8015937475] Stream restarted via set_stream_sources
2026-05-18 23:53:44,119 | INFO | VCPlatform | [8015937475] Stream restarted via set_stream_sources
2026-05-18 23:55:07,020 | INFO | VCPlatform | [8015937475] Stream restarted via set_stream_sources
2026-05-18 23:56:29,923 | INFO | VCPlatform | [8015937475] Stream restarted via set_stream_sources
2026-05-18 23:57:52,826 | INFO | VCPlatform | [8015937475] Stream restarted via set_stream_sources
2026-05-18 23:59:15,728 | INFO | VCPlatform | [8015937475] Stream restarted via set_stream_sources
2026-05-19 00:00:38,631 | INFO | VCPlatform | [8015937475] Stream restarted via set_stream_sources
2026-05-19 00:02:01,534 | INFO | VCPlatform | [8015937475] Stream restarted via set_stream_sources
2026-05-19 00:03:24,436 | INFO | VCPlatform | [8015937475] Stream restarted via set_stream_sources
2026-05-19 00:04:47,339 | INFO | VCPlatform | [8015937475] Stream restarted via set_stream_sources
2026-05-19 00:06:10,241 | INFO | VCPlatform | [8015937475] Stream restarted via set_stream_sources
2026-05-19 00:07:33,144 | INFO | VCPlatform | [8015937475] Stream restarted via set_stream_sources
2026-05-19 00:08:56,047 | INFO | VCPlatform | [8015937475] Stream restarted via set_stream_sources
2026-05-19 00:10:18,948 | INFO | VCPlatform | [8015937475] Stream restarted via set_stream_sources
2026-05-19 00:11:41,852 | INFO | VCPlatform | [8015937475] Stream restarted via set_stream_sources
2026-05-19 00:13:04,754 | INFO | VCPlatform | [8015937475] Stream restarted via set_stream_sources
2026-05-19 00:14:27,657 | INFO | VCPlatform | [8015937475] Stream restarted via set_stream_sources
2026-05-19 00:15:50,562 | INFO | VCPlatform | [8015937475] Stream restarted via set_stream_sources
2026-05-19 00:17:13,465 | INFO | VCPlatform | [8015937475] Stream restarted via set_stream_sources
2026-05-19 00:18:36,367 | INFO | VCPlatform | [8015937475] Stream restarted via set_stream_sources
2026-05-19 00:19:59,272 | INFO | VCPlatform | [8015937475] Stream restarted via set_stream_sources
2026-05-19 00:21:22,172 | INFO | VCPlatform | [8015937475] Stream restarted via set_stream_sources
2026-05-19 00:22:45,075 | INFO | VCPlatform | [8015937475] Stream restarted via set_stream_sources
2026-05-19 00:24:07,979 | INFO | VCPlatform | [8015937475] Stream restarted via set_stream_sources
2026-05-19 00:25:30,882 | INFO | VCPlatform | [8015937475] Stream restarted via set_stream_sources
2026-05-19 00:26:53,784 | INFO | VCPlatform | [8015937475] Stream restarted via set_stream_sources
2026-05-19 00:28:16,686 | INFO | VCPlatform | [8015937475] Stream restarted via set_stream_sources
2026-05-19 00:29:39,588 | INFO | VCPlatform | [8015937475] Stream restarted via set_stream_sources
2026-05-19 00:31:02,493 | INFO | VCPlatform | [8015937475] Stream restarted via set_stream_sources
2026-05-19 00:32:25,394 | INFO | VCPlatform | [8015937475] Stream restarted via set_stream_sources
2026-05-19 00:33:48,298 | INFO | VCPlatform | [8015937475] Stream restarted via set_stream_sources
2026-05-19 00:35:11,199 | INFO | VCPlatform | [8015937475] Stream restarted via set_stream_sources
2026-05-19 00:36:34,101 | INFO | VCPlatform | [8015937475] Stream restarted via set_stream_sources
2026-05-19 00:37:57,007 | INFO | VCPlatform | [8015937475] Stream restarted via set_stream_sources
2026-05-19 00:39:19,910 | INFO | VCPlatform | [8015937475] Stream restarted via set_stream_sources
2026-05-19 00:40:42,814 | INFO | VCPlatform | [8015937475] Stream restarted via set_stream_sources
2026-05-19 00:42:05,717 | INFO | VCPlatform | [8015937475] Stream restarted via set_stream_sources
2026-05-19 00:43:28,619 | INFO | VCPlatform | [8015937475] Stream restarted via set_stream_sources
2026-05-19 00:44:51,523 | INFO | VCPlatform | [8015937475] Stream restarted via set_stream_sources
2026-05-19 00:46:14,425 | INFO | VCPlatform | [8015937475] Stream restarted via set_stream_sources
2026-05-19 00:47:37,329 | INFO | VCPlatform | [8015937475] Stream restarted via set_stream_sources
2026-05-19 00:49:00,231 | INFO | VCPlatform | [8015937475] Stream restarted via set_stream_sources
2026-05-19 00:50:23,134 | INFO | VCPlatform | [8015937475] Stream restarted via set_stream_sources
2026-05-19 00:51:46,037 | INFO | VCPlatform | [8015937475] Stream restarted via set_stream_sources
2026-05-19 00:53:08,942 | INFO | VCPlatform | [8015937475] Stream restarted via set_stream_sources
2026-05-19 00:54:31,842 | INFO | VCPlatform | [8015937475] Stream restarted via set_stream_sources
2026-05-19 00:55:54,745 | INFO | VCPlatform | [8015937475] Stream restarted via set_stream_sources
2026-05-19 00:57:17,647 | INFO | VCPlatform | [8015937475] Stream restarted via set_stream_sources
2026-05-19 00:58:40,549 | INFO | VCPlatform | [8015937475] Stream restarted via set_stream_sources
2026-05-19 01:00:03,492 | INFO | VCPlatform | [8015937475] Stream restarted via set_stream_sources
2026-05-19 01:01:26,395 | INFO | VCPlatform | [8015937475] Stream restarted via set_stream_sources
2026-05-19 01:02:49,297 | INFO | VCPlatform | [8015937475] Stream restarted via set_stream_sources
2026-05-19 01:04:12,200 | INFO | VCPlatform | [8015937475] Stream restarted via set_stream_sources
2026-05-19 01:05:35,102 | INFO | VCPlatform | [8015937475] Stream restarted via set_stream_sources
2026-05-19 01:06:58,005 | INFO | VCPlatform | [8015937475] Stream restarted via set_stream_sources
2026-05-19 01:08:20,907 | INFO | VCPlatform | [8015937475] Stream restarted via set_stream_sources
2026-05-19 01:09:43,810 | INFO | VCPlatform | [8015937475] Stream restarted via set_stream_sources
2026-05-19 01:11:06,711 | INFO | VCPlatform | [8015937475] Stream restarted via set_stream_sources
2026-05-19 01:12:29,613 | INFO | VCPlatform | [8015937475] Stream restarted via set_stream_sources
2026-05-19 01:13:52,516 | INFO | VCPlatform | [8015937475] Stream restarted via set_stream_sources
2026-05-19 01:15:15,419 | INFO | VCPlatform | [8015937475] Stream restarted via set_stream_sources
2026-05-19 01:16:38,321 | INFO | VCPlatform | [8015937475] Stream restarted via set_stream_sources
2026-05-19 01:18:01,225 | INFO | VCPlatform | [8015937475] Stream restarted via set_stream_sources
2026-05-19 01:19:24,127 | INFO | VCPlatform | [8015937475] Stream restarted via set_stream_sources
2026-05-19 01:20:47,031 | INFO | VCPlatform | [8015937475] Stream restarted via set_stream_sources
2026-05-19 01:22:09,932 | INFO | VCPlatform | [8015937475] Stream restarted via set_stream_sources
2026-05-19 01:23:32,836 | INFO | VCPlatform | [8015937475] Stream restarted via set_stream_sources
2026-05-19 01:24:55,739 | INFO | VCPlatform | [8015937475] Stream restarted via set_stream_sources
2026-05-19 01:26:18,642 | INFO | VCPlatform | [8015937475] Stream restarted via set_stream_sources
2026-05-19 01:27:41,545 | INFO | VCPlatform | [8015937475] Stream restarted via set_stream_sources
2026-05-19 01:29:04,448 | INFO | VCPlatform | [8015937475] Stream restarted via set_stream_sources
2026-05-19 01:30:27,351 | INFO | VCPlatform | [8015937475] Stream restarted via set_stream_sources
2026-05-19 01:31:50,255 | INFO | VCPlatform | [8015937475] Stream restarted via set_stream_sources
2026-05-19 01:33:13,156 | INFO | VCPlatform | [8015937475] Stream restarted via set_stream_sources
2026-05-19 01:34:36,058 | INFO | VCPlatform | [8015937475] Stream restarted via set_stream_sources
2026-05-19 01:35:58,961 | INFO | VCPlatform | [8015937475] Stream restarted via set_stream_sources
2026-05-19 01:37:21,863 | INFO | VCPlatform | [8015937475] Stream restarted via set_stream_sources
2026-05-19 01:38:44,765 | INFO | VCPlatform | [8015937475] Stream restarted via set_stream_sources
2026-05-19 01:40:07,668 | INFO | VCPlatform | [8015937475] Stream restarted via set_stream_sources
2026-05-19 01:41:30,571 | INFO | VCPlatform | [8015937475] Stream restarted via set_stream_sources
2026-05-19 01:42:53,472 | INFO | VCPlatform | [8015937475] Stream restarted via set_stream_sources
2026-05-19 01:44:16,374 | INFO | VCPlatform | [8015937475] Stream restarted via set_stream_sources
2026-05-19 01:45:39,277 | INFO | VCPlatform | [8015937475] Stream restarted via set_stream_sources
2026-05-19 01:47:02,187 | INFO | VCPlatform | [8015937475] Stream restarted via set_stream_sources
2026-05-19 01:48:25,090 | INFO | VCPlatform | [8015937475] Stream restarted via set_stream_sources
2026-05-19 01:49:47,992 | INFO | VCPlatform | [8015937475] Stream restarted via set_stream_sources
2026-05-19 01:51:10,899 | INFO | VCPlatform | [8015937475] Stream restarted via set_stream_sources
2026-05-19 01:52:33,799 | INFO | VCPlatform | [8015937475] Stream restarted via set_stream_sources
2026-05-19 01:53:56,704 | INFO | VCPlatform | [8015937475] Stream restarted via set_stream_sources
2026-05-19 01:55:19,605 | INFO | VCPlatform | [8015937475] Stream restarted via set_stream_sources
2026-05-19 01:56:42,508 | INFO | VCPlatform | [8015937475] Stream restarted via set_stream_sources
2026-05-19 01:58:04,416 | INFO | VCPlatform | [7535601861_2] VC STARTED (push update) in https://t.me/+akHf5OY8eHYxZTQ1 — joining immediately...
2026-05-19 01:58:05,411 | INFO | VCPlatform | [8015937475] Stream restarted via set_stream_sources
2026-05-19 01:58:10,269 | INFO | VCPlatform | [7535601861_2] NTG: ConnectionState.CONNECTING
2026-05-19 01:58:10,270 | INFO | VCPlatform | [7535601861_2] Joined VC in chat -1002176401264
2026-05-19 01:58:10,271 | INFO | VCPlatform | [7535601861_2] Joined VC via push update in https://t.me/+akHf5OY8eHYxZTQ1
2026-05-19 01:58:10,667 | INFO | VCPlatform | [7535601861_2] NTG: ConnectionState.CONNECTED
2026-05-19 01:59:28,313 | INFO | VCPlatform | [8015937475] Stream restarted via set_stream_sources
2026-05-19 02:00:51,217 | INFO | VCPlatform | [8015937475] Stream restarted via set_stream_sources
2026-05-19 02:02:14,118 | INFO | VCPlatform | [8015937475] Stream restarted via set_stream_sources
2026-05-19 02:03:37,022 | INFO | VCPlatform | [8015937475] Stream restarted via set_stream_sources
2026-05-19 02:04:59,924 | INFO | VCPlatform | [8015937475] Stream restarted via set_stream_sources
2026-05-19 02:06:22,826 | INFO | VCPlatform | [8015937475] Stream restarted via set_stream_sources
2026-05-19 02:07:45,728 | INFO | VCPlatform | [8015937475] Stream restarted via set_stream_sources
2026-05-19 02:09:08,630 | INFO | VCPlatform | [8015937475] Stream restarted via set_stream_sources
2026-05-19 02:10:31,532 | INFO | VCPlatform | [8015937475] Stream restarted via set_stream_sources
2026-05-19 02:11:54,435 | INFO | VCPlatform | [8015937475] Stream restarted via set_stream_sources
2026-05-19 02:13:17,336 | INFO | VCPlatform | [8015937475] Stream restarted via set_stream_sources
2026-05-19 02:14:40,240 | INFO | VCPlatform | [8015937475] Stream restarted via set_stream_sources
2026-05-19 02:16:03,141 | INFO | VCPlatform | [8015937475] Stream restarted via set_stream_sources
2026-05-19 02:17:26,043 | INFO | VCPlatform | [8015937475] Stream restarted via set_stream_sources
2026-05-19 02:18:48,945 | INFO | VCPlatform | [8015937475] Stream restarted via set_stream_sources
2026-05-19 02:20:11,849 | INFO | VCPlatform | [8015937475] Stream restarted via set_stream_sources
2026-05-19 02:21:34,750 | INFO | VCPlatform | [8015937475] Stream restarted via set_stream_sources
2026-05-19 02:22:57,653 | INFO | VCPlatform | [8015937475] Stream restarted via set_stream_sources
2026-05-19 02:24:20,557 | INFO | VCPlatform | [8015937475] Stream restarted via set_stream_sources
2026-05-19 02:25:43,459 | INFO | VCPlatform | [8015937475] Stream restarted via set_stream_sources
2026-05-19 02:27:06,361 | INFO | VCPlatform | [8015937475] Stream restarted via set_stream_sources
2026-05-19 02:28:29,263 | INFO | VCPlatform | [8015937475] Stream restarted via set_stream_sources
2026-05-19 02:28:48,474 | INFO | VCPlatform | [7535601861_2] Stream restarted via set_stream_sources
2026-05-19 02:29:52,166 | INFO | VCPlatform | [8015937475] Stream restarted via set_stream_sources
2026-05-19 02:31:15,070 | INFO | VCPlatform | [8015937475] Stream restarted via set_stream_sources
2026-05-19 02:32:37,970 | INFO | VCPlatform | [8015937475] Stream restarted via set_stream_sources
2026-05-19 02:34:00,874 | INFO | VCPlatform | [8015937475] Stream restarted via set_stream_sources
2026-05-19 02:35:23,775 | INFO | VCPlatform | [8015937475] Stream restarted via set_stream_sources
2026-05-19 02:36:46,677 | INFO | VCPlatform | [8015937475] Stream restarted via set_stream_sources
2026-05-19 02:38:09,579 | INFO | VCPlatform | [8015937475] Stream restarted via set_stream_sources
2026-05-19 02:39:32,483 | INFO | VCPlatform | [8015937475] Stream restarted via set_stream_sources
2026-05-19 02:40:55,385 | INFO | VCPlatform | [8015937475] Stream restarted via set_stream_sources
2026-05-19 02:42:18,287 | INFO | VCPlatform | [8015937475] Stream restarted via set_stream_sources
2026-05-19 02:43:41,189 | INFO | VCPlatform | [8015937475] Stream restarted via set_stream_sources
2026-05-19 02:45:04,091 | INFO | VCPlatform | [8015937475] Stream restarted via set_stream_sources
2026-05-19 02:46:26,994 | INFO | VCPlatform | [8015937475] Stream restarted via set_stream_sources
2026-05-19 02:47:49,896 | INFO | VCPlatform | [8015937475] Stream restarted via set_stream_sources
2026-05-19 02:49:12,798 | INFO | VCPlatform | [8015937475] Stream restarted via set_stream_sources
2026-05-19 02:50:35,701 | INFO | VCPlatform | [8015937475] Stream restarted via set_stream_sources
2026-05-19 02:51:58,604 | INFO | VCPlatform | [8015937475] Stream restarted via set_stream_sources
2026-05-19 02:53:21,505 | INFO | VCPlatform | [8015937475] Stream restarted via set_stream_sources
2026-05-19 02:54:44,406 | INFO | VCPlatform | [8015937475] Stream restarted via set_stream_sources
2026-05-19 02:56:07,310 | INFO | VCPlatform | [8015937475] Stream restarted via set_stream_sources
2026-05-19 02:57:30,212 | INFO | VCPlatform | [8015937475] Stream restarted via set_stream_sources
2026-05-19 02:58:53,118 | INFO | VCPlatform | [8015937475] Stream restarted via set_stream_sources
2026-05-19 02:59:26,675 | INFO | VCPlatform | [7535601861_2] Stream restarted via set_stream_sources
2026-05-19 03:00:16,017 | INFO | VCPlatform | [8015937475] Stream restarted via set_stream_sources
2026-05-19 03:01:38,919 | INFO | VCPlatform | [8015937475] Stream restarted via set_stream_sources
2026-05-19 03:03:01,828 | INFO | VCPlatform | [8015937475] Stream restarted via set_stream_sources
2026-05-19 03:04:24,731 | INFO | VCPlatform | [8015937475] Stream restarted via set_stream_sources
2026-05-19 03:05:47,633 | INFO | VCPlatform | [8015937475] Stream restarted via set_stream_sources
2026-05-19 03:07:10,547 | INFO | VCPlatform | [8015937475] Stream restarted via set_stream_sources
2026-05-19 03:08:33,449 | INFO | VCPlatform | [8015937475] Stream restarted via set_stream_sources
2026-05-19 03:09:56,353 | INFO | VCPlatform | [8015937475] Stream restarted via set_stream_sources
2026-05-19 03:11:19,254 | INFO | VCPlatform | [8015937475] Stream restarted via set_stream_sources
2026-05-19 03:12:42,157 | INFO | VCPlatform | [8015937475] Stream restarted via set_stream_sources
2026-05-19 03:14:05,059 | INFO | VCPlatform | [8015937475] Stream restarted via set_stream_sources
2026-05-19 03:15:27,964 | INFO | VCPlatform | [8015937475] Stream restarted via set_stream_sources
2026-05-19 03:16:50,864 | INFO | VCPlatform | [8015937475] Stream restarted via set_stream_sources
2026-05-19 03:18:13,768 | INFO | VCPlatform | [8015937475] Stream restarted via set_stream_sources
2026-05-19 03:19:36,669 | INFO | VCPlatform | [8015937475] Stream restarted via set_stream_sources
2026-05-19 03:20:59,573 | INFO | VCPlatform | [8015937475] Stream restarted via set_stream_sources
2026-05-19 03:22:22,475 | INFO | VCPlatform | [8015937475] Stream restarted via set_stream_sources
2026-05-19 03:23:45,378 | INFO | VCPlatform | [8015937475] Stream restarted via set_stream_sources
2026-05-19 03:25:08,279 | INFO | VCPlatform | [8015937475] Stream restarted via set_stream_sources
2026-05-19 03:26:31,183 | INFO | VCPlatform | [8015937475] Stream restarted via set_stream_sources
2026-05-19 03:27:54,087 | INFO | VCPlatform | [8015937475] Stream restarted via set_stream_sources
2026-05-19 03:29:16,989 | INFO | VCPlatform | [8015937475] Stream restarted via set_stream_sources
2026-05-19 03:30:04,889 | INFO | VCPlatform | [7535601861_2] Stream restarted via set_stream_sources
2026-05-19 03:30:39,891 | INFO | VCPlatform | [8015937475] Stream restarted via set_stream_sources
2026-05-19 03:32:02,795 | INFO | VCPlatform | [8015937475] Stream restarted via set_stream_sources
2026-05-19 03:33:25,696 | INFO | VCPlatform | [8015937475] Stream restarted via set_stream_sources
2026-05-19 03:34:48,597 | INFO | VCPlatform | [8015937475] Stream restarted via set_stream_sources
2026-05-19 03:36:11,501 | INFO | VCPlatform | [8015937475] Stream restarted via set_stream_sources
2026-05-19 03:37:34,401 | INFO | VCPlatform | [8015937475] Stream restarted via set_stream_sources
2026-05-19 03:38:57,303 | INFO | VCPlatform | [8015937475] Stream restarted via set_stream_sources
2026-05-19 03:40:20,205 | INFO | VCPlatform | [8015937475] Stream restarted via set_stream_sources
2026-05-19 03:41:43,106 | INFO | VCPlatform | [8015937475] Stream restarted via set_stream_sources
2026-05-19 03:43:06,009 | INFO | VCPlatform | [8015937475] Stream restarted via set_stream_sources
2026-05-19 03:44:28,910 | INFO | VCPlatform | [8015937475] Stream restarted via set_stream_sources
2026-05-19 03:45:51,813 | INFO | VCPlatform | [8015937475] Stream restarted via set_stream_sources
2026-05-19 03:47:14,716 | INFO | VCPlatform | [8015937475] Stream restarted via set_stream_sources
2026-05-19 03:48:37,618 | INFO | VCPlatform | [8015937475] Stream restarted via set_stream_sources
2026-05-19 03:50:00,520 | INFO | VCPlatform | [8015937475] Stream restarted via set_stream_sources
2026-05-19 03:51:23,423 | INFO | VCPlatform | [8015937475] Stream restarted via set_stream_sources
2026-05-19 03:52:46,325 | INFO | VCPlatform | [8015937475] Stream restarted via set_stream_sources
2026-05-19 03:54:09,228 | INFO | VCPlatform | [8015937475] Stream restarted via set_stream_sources
2026-05-19 03:55:32,128 | INFO | VCPlatform | [8015937475] Stream restarted via set_stream_sources
2026-05-19 03:56:55,032 | INFO | VCPlatform | [8015937475] Stream restarted via set_stream_sources
2026-05-19 03:58:17,934 | INFO | VCPlatform | [8015937475] Stream restarted via set_stream_sources
2026-05-19 03:59:40,835 | INFO | VCPlatform | [8015937475] Stream restarted via set_stream_sources
2026-05-19 04:00:34,914 | INFO | VCPlatform | [6444599625_2] VC STARTED (push update) in https://t.me/+5wYXdZfacPwwZTZl — joining immediately...
2026-05-19 04:00:40,546 | INFO | VCPlatform | [6444599625_2] NTG: ConnectionState.CONNECTING
2026-05-19 04:00:40,551 | INFO | VCPlatform | [6444599625_2] Joined VC in chat -1002893144270
2026-05-19 04:00:40,551 | INFO | VCPlatform | [6444599625_2] Joined VC via push update in https://t.me/+5wYXdZfacPwwZTZl
2026-05-19 04:00:40,931 | INFO | VCPlatform | [6444599625_2] NTG: ConnectionState.CONNECTED
2026-05-19 04:00:43,091 | INFO | VCPlatform | [7535601861_2] Stream restarted via set_stream_sources
2026-05-19 04:01:03,739 | INFO | VCPlatform | [8015937475] Stream restarted via set_stream_sources
2026-05-19 04:02:26,641 | INFO | VCPlatform | [8015937475] Stream restarted via set_stream_sources
2026-05-19 04:03:49,544 | INFO | VCPlatform | [8015937475] Stream restarted via set_stream_sources
2026-05-19 04:05:12,447 | INFO | VCPlatform | [8015937475] Stream restarted via set_stream_sources
2026-05-19 04:06:35,351 | INFO | VCPlatform | [8015937475] Stream restarted via set_stream_sources
2026-05-19 04:07:58,254 | INFO | VCPlatform | [8015937475] Stream restarted via set_stream_sources
2026-05-19 04:09:21,157 | INFO | VCPlatform | [8015937475] Stream restarted via set_stream_sources
2026-05-19 04:10:44,060 | INFO | VCPlatform | [8015937475] Stream restarted via set_stream_sources
2026-05-19 04:12:06,962 | INFO | VCPlatform | [8015937475] Stream restarted via set_stream_sources
2026-05-19 04:13:29,865 | INFO | VCPlatform | [8015937475] Stream restarted via set_stream_sources
2026-05-19 04:14:52,768 | INFO | VCPlatform | [8015937475] Stream restarted via set_stream_sources
2026-05-19 04:16:15,669 | INFO | VCPlatform | [8015937475] Stream restarted via set_stream_sources
2026-05-19 04:17:38,574 | INFO | VCPlatform | [8015937475] Stream restarted via set_stream_sources
2026-05-19 04:19:01,486 | INFO | VCPlatform | [8015937475] Stream restarted via set_stream_sources
2026-05-19 04:20:24,388 | INFO | VCPlatform | [8015937475] Stream restarted via set_stream_sources
2026-05-19 04:21:47,291 | INFO | VCPlatform | [8015937475] Stream restarted via set_stream_sources
2026-05-19 04:23:10,209 | INFO | VCPlatform | [8015937475] Stream restarted via set_stream_sources
2026-05-19 04:24:33,109 | INFO | VCPlatform | [8015937475] Stream restarted via set_stream_sources
2026-05-19 04:25:56,012 | INFO | VCPlatform | [8015937475] Stream restarted via set_stream_sources
2026-05-19 04:27:18,913 | INFO | VCPlatform | [8015937475] Stream restarted via set_stream_sources
2026-05-19 04:28:41,816 | INFO | VCPlatform | [8015937475] Stream restarted via set_stream_sources
2026-05-19 04:30:04,719 | INFO | VCPlatform | [8015937475] Stream restarted via set_stream_sources
2026-05-19 04:31:18,752 | INFO | VCPlatform | [6444599625_2] Stream restarted via set_stream_sources
2026-05-19 04:31:21,294 | INFO | VCPlatform | [7535601861_2] Stream restarted via set_stream_sources
2026-05-19 04:31:27,622 | INFO | VCPlatform | [8015937475] Stream restarted via set_stream_sources
2026-05-19 04:32:50,524 | INFO | VCPlatform | [8015937475] Stream restarted via set_stream_sources
2026-05-19 04:34:13,427 | INFO | VCPlatform | [8015937475] Stream restarted via set_stream_sources
2026-05-19 04:35:36,331 | INFO | VCPlatform | [8015937475] Stream restarted via set_stream_sources
2026-05-19 04:36:59,231 | INFO | VCPlatform | [8015937475] Stream restarted via set_stream_sources
2026-05-19 04:38:22,134 | INFO | VCPlatform | [8015937475] Stream restarted via set_stream_sources
2026-05-19 04:39:45,038 | INFO | VCPlatform | [8015937475] Stream restarted via set_stream_sources
2026-05-19 04:41:07,939 | INFO | VCPlatform | [8015937475] Stream restarted via set_stream_sources
2026-05-19 04:42:30,842 | INFO | VCPlatform | [8015937475] Stream restarted via set_stream_sources
2026-05-19 04:43:53,745 | INFO | VCPlatform | [8015937475] Stream restarted via set_stream_sources
2026-05-19 04:45:16,652 | INFO | VCPlatform | [8015937475] Stream restarted via set_stream_sources
2026-05-19 04:46:39,556 | INFO | VCPlatform | [8015937475] Stream restarted via set_stream_sources
2026-05-19 04:48:02,467 | INFO | VCPlatform | [8015937475] Stream restarted via set_stream_sources
2026-05-19 04:48:15,806 | INFO | VCPlatform | [6444599625] VC STARTED (push update) in https://t.me/+VasrzM1i2TQzYmFl — joining immediately...
2026-05-19 04:48:21,237 | INFO | VCPlatform | [6444599625] NTG: ConnectionState.CONNECTING
2026-05-19 04:48:21,243 | INFO | VCPlatform | [6444599625] Joined VC in chat -1002412810294
2026-05-19 04:48:21,244 | INFO | VCPlatform | [6444599625] Joined VC via push update in https://t.me/+VasrzM1i2TQzYmFl
2026-05-19 04:48:21,601 | INFO | VCPlatform | [6444599625] NTG: ConnectionState.CONNECTED
2026-05-19 04:49:25,370 | INFO | VCPlatform | [8015937475] Stream restarted via set_stream_sources
2026-05-19 04:50:48,272 | INFO | VCPlatform | [8015937475] Stream restarted via set_stream_sources
2026-05-19 04:52:11,174 | INFO | VCPlatform | [8015937475] Stream restarted via set_stream_sources
2026-05-19 04:53:21,990 | INFO | VCPlatform | [6444599625_3] VC ENDED (push update) in https://t.me/+hnGoxIQ1wj83NGVl
2026-05-19 04:53:29,495 | INFO | VCPlatform | [7535601861_2] VC STARTED (push update) in https://t.me/+akHf5OY8eHYxZTQ1 — joining immediately...
2026-05-19 04:53:34,081 | INFO | VCPlatform | [8015937475] Stream restarted via set_stream_sources
2026-05-19 04:53:34,538 | INFO | VCPlatform | [7535601861_2] NTG: ConnectionState.CONNECTING
2026-05-19 04:53:34,539 | INFO | VCPlatform | [7535601861_2] Joined VC in chat -1002176401264
2026-05-19 04:53:34,540 | INFO | VCPlatform | [7535601861_2] Joined VC via push update in https://t.me/+akHf5OY8eHYxZTQ1
2026-05-19 04:53:34,933 | INFO | VCPlatform | [7535601861_2] NTG: ConnectionState.CONNECTED
2026-05-19 04:54:56,981 | INFO | VCPlatform | [8015937475] Stream restarted via set_stream_sources
2026-05-19 04:56:19,884 | INFO | VCPlatform | [8015937475] Stream restarted via set_stream_sources
2026-05-19 04:57:42,787 | INFO | VCPlatform | [8015937475] Stream restarted via set_stream_sources
2026-05-19 04:59:05,688 | INFO | VCPlatform | [8015937475] Stream restarted via set_stream_sources
2026-05-19 05:00:28,590 | INFO | VCPlatform | [8015937475] Stream restarted via set_stream_sources
2026-05-19 05:01:51,494 | INFO | VCPlatform | [8015937475] Stream restarted via set_stream_sources
2026-05-19 05:01:56,958 | INFO | VCPlatform | [6444599625_2] Stream restarted via set_stream_sources
2026-05-19 05:03:14,397 | INFO | VCPlatform | [8015937475] Stream restarted via set_stream_sources
2026-05-19 05:04:37,310 | INFO | VCPlatform | [8015937475] Stream restarted via set_stream_sources
2026-05-19 05:06:00,212 | INFO | VCPlatform | [8015937475] Stream restarted via set_stream_sources
2026-05-19 05:07:23,115 | INFO | VCPlatform | [8015937475] Stream restarted via set_stream_sources
2026-05-19 05:08:46,017 | INFO | VCPlatform | [8015937475] Stream restarted via set_stream_sources
2026-05-19 05:10:08,919 | INFO | VCPlatform | [8015937475] Stream restarted via set_stream_sources
2026-05-19 05:11:31,822 | INFO | VCPlatform | [8015937475] Stream restarted via set_stream_sources
2026-05-19 05:12:54,725 | INFO | VCPlatform | [8015937475] Stream restarted via set_stream_sources
2026-05-19 05:14:17,626 | INFO | VCPlatform | [8015937475] Stream restarted via set_stream_sources
2026-05-19 05:15:40,530 | INFO | VCPlatform | [8015937475] Stream restarted via set_stream_sources
2026-05-19 05:16:03,775 | INFO | VCPlatform | [6444599625_3] VC STARTED (push update) in https://t.me/+hnGoxIQ1wj83NGVl — joining immediately...
2026-05-19 05:16:09,321 | INFO | VCPlatform | [6444599625_3] NTG: ConnectionState.CONNECTING
2026-05-19 05:16:09,329 | INFO | VCPlatform | [6444599625_3] Joined VC in chat -1002408551846
2026-05-19 05:16:09,330 | INFO | VCPlatform | [6444599625_3] Joined VC via push update in https://t.me/+hnGoxIQ1wj83NGVl
2026-05-19 05:16:09,710 | INFO | VCPlatform | [6444599625_3] NTG: ConnectionState.CONNECTED
2026-05-19 05:17:03,449 | INFO | VCPlatform | [8015937475] Stream restarted via set_stream_sources
2026-05-19 05:18:26,362 | INFO | VCPlatform | [8015937475] Stream restarted via set_stream_sources
2026-05-19 05:18:59,447 | INFO | VCPlatform | [6444599625] Stream restarted via set_stream_sources
2026-05-19 05:19:49,264 | INFO | VCPlatform | [8015937475] Stream restarted via set_stream_sources
2026-05-19 05:21:12,169 | INFO | VCPlatform | [8015937475] Stream restarted via set_stream_sources
2026-05-19 05:22:35,070 | INFO | VCPlatform | [8015937475] Stream restarted via set_stream_sources
2026-05-19 05:23:57,973 | INFO | VCPlatform | [8015937475] Stream restarted via set_stream_sources
2026-05-19 05:24:12,742 | INFO | VCPlatform | [7535601861_2] Stream restarted via set_stream_sources
2026-05-19 05:25:20,877 | INFO | VCPlatform | [8015937475] Stream restarted via set_stream_sources
2026-05-19 05:26:43,780 | INFO | VCPlatform | [8015937475] Stream restarted via set_stream_sources
2026-05-19 05:28:06,682 | INFO | VCPlatform | [8015937475] Stream restarted via set_stream_sources
2026-05-19 05:29:29,588 | INFO | VCPlatform | [8015937475] Stream restarted via set_stream_sources
2026-05-19 05:30:29,359 | INFO | VCPlatform | [6451644278] Monitor stopped for https://t.me/+NYnorF2xfkhiYmI1
2026-05-19 05:30:29,363 | INFO | VCPlatform | Session file deleted: sessions/+13072056562.session
2026-05-19 05:30:52,486 | INFO | VCPlatform | [8015937475] Stream restarted via set_stream_sources
2026-05-19 05:31:27,905 | INFO | VCPlatform | [6451644278] Monitor started for https://t.me/+NYnorF2xfkhiYmI1
2026-05-19 05:31:27,906 | INFO | VCPlatform | [6451644278] Channel from cache: '𝙔𝙖𝙖𝙧𝙒𝙞𝙣 𝘼𝙡𝙚𝙭' (bare_id=2167741832) for https://t.me/+NYnorF2xfkhiYmI1
2026-05-19 05:31:27,908 | INFO | VCPlatform | [6451644278] VC push update handler registered
2026-05-19 05:31:30,152 | INFO | VCPlatform | [6451644278] Live already running in https://t.me/+NYnorF2xfkhiYmI1 on startup — joining...
2026-05-19 05:31:35,547 | INFO | VCPlatform | [6451644278] NTG: ConnectionState.CONNECTING
2026-05-19 05:31:35,548 | INFO | VCPlatform | [6451644278] Joined VC in chat -1002167741832
2026-05-19 05:31:35,549 | INFO | VCPlatform | [6451644278] Joined VC on startup in https://t.me/+NYnorF2xfkhiYmI1
2026-05-19 05:31:35,938 | INFO | VCPlatform | [6451644278] NTG: ConnectionState.CONNECTED
2026-05-19 05:32:15,389 | INFO | VCPlatform | [8015937475] Stream restarted via set_stream_sources
2026-05-19 05:32:35,163 | INFO | VCPlatform | [6444599625_2] Stream restarted via set_stream_sources
2026-05-19 05:33:38,292 | INFO | VCPlatform | [8015937475] Stream restarted via set_stream_sources
2026-05-19 05:35:01,195 | INFO | VCPlatform | [8015937475] Stream restarted via set_stream_sources
2026-05-19 05:36:24,097 | INFO | VCPlatform | [8015937475] Stream restarted via set_stream_sources
2026-05-19 05:37:47,002 | INFO | VCPlatform | [8015937475] Stream restarted via set_stream_sources
2026-05-19 05:39:09,902 | INFO | VCPlatform | [8015937475] Stream restarted via set_stream_sources
2026-05-19 05:40:32,805 | INFO | VCPlatform | [8015937475] Stream restarted via set_stream_sources
2026-05-19 05:41:55,707 | INFO | VCPlatform | [8015937475] Stream restarted via set_stream_sources
2026-05-19 05:43:18,609 | INFO | VCPlatform | [8015937475] Stream restarted via set_stream_sources
2026-05-19 05:44:41,512 | INFO | VCPlatform | [8015937475] Stream restarted via set_stream_sources
2026-05-19 05:46:04,415 | INFO | VCPlatform | [8015937475] Stream restarted via set_stream_sources
2026-05-19 05:46:47,525 | INFO | VCPlatform | [6444599625_3] Stream restarted via set_stream_sources
2026-05-19 05:47:27,317 | INFO | VCPlatform | [8015937475] Stream restarted via set_stream_sources
2026-05-19 05:48:50,219 | INFO | VCPlatform | [8015937475] Stream restarted via set_stream_sources
2026-05-19 05:49:37,648 | INFO | VCPlatform | [6444599625] Stream restarted via set_stream_sources
2026-05-19 05:50:13,121 | INFO | VCPlatform | [8015937475] Stream restarted via set_stream_sources
2026-05-19 05:51:36,025 | INFO | VCPlatform | [8015937475] Stream restarted via set_stream_sources
2026-05-19 05:52:58,933 | INFO | VCPlatform | [8015937475] Stream restarted via set_stream_sources
2026-05-19 05:54:21,833 | INFO | VCPlatform | [8015937475] Stream restarted via set_stream_sources
2026-05-19 05:54:50,945 | INFO | VCPlatform | [7535601861_2] Stream restarted via set_stream_sources
2026-05-19 05:55:44,738 | INFO | VCPlatform | [8015937475] Stream restarted via set_stream_sources
2026-05-19 05:57:07,639 | INFO | VCPlatform | [8015937475] Stream restarted via set_stream_sources
2026-05-19 05:58:30,543 | INFO | VCPlatform | [8015937475] Stream restarted via set_stream_sources
2026-05-19 05:59:29,712 | INFO | VCPlatform | Session file deleted: sessions/13072056562.session
2026-05-19 05:59:29,717 | INFO | VCPlatform | [6451644278] Monitor stopped for https://t.me/+NYnorF2xfkhiYmI1
2026-05-19 05:59:53,449 | INFO | VCPlatform | [8015937475] Stream restarted via set_stream_sources
2026-05-19 06:00:29,445 | INFO | VCPlatform | Session file deleted: sessions/917549041755.session
2026-05-19 06:01:16,351 | INFO | VCPlatform | [8015937475] Stream restarted via set_stream_sources
2026-05-19 06:02:39,255 | INFO | VCPlatform | [8015937475] Stream restarted via set_stream_sources
2026-05-19 06:03:13,369 | INFO | VCPlatform | [6444599625_2] Stream restarted via set_stream_sources
2026-05-19 06:04:02,159 | INFO | VCPlatform | [8015937475] Stream restarted via set_stream_sources
2026-05-19 06:05:25,061 | INFO | VCPlatform | [8015937475] Stream restarted via set_stream_sources
2026-05-19 06:06:47,963 | INFO | VCPlatform | [8015937475] Stream restarted via set_stream_sources
2026-05-19 06:08:10,866 | INFO | VCPlatform | [8015937475] Stream restarted via set_stream_sources
2026-05-19 06:09:33,769 | INFO | VCPlatform | [8015937475] Stream restarted via set_stream_sources
2026-05-19 06:10:56,670 | INFO | VCPlatform | [8015937475] Stream restarted via set_stream_sources
2026-05-19 06:12:19,573 | INFO | VCPlatform | [8015937475] Stream restarted via set_stream_sources
2026-05-19 06:13:42,475 | INFO | VCPlatform | [8015937475] Stream restarted via set_stream_sources
2026-05-19 06:15:05,381 | INFO | VCPlatform | [8015937475] Stream restarted via set_stream_sources
2026-05-19 06:16:28,284 | INFO | VCPlatform | [8015937475] Stream restarted via set_stream_sources
2026-05-19 06:17:25,729 | INFO | VCPlatform | [6444599625_3] Stream restarted via set_stream_sources
2026-05-19 06:17:51,186 | INFO | VCPlatform | [8015937475] Stream restarted via set_stream_sources
2026-05-19 06:19:14,089 | INFO | VCPlatform | [8015937475] Stream restarted via set_stream_sources
2026-05-19 06:20:15,851 | INFO | VCPlatform | [6444599625] Stream restarted via set_stream_sources
2026-05-19 06:20:36,992 | INFO | VCPlatform | [8015937475] Stream restarted via set_stream_sources
2026-05-19 06:21:59,894 | INFO | VCPlatform | [8015937475] Stream restarted via set_stream_sources
2026-05-19 06:23:22,796 | INFO | VCPlatform | [8015937475] Stream restarted via set_stream_sources
2026-05-19 06:24:45,708 | INFO | VCPlatform | [8015937475] Stream restarted via set_stream_sources
2026-05-19 06:25:29,147 | INFO | VCPlatform | [7535601861_2] Stream restarted via set_stream_sources
2026-05-19 06:26:08,609 | INFO | VCPlatform | [8015937475] Stream restarted via set_stream_sources
2026-05-19 06:27:31,512 | INFO | VCPlatform | [8015937475] Stream restarted via set_stream_sources
2026-05-19 06:28:54,415 | INFO | VCPlatform | [8015937475] Stream restarted via set_stream_sources
2026-05-19 06:30:17,317 | INFO | VCPlatform | [8015937475] Stream restarted via set_stream_sources
2026-05-19 06:31:40,225 | INFO | VCPlatform | [8015937475] Stream restarted via set_stream_sources
2026-05-19 06:33:03,128 | INFO | VCPlatform | [8015937475] Stream restarted via set_stream_sources
2026-05-19 06:33:51,572 | INFO | VCPlatform | [6444599625_2] Stream restarted via set_stream_sources
2026-05-19 06:34:26,030 | INFO | VCPlatform | [8015937475] Stream restarted via set_stream_sources
2026-05-19 06:35:48,932 | INFO | VCPlatform | [8015937475] Stream restarted via set_stream_sources
2026-05-19 06:37:11,836 | INFO | VCPlatform | [8015937475] Stream restarted via set_stream_sources
2026-05-19 06:38:34,740 | INFO | VCPlatform | [8015937475] Stream restarted via set_stream_sources
2026-05-19 06:39:57,644 | INFO | VCPlatform | [8015937475] Stream restarted via set_stream_sources
2026-05-19 06:41:18,302 | INFO | VCPlatform | [6451644278] Monitor started for https://t.me/+NYnorF2xfkhiYmI1
2026-05-19 06:41:18,304 | INFO | VCPlatform | [6451644278] Channel from cache: '𝙔𝙖𝙖𝙧𝙒𝙞𝙣 𝘼𝙡𝙚𝙭' (bare_id=2167741832) for https://t.me/+NYnorF2xfkhiYmI1
2026-05-19 06:41:18,305 | INFO | VCPlatform | [6451644278] VC push update handler registered
2026-05-19 06:41:20,547 | INFO | VCPlatform | [8015937475] Stream restarted via set_stream_sources
2026-05-19 06:42:11,046 | ERROR | asyncio | Task exception was never retrieved
future: <Task finished name='Task-532477' coro=<Dispatcher.remove_handler.<locals>.fn() done, defined at /root/voiceplay/.venv/lib/python3.10/site-packages/pyrogram/dispatcher.py:187> exception=ValueError('Group 10 does not exist. Handler was not removed.')>
Traceback (most recent call last):
  File "/root/voiceplay/.venv/lib/python3.10/site-packages/pyrogram/dispatcher.py", line 193, in fn
    raise ValueError(f"Group {group} does not exist. Handler was not removed.")
ValueError: Group 10 does not exist. Handler was not removed.
2026-05-19 06:42:11,055 | INFO | VCPlatform | [6451644278] Monitor started for https://t.me/+NYnorF2xfkhiYmI1
2026-05-19 06:42:11,055 | INFO | VCPlatform | [6451644278] Channel from cache: '𝙔𝙖𝙖𝙧𝙒𝙞𝙣 𝘼𝙡𝙚𝙭' (bare_id=2167741832) for https://t.me/+NYnorF2xfkhiYmI1
2026-05-19 06:42:11,056 | INFO | VCPlatform | [6451644278] VC push update handler registered
2026-05-19 06:42:11,058 | INFO | VCPlatform | [6451644278] Monitor stopped for https://t.me/+NYnorF2xfkhiYmI1
2026-05-19 06:42:43,449 | INFO | VCPlatform | [8015937475] Stream restarted via set_stream_sources
2026-05-19 06:44:06,354 | INFO | VCPlatform | [8015937475] Stream restarted via set_stream_sources
2026-05-19 06:45:29,255 | INFO | VCPlatform | [8015937475] Stream restarted via set_stream_sources
2026-05-19 06:46:52,157 | INFO | VCPlatform | [8015937475] Stream restarted via set_stream_sources
2026-05-19 06:46:54,633 | INFO | VCPlatform | [6451644278] Monitor stopped for https://t.me/+NYnorF2xfkhiYmI1
2026-05-19 06:46:54,634 | INFO | VCPlatform | [6451644278] Monitors restarted: 1 running for 1 channels
2026-05-19 06:46:54,636 | INFO | VCPlatform | [6451644278] Monitor started for https://t.me/+NYnorF2xfkhiYmI1
2026-05-19 06:46:54,637 | INFO | VCPlatform | [6451644278] Channel from cache: '𝙔𝙖𝙖𝙧𝙒𝙞𝙣 𝘼𝙡𝙚𝙭' (bare_id=2167741832) for https://t.me/+NYnorF2xfkhiYmI1
2026-05-19 06:46:54,637 | INFO | VCPlatform | [6451644278] VC push update handler registered
2026-05-19 06:46:57,093 | INFO | VCPlatform | [6451644278] Live already running in https://t.me/+NYnorF2xfkhiYmI1 on startup — joining...
2026-05-19 06:47:04,426 | INFO | VCPlatform | [6451644278] NTG: ConnectionState.CONNECTING
2026-05-19 06:47:04,429 | INFO | VCPlatform | [6451644278] Joined VC in chat -1002167741832
2026-05-19 06:47:04,429 | INFO | VCPlatform | [6451644278] Joined VC on startup in https://t.me/+NYnorF2xfkhiYmI1
2026-05-19 06:47:04,805 | INFO | VCPlatform | [6451644278] NTG: ConnectionState.CONNECTED
2026-05-19 06:48:03,932 | INFO | VCPlatform | [6444599625_3] Stream restarted via set_stream_sources
2026-05-19 06:48:15,059 | INFO | VCPlatform | [8015937475] Stream restarted via set_stream_sources
2026-05-19 06:49:37,961 | INFO | VCPlatform | [8015937475] Stream restarted via set_stream_sources
2026-05-19 06:50:54,056 | INFO | VCPlatform | [6444599625] Stream restarted via set_stream_sources
2026-05-19 06:51:00,863 | INFO | VCPlatform | [8015937475] Stream restarted via set_stream_sources
2026-05-19 06:52:23,766 | INFO | VCPlatform | [8015937475] Stream restarted via set_stream_sources
2026-05-19 06:53:46,668 | INFO | VCPlatform | [8015937475] Stream restarted via set_stream_sources
2026-05-19 06:55:09,577 | INFO | VCPlatform | [8015937475] Stream restarted via set_stream_sources
2026-05-19 06:56:07,351 | INFO | VCPlatform | [7535601861_2] Stream restarted via set_stream_sources
2026-05-19 06:56:32,479 | INFO | VCPlatform | [8015937475] Stream restarted via set_stream_sources
2026-05-19 06:57:55,381 | INFO | VCPlatform | [8015937475] Stream restarted via set_stream_sources
2026-05-19 06:59:18,284 | INFO | VCPlatform | [8015937475] Stream restarted via set_stream_sources
2026-05-19 07:00:41,186 | INFO | VCPlatform | [8015937475] Stream restarted via set_stream_sources
2026-05-19 07:02:04,090 | INFO | VCPlatform | [8015937475] Stream restarted via set_stream_sources
2026-05-19 07:03:26,995 | INFO | VCPlatform | [8015937475] Stream restarted via set_stream_sources
2026-05-19 07:04:29,775 | INFO | VCPlatform | [6444599625_2] Stream restarted via set_stream_sources
2026-05-19 07:04:49,899 | INFO | VCPlatform | [8015937475] Stream restarted via set_stream_sources
2026-05-19 07:06:12,801 | INFO | VCPlatform | [8015937475] Stream restarted via set_stream_sources
2026-05-19 07:07:35,703 | INFO | VCPlatform | [8015937475] Stream restarted via set_stream_sources
2026-05-19 07:08:58,604 | INFO | VCPlatform | [8015937475] Stream restarted via set_stream_sources
2026-05-19 07:10:21,506 | INFO | VCPlatform | [8015937475] Stream restarted via set_stream_sources
2026-05-19 07:11:44,408 | INFO | VCPlatform | [8015937475] Stream restarted via set_stream_sources
2026-05-19 07:13:07,310 | INFO | VCPlatform | [8015937475] Stream restarted via set_stream_sources
2026-05-19 07:14:30,216 | INFO | VCPlatform | [8015937475] Stream restarted via set_stream_sources
2026-05-19 07:15:53,116 | INFO | VCPlatform | [8015937475] Stream restarted via set_stream_sources
2026-05-19 07:17:16,033 | INFO | VCPlatform | [8015937475] Stream restarted via set_stream_sources
2026-05-19 07:17:42,632 | INFO | VCPlatform | [6451644278] Stream restarted via set_stream_sources
2026-05-19 07:18:38,935 | INFO | VCPlatform | [8015937475] Stream restarted via set_stream_sources
2026-05-19 07:18:42,133 | INFO | VCPlatform | [6444599625_3] Stream restarted via set_stream_sources
2026-05-19 07:20:01,847 | INFO | VCPlatform | [8015937475] Stream restarted via set_stream_sources
2026-05-19 07:21:24,774 | INFO | VCPlatform | [8015937475] Stream restarted via set_stream_sources
2026-05-19 07:21:32,258 | INFO | VCPlatform | [6444599625] Stream restarted via set_stream_sources
2026-05-19 07:22:47,684 | INFO | VCPlatform | [8015937475] Stream restarted via set_stream_sources
2026-05-19 07:24:10,586 | INFO | VCPlatform | [8015937475] Stream restarted via set_stream_sources
2026-05-19 07:25:33,489 | INFO | VCPlatform | [8015937475] Stream restarted via set_stream_sources
2026-05-19 07:26:45,555 | INFO | VCPlatform | [7535601861_2] Stream restarted via set_stream_sources
2026-05-19 07:26:56,390 | INFO | VCPlatform | [8015937475] Stream restarted via set_stream_sources
2026-05-19 07:28:19,293 | INFO | VCPlatform | [8015937475] Stream restarted via set_stream_sources
2026-05-19 07:29:42,196 | INFO | VCPlatform | [8015937475] Stream restarted via set_stream_sources
2026-05-19 07:31:05,103 | INFO | VCPlatform | [8015937475] Stream restarted via set_stream_sources
2026-05-19 07:32:28,007 | INFO | VCPlatform | [8015937475] Stream restarted via set_stream_sources
2026-05-19 07:33:50,908 | INFO | VCPlatform | [8015937475] Stream restarted via set_stream_sources
2026-05-19 07:35:07,979 | INFO | VCPlatform | [6444599625_2] Stream restarted via set_stream_sources
2026-05-19 07:35:13,811 | INFO | VCPlatform | [8015937475] Stream restarted via set_stream_sources
2026-05-19 07:36:36,715 | INFO | VCPlatform | [8015937475] Stream restarted via set_stream_sources
2026-05-19 07:37:59,618 | INFO | VCPlatform | [8015937475] Stream restarted via set_stream_sources
2026-05-19 07:39:22,522 | INFO | VCPlatform | [8015937475] Stream restarted via set_stream_sources
2026-05-19 07:40:45,423 | INFO | VCPlatform | [8015937475] Stream restarted via set_stream_sources
2026-05-19 07:42:08,330 | INFO | VCPlatform | [8015937475] Stream restarted via set_stream_sources
2026-05-19 07:43:31,231 | INFO | VCPlatform | [8015937475] Stream restarted via set_stream_sources
2026-05-19 07:44:54,134 | INFO | VCPlatform | [8015937475] Stream restarted via set_stream_sources
2026-05-19 07:46:17,036 | INFO | VCPlatform | [8015937475] Stream restarted via set_stream_sources
2026-05-19 07:47:39,940 | INFO | VCPlatform | [8015937475] Stream restarted via set_stream_sources
2026-05-19 07:48:20,837 | INFO | VCPlatform | [6451644278] Stream restarted via set_stream_sources
2026-05-19 07:49:02,842 | INFO | VCPlatform | [8015937475] Stream restarted via set_stream_sources
2026-05-19 07:49:20,336 | INFO | VCPlatform | [6444599625_3] Stream restarted via set_stream_sources
2026-05-19 07:50:25,748 | INFO | VCPlatform | [8015937475] Stream restarted via set_stream_sources
2026-05-19 07:51:48,648 | INFO | VCPlatform | [8015937475] Stream restarted via set_stream_sources
2026-05-19 07:52:10,461 | INFO | VCPlatform | [6444599625] Stream restarted via set_stream_sources
2026-05-19 07:53:11,549 | INFO | VCPlatform | [8015937475] Stream restarted via set_stream_sources
2026-05-19 07:54:34,452 | INFO | VCPlatform | [8015937475] Stream restarted via set_stream_sources
2026-05-19 07:55:57,361 | INFO | VCPlatform | [8015937475] Stream restarted via set_stream_sources
2026-05-19 07:57:20,265 | INFO | VCPlatform | [8015937475] Stream restarted via set_stream_sources
2026-05-19 07:57:23,759 | INFO | VCPlatform | [7535601861_2] Stream restarted via set_stream_sources
2026-05-19 07:58:43,168 | INFO | VCPlatform | [8015937475] Stream restarted via set_stream_sources
2026-05-19 08:00:06,073 | INFO | VCPlatform | [8015937475] Stream restarted via set_stream_sources
2026-05-19 08:01:28,977 | INFO | VCPlatform | [8015937475] Stream restarted via set_stream_sources
2026-05-19 08:02:51,879 | INFO | VCPlatform | [8015937475] Stream restarted via set_stream_sources
2026-05-19 08:04:14,781 | INFO | VCPlatform | [8015937475] Stream restarted via set_stream_sources
2026-05-19 08:05:37,686 | INFO | VCPlatform | [8015937475] Stream restarted via set_stream_sources
2026-05-19 08:05:46,181 | INFO | VCPlatform | [6444599625_2] Stream restarted via set_stream_sources
2026-05-19 08:07:00,586 | INFO | VCPlatform | [8015937475] Stream restarted via set_stream_sources
2026-05-19 08:08:23,488 | INFO | VCPlatform | [8015937475] Stream restarted via set_stream_sources
2026-05-19 08:09:46,390 | INFO | VCPlatform | [8015937475] Stream restarted via set_stream_sources
2026-05-19 08:11:09,293 | INFO | VCPlatform | [8015937475] Stream restarted via set_stream_sources
2026-05-19 08:12:32,194 | INFO | VCPlatform | [8015937475] Stream restarted via set_stream_sources
2026-05-19 08:13:55,097 | INFO | VCPlatform | [8015937475] Stream restarted via set_stream_sources
2026-05-19 08:15:18,000 | INFO | VCPlatform | [8015937475] Stream restarted via set_stream_sources
2026-05-19 08:16:40,902 | INFO | VCPlatform | [8015937475] Stream restarted via set_stream_sources
2026-05-19 08:18:03,804 | INFO | VCPlatform | [8015937475] Stream restarted via set_stream_sources
2026-05-19 08:18:59,037 | INFO | VCPlatform | [6451644278] Stream restarted via set_stream_sources
2026-05-19 08:19:26,706 | INFO | VCPlatform | [8015937475] Stream restarted via set_stream_sources
2026-05-19 08:19:58,537 | INFO | VCPlatform | [6444599625_3] Stream restarted via set_stream_sources
2026-05-19 08:20:49,608 | INFO | VCPlatform | [8015937475] Stream restarted via set_stream_sources
2026-05-19 08:22:12,512 | INFO | VCPlatform | [8015937475] Stream restarted via set_stream_sources
2026-05-19 08:22:48,663 | INFO | VCPlatform | [6444599625] Stream restarted via set_stream_sources
2026-05-19 08:23:35,413 | INFO | VCPlatform | [8015937475] Stream restarted via set_stream_sources
2026-05-19 08:24:58,317 | INFO | VCPlatform | [8015937475] Stream restarted via set_stream_sources
2026-05-19 08:26:21,219 | INFO | VCPlatform | [8015937475] Stream restarted via set_stream_sources
2026-05-19 08:27:44,122 | INFO | VCPlatform | [8015937475] Stream restarted via set_stream_sources
2026-05-19 08:28:02,067 | INFO | VCPlatform | [7535601861_2] Stream restarted via set_stream_sources
2026-05-19 08:29:07,024 | INFO | VCPlatform | [8015937475] Stream restarted via set_stream_sources
2026-05-19 08:30:29,928 | INFO | VCPlatform | [8015937475] Stream restarted via set_stream_sources
2026-05-19 08:31:52,833 | INFO | VCPlatform | [8015937475] Stream restarted via set_stream_sources
2026-05-19 08:33:15,738 | INFO | VCPlatform | [8015937475] Stream restarted via set_stream_sources
2026-05-19 08:34:38,649 | INFO | VCPlatform | [8015937475] Stream restarted via set_stream_sources
2026-05-19 08:36:01,946 | INFO | VCPlatform | [8015937475] Stream restarted via set_stream_sources
2026-05-19 08:36:24,382 | INFO | VCPlatform | [6444599625_2] Stream restarted via set_stream_sources
2026-05-19 08:37:24,818 | INFO | VCPlatform | [8015937475] Stream restarted via set_stream_sources
2026-05-19 08:38:47,721 | INFO | VCPlatform | [8015937475] Stream restarted via set_stream_sources
2026-05-19 08:40:10,628 | INFO | VCPlatform | [8015937475] Stream restarted via set_stream_sources
2026-05-19 08:41:33,528 | INFO | VCPlatform | [8015937475] Stream restarted via set_stream_sources
2026-05-19 08:42:56,430 | INFO | VCPlatform | [8015937475] Stream restarted via set_stream_sources
2026-05-19 08:44:19,335 | INFO | VCPlatform | [8015937475] Stream restarted via set_stream_sources
2026-05-19 08:45:42,238 | INFO | VCPlatform | [8015937475] Stream restarted via set_stream_sources
2026-05-19 08:47:05,143 | INFO | VCPlatform | [8015937475] Stream restarted via set_stream_sources
2026-05-19 08:48:28,046 | INFO | VCPlatform | [8015937475] Stream restarted via set_stream_sources
2026-05-19 08:49:37,241 | INFO | VCPlatform | [6451644278] Stream restarted via set_stream_sources
2026-05-19 08:49:50,948 | INFO | VCPlatform | [8015937475] Stream restarted via set_stream_sources
2026-05-19 08:50:36,741 | INFO | VCPlatform | [6444599625_3] Stream restarted via set_stream_sources
2026-05-19 08:51:13,850 | INFO | VCPlatform | [8015937475] Stream restarted via set_stream_sources
2026-05-19 08:52:36,755 | INFO | VCPlatform | [8015937475] Stream restarted via set_stream_sources
2026-05-19 08:53:26,865 | INFO | VCPlatform | [6444599625] Stream restarted via set_stream_sources
2026-05-19 08:53:59,659 | INFO | VCPlatform | [8015937475] Stream restarted via set_stream_sources
2026-05-19 08:55:22,562 | INFO | VCPlatform | [8015937475] Stream restarted via set_stream_sources
2026-05-19 08:56:45,465 | INFO | VCPlatform | [8015937475] Stream restarted via set_stream_sources
2026-05-19 08:58:08,369 | INFO | VCPlatform | [8015937475] Stream restarted via set_stream_sources
2026-05-19 08:58:40,280 | INFO | VCPlatform | [7535601861_2] Stream restarted via set_stream_sources
2026-05-19 08:59:31,271 | INFO | VCPlatform | [8015937475] Stream restarted via set_stream_sources
2026-05-19 09:00:54,173 | INFO | VCPlatform | [8015937475] Stream restarted via set_stream_sources
2026-05-19 09:02:17,076 | INFO | VCPlatform | [8015937475] Stream restarted via set_stream_sources
2026-05-19 09:03:39,985 | INFO | VCPlatform | [8015937475] Stream restarted via set_stream_sources
2026-05-19 09:05:02,964 | INFO | VCPlatform | [8015937475] Stream restarted via set_stream_sources
2026-05-19 09:06:25,867 | INFO | VCPlatform | [8015937475] Stream restarted via set_stream_sources
2026-05-19 09:07:02,584 | INFO | VCPlatform | [6444599625_2] Stream restarted via set_stream_sources
2026-05-19 09:07:48,775 | INFO | VCPlatform | [8015937475] Stream restarted via set_stream_sources
2026-05-19 09:09:11,676 | INFO | VCPlatform | [8015937475] Stream restarted via set_stream_sources
2026-05-19 09:10:34,580 | INFO | VCPlatform | [8015937475] Stream restarted via set_stream_sources
2026-05-19 09:11:57,483 | INFO | VCPlatform | [8015937475] Stream restarted via set_stream_sources
2026-05-19 09:13:20,385 | INFO | VCPlatform | [8015937475] Stream restarted via set_stream_sources
2026-05-19 09:14:43,286 | INFO | VCPlatform | [8015937475] Stream restarted via set_stream_sources
2026-05-19 09:16:06,189 | INFO | VCPlatform | [8015937475] Stream restarted via set_stream_sources
2026-05-19 09:17:29,091 | INFO | VCPlatform | [8015937475] Stream restarted via set_stream_sources
2026-05-19 09:18:51,993 | INFO | VCPlatform | [8015937475] Stream restarted via set_stream_sources
2026-05-19 09:19:47,842 | INFO | VCPlatform | [6444599625_4] VC push update handler registered
2026-05-19 09:20:14,896 | INFO | VCPlatform | [8015937475] Stream restarted via set_stream_sources
2026-05-19 09:20:15,442 | INFO | VCPlatform | [6451644278] Stream restarted via set_stream_sources
2026-05-19 09:20:37,873 | INFO | VCPlatform | [6444599625_4] Monitor started for https://t.me/+Z6J56TI-fZFlZTQ1
2026-05-19 09:20:37,875 | INFO | VCPlatform | [6444599625_4] VC push update handler registered
2026-05-19 09:20:38,253 | INFO | VCPlatform | [6444599625_4] Channel resolved+cached: '𝐒𝐮𝐫𝐞𝐬𝐡𝐨𝐭 𝐛𝐲 𝐉𝐚𝐜𝐤' (bare_id=2098714715) for https://t.me/+Z6J56TI-fZFlZTQ1
2026-05-19 09:21:14,943 | INFO | VCPlatform | [6444599625_3] Stream restarted via set_stream_sources
2026-05-19 09:21:37,797 | INFO | VCPlatform | [8015937475] Stream restarted via set_stream_sources
2026-05-19 09:23:00,698 | INFO | VCPlatform | [8015937475] Stream restarted via set_stream_sources
2026-05-19 09:24:05,068 | INFO | VCPlatform | [6444599625] Stream restarted via set_stream_sources
2026-05-19 09:24:23,600 | INFO | VCPlatform | [8015937475] Stream restarted via set_stream_sources
2026-05-19 09:25:46,502 | INFO | VCPlatform | [8015937475] Stream restarted via set_stream_sources
2026-05-19 09:25:56,188 | INFO | VCPlatform | [6444599625_4] Monitor stopped for https://t.me/+Z6J56TI-fZFlZTQ1
2026-05-19 09:25:56,189 | INFO | VCPlatform | [6444599625_4] Monitors restarted: 1 running for 1 channels
2026-05-19 09:25:56,193 | INFO | VCPlatform | [6444599625_4] Monitor started for https://t.me/+Z6J56TI-fZFlZTQ1
2026-05-19 09:25:56,194 | INFO | VCPlatform | [6444599625_4] Channel from cache: '𝐒𝐮𝐫𝐞𝐬𝐡𝐨𝐭 𝐛𝐲 𝐉𝐚𝐜𝐤' (bare_id=2098714715) for https://t.me/+Z6J56TI-fZFlZTQ1
2026-05-19 09:25:56,195 | INFO | VCPlatform | [6444599625_4] VC push update handler registered
2026-05-19 09:25:56,995 | INFO | VCPlatform | [6444599625_4] Live already running in https://t.me/+Z6J56TI-fZFlZTQ1 on startup — joining...
2026-05-19 09:26:03,501 | INFO | VCPlatform | [6444599625_4] NTG: ConnectionState.CONNECTING
2026-05-19 09:26:03,503 | INFO | VCPlatform | [6444599625_4] Joined VC in chat -1002098714715
2026-05-19 09:26:03,503 | INFO | VCPlatform | [6444599625_4] Joined VC on startup in https://t.me/+Z6J56TI-fZFlZTQ1
2026-05-19 09:26:03,871 | INFO | VCPlatform | [6444599625_4] NTG: ConnectionState.CONNECTED
2026-05-19 09:27:09,406 | INFO | VCPlatform | [8015937475] Stream restarted via set_stream_sources
2026-05-19 09:28:32,308 | INFO | VCPlatform | [8015937475] Stream restarted via set_stream_sources
2026-05-19 09:29:18,482 | INFO | VCPlatform | [7535601861_2] Stream restarted via set_stream_sources
2026-05-19 09:29:55,211 | INFO | VCPlatform | [8015937475] Stream restarted via set_stream_sources
2026-05-19 09:31:02,788 | INFO | VCPlatform | [6444599625_4] Monitor stopped for https://t.me/+Z6J56TI-fZFlZTQ1
2026-05-19 09:31:02,789 | INFO | VCPlatform | [6444599625_4] Monitors restarted: 1 running for 1 channels
2026-05-19 09:31:02,791 | INFO | VCPlatform | [6444599625_4] Monitor started for https://t.me/+Z6J56TI-fZFlZTQ1
2026-05-19 09:31:02,792 | INFO | VCPlatform | [6444599625_4] Channel from cache: '𝐒𝐮𝐫𝐞𝐬𝐡𝐨𝐭 𝐛𝐲 𝐉𝐚𝐜𝐤' (bare_id=2098714715) for https://t.me/+Z6J56TI-fZFlZTQ1
2026-05-19 09:31:02,792 | INFO | VCPlatform | [6444599625_4] VC push update handler registered
2026-05-19 09:31:18,112 | INFO | VCPlatform | [8015937475] Stream restarted via set_stream_sources
2026-05-19 09:32:41,017 | INFO | VCPlatform | [8015937475] Stream restarted via set_stream_sources
2026-05-19 09:34:03,921 | INFO | VCPlatform | [8015937475] Stream restarted via set_stream_sources
2026-05-19 09:35:26,824 | INFO | VCPlatform | [8015937475] Stream restarted via set_stream_sources
2026-05-19 09:36:49,727 | INFO | VCPlatform | [8015937475] Stream restarted via set_stream_sources
2026-05-19 09:37:40,787 | INFO | VCPlatform | [6444599625_2] Stream restarted via set_stream_sources
2026-05-19 09:38:12,633 | INFO | VCPlatform | [8015937475] Stream restarted via set_stream_sources
2026-05-19 09:39:35,535 | INFO | VCPlatform | [8015937475] Stream restarted via set_stream_sources
2026-05-19 09:40:58,439 | INFO | VCPlatform | [8015937475] Stream restarted via set_stream_sources
2026-05-19 09:42:21,340 | INFO | VCPlatform | [8015937475] Stream restarted via set_stream_sources
2026-05-19 09:43:44,245 | INFO | VCPlatform | [8015937475] Stream restarted via set_stream_sources
2026-05-19 09:45:07,148 | INFO | VCPlatform | [8015937475] Stream restarted via set_stream_sources
2026-05-19 09:46:12,779 | INFO | VCPlatform | [6444599625_4] Monitor stopped for https://t.me/+Z6J56TI-fZFlZTQ1
2026-05-19 09:46:12,780 | INFO | VCPlatform | [6444599625_4] Monitors restarted: 1 running for 1 channels
2026-05-19 09:46:12,782 | INFO | VCPlatform | [6444599625_4] Monitor started for https://t.me/+Z6J56TI-fZFlZTQ1
2026-05-19 09:46:12,783 | INFO | VCPlatform | [6444599625_4] Channel from cache: '𝐒𝐮𝐫𝐞𝐬𝐡𝐨𝐭 𝐛𝐲 𝐉𝐚𝐜𝐤' (bare_id=2098714715) for https://t.me/+Z6J56TI-fZFlZTQ1
2026-05-19 09:46:12,783 | INFO | VCPlatform | [6444599625_4] VC push update handler registered
2026-05-19 09:46:30,050 | INFO | VCPlatform | [8015937475] Stream restarted via set_stream_sources
2026-05-19 09:47:52,951 | INFO | VCPlatform | [8015937475] Stream restarted via set_stream_sources
2026-05-19 09:49:15,855 | INFO | VCPlatform | [8015937475] Stream restarted via set_stream_sources
2026-05-19 09:50:38,759 | INFO | VCPlatform | [8015937475] Stream restarted via set_stream_sources
2026-05-19 09:50:53,643 | INFO | VCPlatform | [6451644278] Stream restarted via set_stream_sources
2026-05-19 09:51:53,146 | INFO | VCPlatform | [6444599625_3] Stream restarted via set_stream_sources
2026-05-19 09:52:01,664 | INFO | VCPlatform | [8015937475] Stream restarted via set_stream_sources
2026-05-19 09:52:41,705 | INFO | VCPlatform | [6444599625_4] Stream restarted via set_stream_sources
2026-05-19 09:53:24,565 | INFO | VCPlatform | [8015937475] Stream restarted via set_stream_sources
2026-05-19 09:54:43,272 | INFO | VCPlatform | [6444599625] Stream restarted via set_stream_sources
2026-05-19 09:54:47,468 | INFO | VCPlatform | [8015937475] Stream restarted via set_stream_sources
2026-05-19 09:56:10,369 | INFO | VCPlatform | [8015937475] Stream restarted via set_stream_sources
2026-05-19 09:57:33,272 | INFO | VCPlatform | [8015937475] Stream restarted via set_stream_sources
2026-05-19 09:58:56,175 | INFO | VCPlatform | [8015937475] Stream restarted via set_stream_sources
2026-05-19 09:59:56,685 | INFO | VCPlatform | [7535601861_2] Stream restarted via set_stream_sources
2026-05-19 10:00:19,086 | INFO | VCPlatform | [8015937475] Stream restarted via set_stream_sources
2026-05-19 10:01:41,989 | INFO | VCPlatform | [8015937475] Stream restarted via set_stream_sources
2026-05-19 10:03:04,892 | INFO | VCPlatform | [8015937475] Stream restarted via set_stream_sources
2026-05-19 10:04:27,796 | INFO | VCPlatform | [8015937475] Stream restarted via set_stream_sources
2026-05-19 10:05:50,698 | INFO | VCPlatform | [8015937475] Stream restarted via set_stream_sources
2026-05-19 10:07:13,600 | INFO | VCPlatform | [8015937475] Stream restarted via set_stream_sources
2026-05-19 10:08:18,989 | INFO | VCPlatform | [6444599625_2] Stream restarted via set_stream_sources
2026-05-19 10:08:36,502 | INFO | VCPlatform | [8015937475] Stream restarted via set_stream_sources
2026-05-19 10:09:59,405 | INFO | VCPlatform | [8015937475] Stream restarted via set_stream_sources
2026-05-19 10:11:22,308 | INFO | VCPlatform | [8015937475] Stream restarted via set_stream_sources
2026-05-19 10:12:45,214 | INFO | VCPlatform | [8015937475] Stream restarted via set_stream_sources
2026-05-19 10:14:08,115 | INFO | VCPlatform | [8015937475] Stream restarted via set_stream_sources
2026-05-19 10:15:31,018 | INFO | VCPlatform | [8015937475] Stream restarted via set_stream_sources
2026-05-19 10:16:53,920 | INFO | VCPlatform | [8015937475] Stream restarted via set_stream_sources
2026-05-19 10:18:16,822 | INFO | VCPlatform | [8015937475] Stream restarted via set_stream_sources
2026-05-19 10:19:19,908 | INFO | VCPlatform | [6444599625_4] Stream restarted via set_stream_sources
2026-05-19 10:19:39,724 | INFO | VCPlatform | [8015937475] Stream restarted via set_stream_sources
2026-05-19 10:21:02,626 | INFO | VCPlatform | [8015937475] Stream restarted via set_stream_sources
2026-05-19 10:21:31,846 | INFO | VCPlatform | [6451644278] Stream restarted via set_stream_sources
2026-05-19 10:22:25,529 | INFO | VCPlatform | [8015937475] Stream restarted via set_stream_sources
2026-05-19 10:22:31,348 | INFO | VCPlatform | [6444599625_3] Stream restarted via set_stream_sources
2026-05-19 10:23:48,432 | INFO | VCPlatform | [8015937475] Stream restarted via set_stream_sources
2026-05-19 10:25:11,335 | INFO | VCPlatform | [8015937475] Stream restarted via set_stream_sources
2026-05-19 10:25:21,474 | INFO | VCPlatform | [6444599625] Stream restarted via set_stream_sources
2026-05-19 10:26:34,238 | INFO | VCPlatform | [8015937475] Stream restarted via set_stream_sources
2026-05-19 10:27:57,141 | INFO | VCPlatform | [8015937475] Stream restarted via set_stream_sources
2026-05-19 10:29:20,044 | INFO | VCPlatform | [8015937475] Stream restarted via set_stream_sources
2026-05-19 10:30:34,891 | INFO | VCPlatform | [7535601861_2] Stream restarted via set_stream_sources
2026-05-19 10:30:42,949 | INFO | VCPlatform | [8015937475] Stream restarted via set_stream_sources
2026-05-19 10:32:05,852 | INFO | VCPlatform | [8015937475] Stream restarted via set_stream_sources
2026-05-19 10:33:28,755 | INFO | VCPlatform | [8015937475] Stream restarted via set_stream_sources
2026-05-19 10:34:51,658 | INFO | VCPlatform | [8015937475] Stream restarted via set_stream_sources
2026-05-19 10:36:14,560 | INFO | VCPlatform | [8015937475] Stream restarted via set_stream_sources
2026-05-19 10:37:37,462 | INFO | VCPlatform | [8015937475] Stream restarted via set_stream_sources
2026-05-19 10:38:57,191 | INFO | VCPlatform | [6444599625_2] Stream restarted via set_stream_sources
2026-05-19 10:39:00,365 | INFO | VCPlatform | [8015937475] Stream restarted via set_stream_sources
2026-05-19 10:40:23,272 | INFO | VCPlatform | [8015937475] Stream restarted via set_stream_sources
2026-05-19 10:41:46,175 | INFO | VCPlatform | [8015937475] Stream restarted via set_stream_sources
2026-05-19 10:43:09,079 | INFO | VCPlatform | [8015937475] Stream restarted via set_stream_sources
2026-05-19 10:44:31,982 | INFO | VCPlatform | [8015937475] Stream restarted via set_stream_sources
2026-05-19 10:45:54,885 | INFO | VCPlatform | [8015937475] Stream restarted via set_stream_sources
2026-05-19 10:45:58,109 | INFO | VCPlatform | [6444599625_4] Stream restarted via set_stream_sources
2026-05-19 10:47:17,787 | INFO | VCPlatform | [8015937475] Stream restarted via set_stream_sources
2026-05-19 10:48:40,690 | INFO | VCPlatform | [8015937475] Stream restarted via set_stream_sources
2026-05-19 10:50:03,593 | INFO | VCPlatform | [8015937475] Stream restarted via set_stream_sources
2026-05-19 10:51:26,497 | INFO | VCPlatform | [8015937475] Stream restarted via set_stream_sources
2026-05-19 10:52:10,049 | INFO | VCPlatform | [6451644278] Stream restarted via set_stream_sources
2026-05-19 10:52:49,401 | INFO | VCPlatform | [8015937475] Stream restarted via set_stream_sources
2026-05-19 10:53:09,552 | INFO | VCPlatform | [6444599625_3] Stream restarted via set_stream_sources
2026-05-19 10:54:12,304 | INFO | VCPlatform | [8015937475] Stream restarted via set_stream_sources
2026-05-19 10:55:35,207 | INFO | VCPlatform | [8015937475] Stream restarted via set_stream_sources
2026-05-19 10:55:59,677 | INFO | VCPlatform | [6444599625] Stream restarted via set_stream_sources
2026-05-19 10:56:58,108 | INFO | VCPlatform | [8015937475] Stream restarted via set_stream_sources
2026-05-19 10:58:21,011 | INFO | VCPlatform | [8015937475] Stream restarted via set_stream_sources
2026-05-19 10:59:43,913 | INFO | VCPlatform | [8015937475] Stream restarted via set_stream_sources
2026-05-19 11:01:06,815 | INFO | VCPlatform | [8015937475] Stream restarted via set_stream_sources
2026-05-19 11:01:13,091 | INFO | VCPlatform | [7535601861_2] Stream restarted via set_stream_sources
2026-05-19 11:02:29,717 | INFO | VCPlatform | [8015937475] Stream restarted via set_stream_sources
2026-05-19 11:03:52,620 | INFO | VCPlatform | [8015937475] Stream restarted via set_stream_sources
2026-05-19 11:05:15,522 | INFO | VCPlatform | [8015937475] Stream restarted via set_stream_sources
2026-05-19 11:06:38,424 | INFO | VCPlatform | [8015937475] Stream restarted via set_stream_sources
2026-05-19 11:08:01,329 | INFO | VCPlatform | [8015937475] Stream restarted via set_stream_sources
2026-05-19 11:09:24,234 | INFO | VCPlatform | [8015937475] Stream restarted via set_stream_sources
2026-05-19 11:09:35,392 | INFO | VCPlatform | [6444599625_2] Stream restarted via set_stream_sources
2026-05-19 11:10:47,137 | INFO | VCPlatform | [8015937475] Stream restarted via set_stream_sources
2026-05-19 11:12:10,039 | INFO | VCPlatform | [8015937475] Stream restarted via set_stream_sources
2026-05-19 11:12:36,313 | INFO | VCPlatform | [6444599625_4] Stream restarted via set_stream_sources
2026-05-19 11:13:32,942 | INFO | VCPlatform | [8015937475] Stream restarted via set_stream_sources
2026-05-19 11:14:55,845 | INFO | VCPlatform | [8015937475] Stream restarted via set_stream_sources
2026-05-19 11:16:18,748 | INFO | VCPlatform | [8015937475] Stream restarted via set_stream_sources
2026-05-19 11:17:41,656 | INFO | VCPlatform | [8015937475] Stream restarted via set_stream_sources
2026-05-19 11:19:04,555 | INFO | VCPlatform | [8015937475] Stream restarted via set_stream_sources
2026-05-19 11:20:27,457 | INFO | VCPlatform | [8015937475] Stream restarted via set_stream_sources
2026-05-19 11:21:50,359 | INFO | VCPlatform | [8015937475] Stream restarted via set_stream_sources
2026-05-19 11:22:48,252 | INFO | VCPlatform | [6451644278] Stream restarted via set_stream_sources
2026-05-19 11:23:13,262 | INFO | VCPlatform | [8015937475] Stream restarted via set_stream_sources
2026-05-19 11:23:47,753 | INFO | VCPlatform | [6444599625_3] Stream restarted via set_stream_sources
2026-05-19 11:24:36,165 | INFO | VCPlatform | [8015937475] Stream restarted via set_stream_sources
2026-05-19 11:25:59,068 | INFO | VCPlatform | [8015937475] Stream restarted via set_stream_sources
2026-05-19 11:26:37,881 | INFO | VCPlatform | [6444599625] Stream restarted via set_stream_sources
2026-05-19 11:27:21,969 | INFO | VCPlatform | [8015937475] Stream restarted via set_stream_sources
2026-05-19 11:28:44,871 | INFO | VCPlatform | [8015937475] Stream restarted via set_stream_sources
2026-05-19 11:30:07,775 | INFO | VCPlatform | [8015937475] Stream restarted via set_stream_sources
2026-05-19 11:31:30,679 | INFO | VCPlatform | [8015937475] Stream restarted via set_stream_sources
2026-05-19 11:31:51,293 | INFO | VCPlatform | [7535601861_2] Stream restarted via set_stream_sources
2026-05-19 11:32:53,580 | INFO | VCPlatform | [8015937475] Stream restarted via set_stream_sources
2026-05-19 11:34:16,488 | INFO | VCPlatform | [8015937475] Stream restarted via set_stream_sources
2026-05-19 11:35:39,390 | INFO | VCPlatform | [8015937475] Stream restarted via set_stream_sources
2026-05-19 11:37:02,295 | INFO | VCPlatform | [8015937475] Stream restarted via set_stream_sources
2026-05-19 11:38:25,195 | INFO | VCPlatform | [8015937475] Stream restarted via set_stream_sources
2026-05-19 11:39:14,516 | INFO | VCPlatform | [6444599625_4] Stream restarted via set_stream_sources
2026-05-19 11:39:48,097 | INFO | VCPlatform | [8015937475] Stream restarted via set_stream_sources
2026-05-19 11:40:13,599 | INFO | VCPlatform | [6444599625_2] Stream restarted via set_stream_sources
2026-05-19 11:41:10,998 | INFO | VCPlatform | [8015937475] Stream restarted via set_stream_sources
2026-05-19 11:42:33,900 | INFO | VCPlatform | [8015937475] Stream restarted via set_stream_sources
2026-05-19 11:43:56,802 | INFO | VCPlatform | [8015937475] Stream restarted via set_stream_sources
2026-05-19 11:45:19,706 | INFO | VCPlatform | [8015937475] Stream restarted via set_stream_sources
2026-05-19 11:46:42,608 | INFO | VCPlatform | [8015937475] Stream restarted via set_stream_sources
2026-05-19 11:48:05,510 | INFO | VCPlatform | [8015937475] Stream restarted via set_stream_sources
2026-05-19 11:49:28,414 | INFO | VCPlatform | [8015937475] Stream restarted via set_stream_sources
2026-05-19 11:50:51,316 | INFO | VCPlatform | [8015937475] Stream restarted via set_stream_sources
2026-05-19 11:52:14,222 | INFO | VCPlatform | [8015937475] Stream restarted via set_stream_sources
2026-05-19 11:53:26,457 | INFO | VCPlatform | [6451644278] Stream restarted via set_stream_sources
2026-05-19 11:53:37,123 | INFO | VCPlatform | [8015937475] Stream restarted via set_stream_sources
2026-05-19 11:54:25,955 | INFO | VCPlatform | [6444599625_3] Stream restarted via set_stream_sources
2026-05-19 11:55:00,026 | INFO | VCPlatform | [8015937475] Stream restarted via set_stream_sources
2026-05-19 11:56:22,927 | INFO | VCPlatform | [8015937475] Stream restarted via set_stream_sources
2026-05-19 11:57:16,086 | INFO | VCPlatform | [6444599625] Stream restarted via set_stream_sources
2026-05-19 11:57:45,829 | INFO | VCPlatform | [8015937475] Stream restarted via set_stream_sources
2026-05-19 11:59:08,732 | INFO | VCPlatform | [8015937475] Stream restarted via set_stream_sources
2026-05-19 12:00:31,640 | INFO | VCPlatform | [8015937475] Stream restarted via set_stream_sources
2026-05-19 12:01:54,542 | INFO | VCPlatform | [8015937475] Stream restarted via set_stream_sources
2026-05-19 12:02:29,497 | INFO | VCPlatform | [7535601861_2] Stream restarted via set_stream_sources
2026-05-19 12:03:17,445 | INFO | VCPlatform | [8015937475] Stream restarted via set_stream_sources
2026-05-19 12:04:40,353 | INFO | VCPlatform | [8015937475] Stream restarted via set_stream_sources
2026-05-19 12:05:52,718 | INFO | VCPlatform | [6444599625_4] Stream restarted via set_stream_sources
2026-05-19 12:06:03,256 | INFO | VCPlatform | [8015937475] Stream restarted via set_stream_sources
2026-05-19 12:07:26,158 | INFO | VCPlatform | [8015937475] Stream restarted via set_stream_sources
2026-05-19 12:08:49,060 | INFO | VCPlatform | [8015937475] Stream restarted via set_stream_sources
2026-05-19 12:10:11,963 | INFO | VCPlatform | [8015937475] Stream restarted via set_stream_sources
2026-05-19 12:10:51,800 | INFO | VCPlatform | [6444599625_2] Stream restarted via set_stream_sources
2026-05-19 12:11:34,866 | INFO | VCPlatform | [8015937475] Stream restarted via set_stream_sources
2026-05-19 12:12:57,769 | INFO | VCPlatform | [8015937475] Stream restarted via set_stream_sources
2026-05-19 12:14:20,670 | INFO | VCPlatform | [8015937475] Stream restarted via set_stream_sources
2026-05-19 12:15:43,577 | INFO | VCPlatform | [8015937475] Stream restarted via set_stream_sources
2026-05-19 12:17:06,501 | INFO | VCPlatform | [8015937475] Stream restarted via set_stream_sources
2026-05-19 12:18:29,402 | INFO | VCPlatform | [8015937475] Stream restarted via set_stream_sources
2026-05-19 12:19:52,308 | INFO | VCPlatform | [8015937475] Stream restarted via set_stream_sources
2026-05-19 12:21:15,210 | INFO | VCPlatform | [8015937475] Stream restarted via set_stream_sources
2026-05-19 12:22:38,111 | INFO | VCPlatform | [8015937475] Stream restarted via set_stream_sources
2026-05-19 12:24:01,015 | INFO | VCPlatform | [8015937475] Stream restarted via set_stream_sources
2026-05-19 12:24:04,660 | INFO | VCPlatform | [6451644278] Stream restarted via set_stream_sources
2026-05-19 12:25:04,158 | INFO | VCPlatform | [6444599625_3] Stream restarted via set_stream_sources
2026-05-19 12:25:23,916 | INFO | VCPlatform | [8015937475] Stream restarted via set_stream_sources
2026-05-19 12:26:46,820 | INFO | VCPlatform | [8015937475] Stream restarted via set_stream_sources
2026-05-19 12:27:54,290 | INFO | VCPlatform | [6444599625] Stream restarted via set_stream_sources
2026-05-19 12:28:09,721 | INFO | VCPlatform | [8015937475] Stream restarted via set_stream_sources
2026-05-19 12:29:32,624 | INFO | VCPlatform | [8015937475] Stream restarted via set_stream_sources
2026-05-19 12:30:55,526 | INFO | VCPlatform | [8015937475] Stream restarted via set_stream_sources
2026-05-19 12:32:18,431 | INFO | VCPlatform | [8015937475] Stream restarted via set_stream_sources
2026-05-19 12:32:30,922 | INFO | VCPlatform | [6444599625_4] Stream restarted via set_stream_sources
2026-05-19 12:33:07,699 | INFO | VCPlatform | [7535601861_2] Stream restarted via set_stream_sources
2026-05-19 12:33:41,333 | INFO | VCPlatform | [8015937475] Stream restarted via set_stream_sources
2026-05-19 12:35:04,236 | INFO | VCPlatform | [8015937475] Stream restarted via set_stream_sources
2026-05-19 12:36:27,138 | INFO | VCPlatform | [8015937475] Stream restarted via set_stream_sources
2026-05-19 12:37:50,039 | INFO | VCPlatform | [8015937475] Stream restarted via set_stream_sources
2026-05-19 12:39:12,942 | INFO | VCPlatform | [8015937475] Stream restarted via set_stream_sources
2026-05-19 12:40:35,846 | INFO | VCPlatform | [8015937475] Stream restarted via set_stream_sources
2026-05-19 12:41:30,003 | INFO | VCPlatform | [6444599625_2] Stream restarted via set_stream_sources
2026-05-19 12:41:58,747 | INFO | VCPlatform | [8015937475] Stream restarted via set_stream_sources
2026-05-19 12:43:21,650 | INFO | VCPlatform | [8015937475] Stream restarted via set_stream_sources
2026-05-19 12:44:44,552 | INFO | VCPlatform | [8015937475] Stream restarted via set_stream_sources
2026-05-19 12:46:07,455 | INFO | VCPlatform | [8015937475] Stream restarted via set_stream_sources
2026-05-19 12:47:30,359 | INFO | VCPlatform | [8015937475] Stream restarted via set_stream_sources
2026-05-19 12:48:53,260 | INFO | VCPlatform | [8015937475] Stream restarted via set_stream_sources
2026-05-19 12:50:16,163 | INFO | VCPlatform | [8015937475] Stream restarted via set_stream_sources
2026-05-19 12:51:39,067 | INFO | VCPlatform | [8015937475] Stream restarted via set_stream_sources
2026-05-19 12:53:01,980 | INFO | VCPlatform | [8015937475] Stream restarted via set_stream_sources
2026-05-19 12:54:24,884 | INFO | VCPlatform | [8015937475] Stream restarted via set_stream_sources
2026-05-19 12:54:42,861 | INFO | VCPlatform | [6451644278] Stream restarted via set_stream_sources
2026-05-19 12:55:42,359 | INFO | VCPlatform | [6444599625_3] Stream restarted via set_stream_sources
2026-05-19 12:55:47,785 | INFO | VCPlatform | [8015937475] Stream restarted via set_stream_sources
2026-05-19 12:57:10,688 | INFO | VCPlatform | [8015937475] Stream restarted via set_stream_sources
2026-05-19 12:58:32,492 | INFO | VCPlatform | [6444599625] Stream restarted via set_stream_sources
2026-05-19 12:58:33,592 | INFO | VCPlatform | [8015937475] Stream restarted via set_stream_sources
2026-05-19 12:59:09,126 | INFO | VCPlatform | [6444599625_4] Stream restarted via set_stream_sources
2026-05-19 12:59:56,493 | INFO | VCPlatform | [8015937475] Stream restarted via set_stream_sources
2026-05-19 13:01:19,394 | INFO | VCPlatform | [8015937475] Stream restarted via set_stream_sources
2026-05-19 13:02:42,296 | INFO | VCPlatform | [8015937475] Stream restarted via set_stream_sources
2026-05-19 13:03:45,904 | INFO | VCPlatform | [7535601861_2] Stream restarted via set_stream_sources
2026-05-19 13:04:05,198 | INFO | VCPlatform | [8015937475] Stream restarted via set_stream_sources
2026-05-19 13:05:28,103 | INFO | VCPlatform | [8015937475] Stream restarted via set_stream_sources
2026-05-19 13:06:51,005 | INFO | VCPlatform | [8015937475] Stream restarted via set_stream_sources
2026-05-19 13:08:13,908 | INFO | VCPlatform | [8015937475] Stream restarted via set_stream_sources
2026-05-19 13:09:36,810 | INFO | VCPlatform | [8015937475] Stream restarted via set_stream_sources
2026-05-19 13:10:59,713 | INFO | VCPlatform | [8015937475] Stream restarted via set_stream_sources
2026-05-19 13:12:08,204 | INFO | VCPlatform | [6444599625_2] Stream restarted via set_stream_sources
2026-05-19 13:12:22,615 | INFO | VCPlatform | [8015937475] Stream restarted via set_stream_sources
2026-05-19 13:13:45,516 | INFO | VCPlatform | [8015937475] Stream restarted via set_stream_sources
2026-05-19 13:15:08,420 | INFO | VCPlatform | [8015937475] Stream restarted via set_stream_sources
2026-05-19 13:16:31,326 | INFO | VCPlatform | [8015937475] Stream restarted via set_stream_sources
2026-05-19 13:17:54,228 | INFO | VCPlatform | [8015937475] Stream restarted via set_stream_sources
2026-05-19 13:19:17,132 | INFO | VCPlatform | [8015937475] Stream restarted via set_stream_sources
2026-05-19 13:20:40,035 | INFO | VCPlatform | [8015937475] Stream restarted via set_stream_sources
2026-05-19 13:22:02,939 | INFO | VCPlatform | [8015937475] Stream restarted via set_stream_sources
2026-05-19 13:23:25,840 | INFO | VCPlatform | [8015937475] Stream restarted via set_stream_sources
2026-05-19 13:24:48,742 | INFO | VCPlatform | [8015937475] Stream restarted via set_stream_sources
2026-05-19 13:25:21,063 | INFO | VCPlatform | [6451644278] Stream restarted via set_stream_sources
2026-05-19 13:25:47,328 | INFO | VCPlatform | [6444599625_4] Stream restarted via set_stream_sources
2026-05-19 13:26:11,646 | INFO | VCPlatform | [8015937475] Stream restarted via set_stream_sources
2026-05-19 13:26:20,561 | INFO | VCPlatform | [6444599625_3] Stream restarted via set_stream_sources
2026-05-19 13:27:34,547 | INFO | VCPlatform | [8015937475] Stream restarted via set_stream_sources
2026-05-19 13:28:57,450 | INFO | VCPlatform | [8015937475] Stream restarted via set_stream_sources
2026-05-19 13:29:10,694 | INFO | VCPlatform | [6444599625] Stream restarted via set_stream_sources
2026-05-19 13:29:26,849 | ERROR | telegram.ext.Updater | Error while getting Updates: httpx.ReadError: 
2026-05-19 13:29:26,851 | ERROR | telegram.ext.Updater | Exception happened while polling for updates.
Traceback (most recent call last):
  File "/root/voiceplay/.venv/lib/python3.10/site-packages/httpx/_transports/default.py", line 66, in map_httpcore_exceptions
    yield
  File "/root/voiceplay/.venv/lib/python3.10/site-packages/httpx/_transports/default.py", line 366, in handle_async_request
    resp = await self._pool.handle_async_request(req)
  File "/root/voiceplay/.venv/lib/python3.10/site-packages/httpcore/_async/connection_pool.py", line 256, in handle_async_request
    raise exc from None
  File "/root/voiceplay/.venv/lib/python3.10/site-packages/httpcore/_async/connection_pool.py", line 236, in handle_async_request
    response = await connection.handle_async_request(
  File "/root/voiceplay/.venv/lib/python3.10/site-packages/httpcore/_async/connection.py", line 103, in handle_async_request
    return await self._connection.handle_async_request(request)
  File "/root/voiceplay/.venv/lib/python3.10/site-packages/httpcore/_async/http11.py", line 136, in handle_async_request
    raise exc
  File "/root/voiceplay/.venv/lib/python3.10/site-packages/httpcore/_async/http11.py", line 106, in handle_async_request
    ) = await self._receive_response_headers(**kwargs)
  File "/root/voiceplay/.venv/lib/python3.10/site-packages/httpcore/_async/http11.py", line 177, in _receive_response_headers
    event = await self._receive_event(timeout=timeout)
  File "/root/voiceplay/.venv/lib/python3.10/site-packages/httpcore/_async/http11.py", line 217, in _receive_event
    data = await self._network_stream.read(
  File "/root/voiceplay/.venv/lib/python3.10/site-packages/httpcore/_backends/anyio.py", line 32, in read
    with map_exceptions(exc_map):
  File "/usr/lib/python3.10/contextlib.py", line 153, in __exit__
    self.gen.throw(typ, value, traceback)
  File "/root/voiceplay/.venv/lib/python3.10/site-packages/httpcore/_exceptions.py", line 14, in map_exceptions
    raise to_exc(exc) from exc
httpcore.ReadError

The above exception was the direct cause of the following exception:

Traceback (most recent call last):
  File "/root/voiceplay/.venv/lib/python3.10/site-packages/telegram/request/_httpxrequest.py", line 268, in do_request
    res = await self._client.request(
  File "/root/voiceplay/.venv/lib/python3.10/site-packages/httpx/_client.py", line 1530, in request
    return await self.send(request, auth=auth, follow_redirects=follow_redirects)
  File "/root/voiceplay/.venv/lib/python3.10/site-packages/httpx/_client.py", line 1617, in send
    response = await self._send_handling_auth(
  File "/root/voiceplay/.venv/lib/python3.10/site-packages/httpx/_client.py", line 1645, in _send_handling_auth
    response = await self._send_handling_redirects(
  File "/root/voiceplay/.venv/lib/python3.10/site-packages/httpx/_client.py", line 1682, in _send_handling_redirects
    response = await self._send_single_request(request)
  File "/root/voiceplay/.venv/lib/python3.10/site-packages/httpx/_client.py", line 1719, in _send_single_request
    response = await transport.handle_async_request(request)
  File "/root/voiceplay/.venv/lib/python3.10/site-packages/httpx/_transports/default.py", line 365, in handle_async_request
    with map_httpcore_exceptions():
  File "/usr/lib/python3.10/contextlib.py", line 153, in __exit__
    self.gen.throw(typ, value, traceback)
  File "/root/voiceplay/.venv/lib/python3.10/site-packages/httpx/_transports/default.py", line 83, in map_httpcore_exceptions
    raise mapped_exc(message) from exc
httpx.ReadError

The above exception was the direct cause of the following exception:

Traceback (most recent call last):
  File "/root/voiceplay/.venv/lib/python3.10/site-packages/telegram/ext/_updater.py", line 688, in _network_loop_retry
    if not await action_cb():
  File "/root/voiceplay/.venv/lib/python3.10/site-packages/telegram/ext/_updater.py", line 384, in polling_action_cb
    raise exc
  File "/root/voiceplay/.venv/lib/python3.10/site-packages/telegram/ext/_updater.py", line 373, in polling_action_cb
    updates = await self.bot.get_updates(
  File "/root/voiceplay/.venv/lib/python3.10/site-packages/telegram/ext/_extbot.py", line 558, in get_updates
    updates = await super().get_updates(
  File "/root/voiceplay/.venv/lib/python3.10/site-packages/telegram/_bot.py", line 525, in decorator
    result = await func(self, *args, **kwargs)  # skipcq: PYL-E1102
  File "/root/voiceplay/.venv/lib/python3.10/site-packages/telegram/_bot.py", line 3584, in get_updates
    await self._post(
  File "/root/voiceplay/.venv/lib/python3.10/site-packages/telegram/_bot.py", line 613, in _post
    return await self._do_post(
  File "/root/voiceplay/.venv/lib/python3.10/site-packages/telegram/ext/_extbot.py", line 340, in _do_post
    return await super()._do_post(
  File "/root/voiceplay/.venv/lib/python3.10/site-packages/telegram/_bot.py", line 641, in _do_post
    return await request.post(
  File "/root/voiceplay/.venv/lib/python3.10/site-packages/telegram/request/_baserequest.py", line 200, in post
    result = await self._request_wrapper(
  File "/root/voiceplay/.venv/lib/python3.10/site-packages/telegram/request/_baserequest.py", line 340, in _request_wrapper
    raise exc
  File "/root/voiceplay/.venv/lib/python3.10/site-packages/telegram/request/_baserequest.py", line 330, in _request_wrapper
    code, payload = await self.do_request(
  File "/root/voiceplay/.venv/lib/python3.10/site-packages/telegram/request/_httpxrequest.py", line 292, in do_request
    raise NetworkError(f"httpx.{err.__class__.__name__}: {err}") from err
telegram.error.NetworkError: httpx.ReadError: 
2026-05-19 13:30:20,362 | INFO | VCPlatform | [8015937475] Stream restarted via set_stream_sources
2026-05-19 13:31:43,265 | INFO | VCPlatform | [8015937475] Stream restarted via set_stream_sources
2026-05-19 13:32:58,965 | ERROR | telegram.ext.Updater | Error while getting Updates: httpx.ReadError: 
2026-05-19 13:32:58,966 | ERROR | telegram.ext.Updater | Exception happened while polling for updates.
Traceback (most recent call last):
  File "/root/voiceplay/.venv/lib/python3.10/site-packages/httpx/_transports/default.py", line 66, in map_httpcore_exceptions
    yield
  File "/root/voiceplay/.venv/lib/python3.10/site-packages/httpx/_transports/default.py", line 366, in handle_async_request
    resp = await self._pool.handle_async_request(req)
  File "/root/voiceplay/.venv/lib/python3.10/site-packages/httpcore/_async/connection_pool.py", line 256, in handle_async_request
    raise exc from None
  File "/root/voiceplay/.venv/lib/python3.10/site-packages/httpcore/_async/connection_pool.py", line 236, in handle_async_request
    response = await connection.handle_async_request(
  File "/root/voiceplay/.venv/lib/python3.10/site-packages/httpcore/_async/connection.py", line 103, in handle_async_request
    return await self._connection.handle_async_request(request)
  File "/root/voiceplay/.venv/lib/python3.10/site-packages/httpcore/_async/http11.py", line 136, in handle_async_request
    raise exc
  File "/root/voiceplay/.venv/lib/python3.10/site-packages/httpcore/_async/http11.py", line 106, in handle_async_request
    ) = await self._receive_response_headers(**kwargs)
  File "/root/voiceplay/.venv/lib/python3.10/site-packages/httpcore/_async/http11.py", line 177, in _receive_response_headers
    event = await self._receive_event(timeout=timeout)
  File "/root/voiceplay/.venv/lib/python3.10/site-packages/httpcore/_async/http11.py", line 217, in _receive_event
    data = await self._network_stream.read(
  File "/root/voiceplay/.venv/lib/python3.10/site-packages/httpcore/_backends/anyio.py", line 32, in read
    with map_exceptions(exc_map):
  File "/usr/lib/python3.10/contextlib.py", line 153, in __exit__
    self.gen.throw(typ, value, traceback)
  File "/root/voiceplay/.venv/lib/python3.10/site-packages/httpcore/_exceptions.py", line 14, in map_exceptions
    raise to_exc(exc) from exc
httpcore.ReadError

The above exception was the direct cause of the following exception:

Traceback (most recent call last):
  File "/root/voiceplay/.venv/lib/python3.10/site-packages/telegram/request/_httpxrequest.py", line 268, in do_request
    res = await self._client.request(
  File "/root/voiceplay/.venv/lib/python3.10/site-packages/httpx/_client.py", line 1530, in request
    return await self.send(request, auth=auth, follow_redirects=follow_redirects)
  File "/root/voiceplay/.venv/lib/python3.10/site-packages/httpx/_client.py", line 1617, in send
    response = await self._send_handling_auth(
  File "/root/voiceplay/.venv/lib/python3.10/site-packages/httpx/_client.py", line 1645, in _send_handling_auth
    response = await self._send_handling_redirects(
  File "/root/voiceplay/.venv/lib/python3.10/site-packages/httpx/_client.py", line 1682, in _send_handling_redirects
    response = await self._send_single_request(request)
  File "/root/voiceplay/.venv/lib/python3.10/site-packages/httpx/_client.py", line 1719, in _send_single_request
    response = await transport.handle_async_request(request)
  File "/root/voiceplay/.venv/lib/python3.10/site-packages/httpx/_transports/default.py", line 365, in handle_async_request
    with map_httpcore_exceptions():
  File "/usr/lib/python3.10/contextlib.py", line 153, in __exit__
    self.gen.throw(typ, value, traceback)
  File "/root/voiceplay/.venv/lib/python3.10/site-packages/httpx/_transports/default.py", line 83, in map_httpcore_exceptions
    raise mapped_exc(message) from exc
httpx.ReadError

The above exception was the direct cause of the following exception:

Traceback (most recent call last):
  File "/root/voiceplay/.venv/lib/python3.10/site-packages/telegram/ext/_updater.py", line 688, in _network_loop_retry
    if not await action_cb():
  File "/root/voiceplay/.venv/lib/python3.10/site-packages/telegram/ext/_updater.py", line 384, in polling_action_cb
    raise exc
  File "/root/voiceplay/.venv/lib/python3.10/site-packages/telegram/ext/_updater.py", line 373, in polling_action_cb
    updates = await self.bot.get_updates(
  File "/root/voiceplay/.venv/lib/python3.10/site-packages/telegram/ext/_extbot.py", line 558, in get_updates
    updates = await super().get_updates(
  File "/root/voiceplay/.venv/lib/python3.10/site-packages/telegram/_bot.py", line 525, in decorator
    result = await func(self, *args, **kwargs)  # skipcq: PYL-E1102
  File "/root/voiceplay/.venv/lib/python3.10/site-packages/telegram/_bot.py", line 3584, in get_updates
    await self._post(
  File "/root/voiceplay/.venv/lib/python3.10/site-packages/telegram/_bot.py", line 613, in _post
    return await self._do_post(
  File "/root/voiceplay/.venv/lib/python3.10/site-packages/telegram/ext/_extbot.py", line 340, in _do_post
    return await super()._do_post(
  File "/root/voiceplay/.venv/lib/python3.10/site-packages/telegram/_bot.py", line 641, in _do_post
    return await request.post(
  File "/root/voiceplay/.venv/lib/python3.10/site-packages/telegram/request/_baserequest.py", line 200, in post
    result = await self._request_wrapper(
  File "/root/voiceplay/.venv/lib/python3.10/site-packages/telegram/request/_baserequest.py", line 340, in _request_wrapper
    raise exc
  File "/root/voiceplay/.venv/lib/python3.10/site-packages/telegram/request/_baserequest.py", line 330, in _request_wrapper
    code, payload = await self.do_request(
  File "/root/voiceplay/.venv/lib/python3.10/site-packages/telegram/request/_httpxrequest.py", line 292, in do_request
    raise NetworkError(f"httpx.{err.__class__.__name__}: {err}") from err
telegram.error.NetworkError: httpx.ReadError: 
2026-05-19 13:33:06,166 | INFO | VCPlatform | [8015937475] Stream restarted via set_stream_sources
2026-05-19 13:34:24,106 | INFO | VCPlatform | [7535601861_2] Stream restarted via set_stream_sources
2026-05-19 13:34:29,068 | INFO | VCPlatform | [8015937475] Stream restarted via set_stream_sources
2026-05-19 13:35:51,971 | INFO | VCPlatform | [8015937475] Stream restarted via set_stream_sources
2026-05-19 13:37:14,874 | INFO | VCPlatform | [8015937475] Stream restarted via set_stream_sources
2026-05-19 13:38:37,775 | INFO | VCPlatform | [8015937475] Stream restarted via set_stream_sources
2026-05-19 13:40:00,679 | INFO | VCPlatform | [8015937475] Stream restarted via set_stream_sources
2026-05-19 13:41:23,581 | INFO | VCPlatform | [8015937475] Stream restarted via set_stream_sources
2026-05-19 13:42:46,408 | INFO | VCPlatform | [6444599625_2] Stream restarted via set_stream_sources
2026-05-19 13:42:46,482 | INFO | VCPlatform | [8015937475] Stream restarted via set_stream_sources
2026-05-19 13:44:09,384 | INFO | VCPlatform | [8015937475] Stream restarted via set_stream_sources
2026-05-19 13:45:32,288 | INFO | VCPlatform | [8015937475] Stream restarted via set_stream_sources
2026-05-19 13:46:55,191 | INFO | VCPlatform | [8015937475] Stream restarted via set_stream_sources
2026-05-19 13:48:18,094 | INFO | VCPlatform | [8015937475] Stream restarted via set_stream_sources
2026-05-19 13:49:40,996 | INFO | VCPlatform | [8015937475] Stream restarted via set_stream_sources
2026-05-19 13:51:03,898 | INFO | VCPlatform | [8015937475] Stream restarted via set_stream_sources
2026-05-19 13:52:25,532 | INFO | VCPlatform | [6444599625_4] Stream restarted via set_stream_sources
2026-05-19 13:52:26,798 | INFO | VCPlatform | [8015937475] Stream restarted via set_stream_sources
2026-05-19 13:53:49,701 | INFO | VCPlatform | [8015937475] Stream restarted via set_stream_sources
2026-05-19 13:55:12,602 | INFO | VCPlatform | [8015937475] Stream restarted via set_stream_sources
2026-05-19 13:55:59,265 | INFO | VCPlatform | [6451644278] Stream restarted via set_stream_sources
2026-05-19 13:56:35,504 | INFO | VCPlatform | [8015937475] Stream restarted via set_stream_sources
2026-05-19 13:56:58,763 | INFO | VCPlatform | [6444599625_3] Stream restarted via set_stream_sources
2026-05-19 13:57:58,406 | INFO | VCPlatform | [8015937475] Stream restarted via set_stream_sources
2026-05-19 13:59:21,308 | INFO | VCPlatform | [8015937475] Stream restarted via set_stream_sources
2026-05-19 13:59:48,901 | INFO | VCPlatform | [6444599625] Stream restarted via set_stream_sources
2026-05-19 14:00:44,209 | INFO | VCPlatform | [8015937475] Stream restarted via set_stream_sources
2026-05-19 14:02:07,112 | INFO | VCPlatform | [8015937475] Stream restarted via set_stream_sources
2026-05-19 14:03:30,014 | INFO | VCPlatform | [8015937475] Stream restarted via set_stream_sources
2026-05-19 14:04:52,918 | INFO | VCPlatform | [8015937475] Stream restarted via set_stream_sources
2026-05-19 14:05:02,594 | INFO | VCPlatform | [7535601861_2] Stream restarted via set_stream_sources
2026-05-19 14:06:15,819 | INFO | VCPlatform | [8015937475] Stream restarted via set_stream_sources
2026-05-19 14:07:38,722 | INFO | VCPlatform | [8015937475] Stream restarted via set_stream_sources
2026-05-19 14:09:01,638 | INFO | VCPlatform | [8015937475] Stream restarted via set_stream_sources
2026-05-19 14:10:24,539 | INFO | VCPlatform | [8015937475] Stream restarted via set_stream_sources
2026-05-19 14:11:47,442 | INFO | VCPlatform | [8015937475] Stream restarted via set_stream_sources
2026-05-19 14:13:10,358 | INFO | VCPlatform | [8015937475] Stream restarted via set_stream_sources
2026-05-19 14:13:24,609 | INFO | VCPlatform | [6444599625_2] Stream restarted via set_stream_sources
2026-05-19 14:14:33,261 | INFO | VCPlatform | [8015937475] Stream restarted via set_stream_sources
2026-05-19 14:15:56,163 | INFO | VCPlatform | [8015937475] Stream restarted via set_stream_sources
2026-05-19 14:17:19,066 | INFO | VCPlatform | [8015937475] Stream restarted via set_stream_sources
2026-05-19 14:18:41,969 | INFO | VCPlatform | [8015937475] Stream restarted via set_stream_sources
2026-05-19 14:19:03,734 | INFO | VCPlatform | [6444599625_4] Stream restarted via set_stream_sources
2026-05-19 14:20:04,871 | INFO | VCPlatform | [8015937475] Stream restarted via set_stream_sources
2026-05-19 14:21:27,773 | INFO | VCPlatform | [8015937475] Stream restarted via set_stream_sources
2026-05-19 14:22:50,676 | INFO | VCPlatform | [8015937475] Stream restarted via set_stream_sources
2026-05-19 14:24:13,579 | INFO | VCPlatform | [8015937475] Stream restarted via set_stream_sources
2026-05-19 14:25:36,482 | INFO | VCPlatform | [8015937475] Stream restarted via set_stream_sources
2026-05-19 14:26:37,468 | INFO | VCPlatform | [6451644278] Stream restarted via set_stream_sources
2026-05-19 14:26:59,383 | INFO | VCPlatform | [8015937475] Stream restarted via set_stream_sources
2026-05-19 14:27:36,268 | ERROR | telegram.ext.Updater | Error while getting Updates: httpx.ReadError: 
2026-05-19 14:27:36,269 | ERROR | telegram.ext.Updater | Exception happened while polling for updates.
Traceback (most recent call last):
  File "/root/voiceplay/.venv/lib/python3.10/site-packages/httpx/_transports/default.py", line 66, in map_httpcore_exceptions
    yield
  File "/root/voiceplay/.venv/lib/python3.10/site-packages/httpx/_transports/default.py", line 366, in handle_async_request
    resp = await self._pool.handle_async_request(req)
  File "/root/voiceplay/.venv/lib/python3.10/site-packages/httpcore/_async/connection_pool.py", line 256, in handle_async_request
    raise exc from None
  File "/root/voiceplay/.venv/lib/python3.10/site-packages/httpcore/_async/connection_pool.py", line 236, in handle_async_request
    response = await connection.handle_async_request(
  File "/root/voiceplay/.venv/lib/python3.10/site-packages/httpcore/_async/connection.py", line 103, in handle_async_request
    return await self._connection.handle_async_request(request)
  File "/root/voiceplay/.venv/lib/python3.10/site-packages/httpcore/_async/http11.py", line 136, in handle_async_request
    raise exc
  File "/root/voiceplay/.venv/lib/python3.10/site-packages/httpcore/_async/http11.py", line 106, in handle_async_request
    ) = await self._receive_response_headers(**kwargs)
  File "/root/voiceplay/.venv/lib/python3.10/site-packages/httpcore/_async/http11.py", line 177, in _receive_response_headers
    event = await self._receive_event(timeout=timeout)
  File "/root/voiceplay/.venv/lib/python3.10/site-packages/httpcore/_async/http11.py", line 217, in _receive_event
    data = await self._network_stream.read(
  File "/root/voiceplay/.venv/lib/python3.10/site-packages/httpcore/_backends/anyio.py", line 32, in read
    with map_exceptions(exc_map):
  File "/usr/lib/python3.10/contextlib.py", line 153, in __exit__
    self.gen.throw(typ, value, traceback)
  File "/root/voiceplay/.venv/lib/python3.10/site-packages/httpcore/_exceptions.py", line 14, in map_exceptions
    raise to_exc(exc) from exc
httpcore.ReadError

The above exception was the direct cause of the following exception:

Traceback (most recent call last):
  File "/root/voiceplay/.venv/lib/python3.10/site-packages/telegram/request/_httpxrequest.py", line 268, in do_request
    res = await self._client.request(
  File "/root/voiceplay/.venv/lib/python3.10/site-packages/httpx/_client.py", line 1530, in request
    return await self.send(request, auth=auth, follow_redirects=follow_redirects)
  File "/root/voiceplay/.venv/lib/python3.10/site-packages/httpx/_client.py", line 1617, in send
    response = await self._send_handling_auth(
  File "/root/voiceplay/.venv/lib/python3.10/site-packages/httpx/_client.py", line 1645, in _send_handling_auth
    response = await self._send_handling_redirects(
  File "/root/voiceplay/.venv/lib/python3.10/site-packages/httpx/_client.py", line 1682, in _send_handling_redirects
    response = await self._send_single_request(request)
  File "/root/voiceplay/.venv/lib/python3.10/site-packages/httpx/_client.py", line 1719, in _send_single_request
    response = await transport.handle_async_request(request)
  File "/root/voiceplay/.venv/lib/python3.10/site-packages/httpx/_transports/default.py", line 365, in handle_async_request
    with map_httpcore_exceptions():
  File "/usr/lib/python3.10/contextlib.py", line 153, in __exit__
    self.gen.throw(typ, value, traceback)
  File "/root/voiceplay/.venv/lib/python3.10/site-packages/httpx/_transports/default.py", line 83, in map_httpcore_exceptions
    raise mapped_exc(message) from exc
httpx.ReadError

The above exception was the direct cause of the following exception:

Traceback (most recent call last):
  File "/root/voiceplay/.venv/lib/python3.10/site-packages/telegram/ext/_updater.py", line 688, in _network_loop_retry
    if not await action_cb():
  File "/root/voiceplay/.venv/lib/python3.10/site-packages/telegram/ext/_updater.py", line 384, in polling_action_cb
    raise exc
  File "/root/voiceplay/.venv/lib/python3.10/site-packages/telegram/ext/_updater.py", line 373, in polling_action_cb
    updates = await self.bot.get_updates(
  File "/root/voiceplay/.venv/lib/python3.10/site-packages/telegram/ext/_extbot.py", line 558, in get_updates
    updates = await super().get_updates(
  File "/root/voiceplay/.venv/lib/python3.10/site-packages/telegram/_bot.py", line 525, in decorator
    result = await func(self, *args, **kwargs)  # skipcq: PYL-E1102
  File "/root/voiceplay/.venv/lib/python3.10/site-packages/telegram/_bot.py", line 3584, in get_updates
    await self._post(
  File "/root/voiceplay/.venv/lib/python3.10/site-packages/telegram/_bot.py", line 613, in _post
    return await self._do_post(
  File "/root/voiceplay/.venv/lib/python3.10/site-packages/telegram/ext/_extbot.py", line 340, in _do_post
    return await super()._do_post(
  File "/root/voiceplay/.venv/lib/python3.10/site-packages/telegram/_bot.py", line 641, in _do_post
    return await request.post(
  File "/root/voiceplay/.venv/lib/python3.10/site-packages/telegram/request/_baserequest.py", line 200, in post
    result = await self._request_wrapper(
  File "/root/voiceplay/.venv/lib/python3.10/site-packages/telegram/request/_baserequest.py", line 340, in _request_wrapper
    raise exc
  File "/root/voiceplay/.venv/lib/python3.10/site-packages/telegram/request/_baserequest.py", line 330, in _request_wrapper
    code, payload = await self.do_request(
  File "/root/voiceplay/.venv/lib/python3.10/site-packages/telegram/request/_httpxrequest.py", line 292, in do_request
    raise NetworkError(f"httpx.{err.__class__.__name__}: {err}") from err
telegram.error.NetworkError: httpx.ReadError: 
2026-05-19 14:27:36,965 | INFO | VCPlatform | [6444599625_3] Stream restarted via set_stream_sources
2026-05-19 14:28:22,284 | INFO | VCPlatform | [8015937475] Stream restarted via set_stream_sources
2026-05-19 14:29:45,186 | INFO | VCPlatform | [8015937475] Stream restarted via set_stream_sources
2026-05-19 14:30:10,657 | ERROR | telegram.ext.Updater | Error while getting Updates: httpx.ReadError: 
2026-05-19 14:30:10,657 | ERROR | telegram.ext.Updater | Exception happened while polling for updates.
Traceback (most recent call last):
  File "/root/voiceplay/.venv/lib/python3.10/site-packages/httpx/_transports/default.py", line 66, in map_httpcore_exceptions
    yield
  File "/root/voiceplay/.venv/lib/python3.10/site-packages/httpx/_transports/default.py", line 366, in handle_async_request
    resp = await self._pool.handle_async_request(req)
  File "/root/voiceplay/.venv/lib/python3.10/site-packages/httpcore/_async/connection_pool.py", line 256, in handle_async_request
    raise exc from None
  File "/root/voiceplay/.venv/lib/python3.10/site-packages/httpcore/_async/connection_pool.py", line 236, in handle_async_request
    response = await connection.handle_async_request(
  File "/root/voiceplay/.venv/lib/python3.10/site-packages/httpcore/_async/connection.py", line 103, in handle_async_request
    return await self._connection.handle_async_request(request)
  File "/root/voiceplay/.venv/lib/python3.10/site-packages/httpcore/_async/http11.py", line 136, in handle_async_request
    raise exc
  File "/root/voiceplay/.venv/lib/python3.10/site-packages/httpcore/_async/http11.py", line 106, in handle_async_request
    ) = await self._receive_response_headers(**kwargs)
  File "/root/voiceplay/.venv/lib/python3.10/site-packages/httpcore/_async/http11.py", line 177, in _receive_response_headers
    event = await self._receive_event(timeout=timeout)
  File "/root/voiceplay/.venv/lib/python3.10/site-packages/httpcore/_async/http11.py", line 217, in _receive_event
    data = await self._network_stream.read(
  File "/root/voiceplay/.venv/lib/python3.10/site-packages/httpcore/_backends/anyio.py", line 32, in read
    with map_exceptions(exc_map):
  File "/usr/lib/python3.10/contextlib.py", line 153, in __exit__
    self.gen.throw(typ, value, traceback)
  File "/root/voiceplay/.venv/lib/python3.10/site-packages/httpcore/_exceptions.py", line 14, in map_exceptions
    raise to_exc(exc) from exc
httpcore.ReadError

The above exception was the direct cause of the following exception:

Traceback (most recent call last):
  File "/root/voiceplay/.venv/lib/python3.10/site-packages/telegram/request/_httpxrequest.py", line 268, in do_request
    res = await self._client.request(
  File "/root/voiceplay/.venv/lib/python3.10/site-packages/httpx/_client.py", line 1530, in request
    return await self.send(request, auth=auth, follow_redirects=follow_redirects)
  File "/root/voiceplay/.venv/lib/python3.10/site-packages/httpx/_client.py", line 1617, in send
    response = await self._send_handling_auth(
  File "/root/voiceplay/.venv/lib/python3.10/site-packages/httpx/_client.py", line 1645, in _send_handling_auth
    response = await self._send_handling_redirects(
  File "/root/voiceplay/.venv/lib/python3.10/site-packages/httpx/_client.py", line 1682, in _send_handling_redirects
    response = await self._send_single_request(request)
  File "/root/voiceplay/.venv/lib/python3.10/site-packages/httpx/_client.py", line 1719, in _send_single_request
    response = await transport.handle_async_request(request)
  File "/root/voiceplay/.venv/lib/python3.10/site-packages/httpx/_transports/default.py", line 365, in handle_async_request
    with map_httpcore_exceptions():
  File "/usr/lib/python3.10/contextlib.py", line 153, in __exit__
    self.gen.throw(typ, value, traceback)
  File "/root/voiceplay/.venv/lib/python3.10/site-packages/httpx/_transports/default.py", line 83, in map_httpcore_exceptions
    raise mapped_exc(message) from exc
httpx.ReadError

The above exception was the direct cause of the following exception:

Traceback (most recent call last):
  File "/root/voiceplay/.venv/lib/python3.10/site-packages/telegram/ext/_updater.py", line 688, in _network_loop_retry
    if not await action_cb():
  File "/root/voiceplay/.venv/lib/python3.10/site-packages/telegram/ext/_updater.py", line 384, in polling_action_cb
    raise exc
  File "/root/voiceplay/.venv/lib/python3.10/site-packages/telegram/ext/_updater.py", line 373, in polling_action_cb
    updates = await self.bot.get_updates(
  File "/root/voiceplay/.venv/lib/python3.10/site-packages/telegram/ext/_extbot.py", line 558, in get_updates
    updates = await super().get_updates(
  File "/root/voiceplay/.venv/lib/python3.10/site-packages/telegram/_bot.py", line 525, in decorator
    result = await func(self, *args, **kwargs)  # skipcq: PYL-E1102
  File "/root/voiceplay/.venv/lib/python3.10/site-packages/telegram/_bot.py", line 3584, in get_updates
    await self._post(
  File "/root/voiceplay/.venv/lib/python3.10/site-packages/telegram/_bot.py", line 613, in _post
    return await self._do_post(
  File "/root/voiceplay/.venv/lib/python3.10/site-packages/telegram/ext/_extbot.py", line 340, in _do_post
    return await super()._do_post(
  File "/root/voiceplay/.venv/lib/python3.10/site-packages/telegram/_bot.py", line 641, in _do_post
    return await request.post(
  File "/root/voiceplay/.venv/lib/python3.10/site-packages/telegram/request/_baserequest.py", line 200, in post
    result = await self._request_wrapper(
  File "/root/voiceplay/.venv/lib/python3.10/site-packages/telegram/request/_baserequest.py", line 340, in _request_wrapper
    raise exc
  File "/root/voiceplay/.venv/lib/python3.10/site-packages/telegram/request/_baserequest.py", line 330, in _request_wrapper
    code, payload = await self.do_request(
  File "/root/voiceplay/.venv/lib/python3.10/site-packages/telegram/request/_httpxrequest.py", line 292, in do_request
    raise NetworkError(f"httpx.{err.__class__.__name__}: {err}") from err
telegram.error.NetworkError: httpx.ReadError: 
2026-05-19 14:30:27,103 | INFO | VCPlatform | [6444599625] Stream restarted via set_stream_sources
2026-05-19 14:31:08,089 | INFO | VCPlatform | [8015937475] Stream restarted via set_stream_sources
2026-05-19 14:32:30,991 | INFO | VCPlatform | [8015937475] Stream restarted via set_stream_sources
2026-05-19 14:33:53,893 | INFO | VCPlatform | [8015937475] Stream restarted via set_stream_sources
2026-05-19 14:33:54,978 | INFO | VCPlatform | [6444599625_4] Monitor stopped for https://t.me/+Z6J56TI-fZFlZTQ1
2026-05-19 14:33:55,053 | INFO | VCPlatform | Session file deleted: sessions/+918572900010.session
2026-05-19 14:34:16,474 | INFO | VCPlatform | [6444599625_4] Monitor started for https://t.me/+Z6J56TI-fZFlZTQ1
2026-05-19 14:34:16,476 | INFO | VCPlatform | [6444599625_4] Channel from cache: '𝐒𝐮𝐫𝐞𝐬𝐡𝐨𝐭 𝐛𝐲 𝐉𝐚𝐜𝐤' (bare_id=2098714715) for https://t.me/+Z6J56TI-fZFlZTQ1
2026-05-19 14:34:16,477 | INFO | VCPlatform | [6444599625_4] VC push update handler registered
2026-05-19 14:34:17,351 | INFO | VCPlatform | [6444599625_4] Live already running in https://t.me/+Z6J56TI-fZFlZTQ1 on startup — joining...
2026-05-19 14:34:21,714 | INFO | VCPlatform | [6444599625_4] NTG: ConnectionState.CONNECTING
2026-05-19 14:34:21,715 | INFO | VCPlatform | [6444599625_4] Joined VC in chat -1002098714715
2026-05-19 14:34:21,715 | INFO | VCPlatform | [6444599625_4] Joined VC on startup in https://t.me/+Z6J56TI-fZFlZTQ1
2026-05-19 14:34:22,097 | INFO | VCPlatform | [6444599625_4] NTG: ConnectionState.CONNECTED
2026-05-19 14:35:16,796 | INFO | VCPlatform | [8015937475] Stream restarted via set_stream_sources
2026-05-19 14:35:40,687 | INFO | VCPlatform | [7535601861_2] Stream restarted via set_stream_sources
2026-05-19 14:36:39,697 | INFO | VCPlatform | [8015937475] Stream restarted via set_stream_sources
2026-05-19 14:38:02,600 | INFO | VCPlatform | [8015937475] Stream restarted via set_stream_sources
2026-05-19 14:39:25,502 | INFO | VCPlatform | [8015937475] Stream restarted via set_stream_sources
2026-05-19 14:40:48,405 | INFO | VCPlatform | [8015937475] Stream restarted via set_stream_sources
2026-05-19 14:41:52,422 | INFO | VCPlatform | [6444599625_3] VC ENDED (push update) in https://t.me/+hnGoxIQ1wj83NGVl
2026-05-19 14:42:11,307 | INFO | VCPlatform | [8015937475] Stream restarted via set_stream_sources
2026-05-19 14:43:34,211 | INFO | VCPlatform | [8015937475] Stream restarted via set_stream_sources
2026-05-19 14:44:02,812 | INFO | VCPlatform | [6444599625_2] Stream restarted via set_stream_sources
2026-05-19 14:44:57,112 | INFO | VCPlatform | [8015937475] Stream restarted via set_stream_sources
2026-05-19 14:46:20,014 | INFO | VCPlatform | [8015937475] Stream restarted via set_stream_sources
2026-05-19 14:47:42,916 | INFO | VCPlatform | [8015937475] Stream restarted via set_stream_sources
2026-05-19 14:49:05,822 | INFO | VCPlatform | [8015937475] Stream restarted via set_stream_sources
2026-05-19 14:50:28,725 | INFO | VCPlatform | [8015937475] Stream restarted via set_stream_sources
2026-05-19 14:51:51,626 | INFO | VCPlatform | [8015937475] Stream restarted via set_stream_sources
2026-05-19 14:53:14,529 | INFO | VCPlatform | [8015937475] Stream restarted via set_stream_sources
2026-05-19 14:54:37,431 | INFO | VCPlatform | [8015937475] Stream restarted via set_stream_sources
2026-05-19 14:56:00,334 | INFO | VCPlatform | [8015937475] Stream restarted via set_stream_sources
2026-05-19 14:57:15,670 | INFO | VCPlatform | [6451644278] Stream restarted via set_stream_sources
2026-05-19 14:57:23,238 | INFO | VCPlatform | [8015937475] Stream restarted via set_stream_sources
2026-05-19 14:58:46,139 | INFO | VCPlatform | [8015937475] Stream restarted via set_stream_sources
2026-05-19 15:00:09,042 | INFO | VCPlatform | [8015937475] Stream restarted via set_stream_sources
2026-05-19 15:00:59,918 | INFO | VCPlatform | [6444599625_4] Stream restarted via set_stream_sources
2026-05-19 15:01:05,305 | INFO | VCPlatform | [6444599625] Stream restarted via set_stream_sources
2026-05-19 15:01:31,943 | INFO | VCPlatform | [8015937475] Stream restarted via set_stream_sources
2026-05-19 15:02:54,184 | INFO | VCPlatform | [6444599625_3] VC STARTED (push update) in https://t.me/+hnGoxIQ1wj83NGVl — joining immediately...
2026-05-19 15:02:54,845 | INFO | VCPlatform | [8015937475] Stream restarted via set_stream_sources
2026-05-19 15:02:55,720 | INFO | VCPlatform | [6444599625_3] NTG: ConnectionState.CONNECTING
2026-05-19 15:02:55,722 | INFO | VCPlatform | [6444599625_3] Joined VC in chat -1002408551846
2026-05-19 15:02:55,722 | INFO | VCPlatform | [6444599625_3] Joined VC via push update in https://t.me/+hnGoxIQ1wj83NGVl
2026-05-19 15:02:56,114 | INFO | VCPlatform | [6444599625_3] NTG: ConnectionState.CONNECTED
2026-05-19 15:04:14,326 | INFO | VCPlatform | [6444599625_3] VC ENDED (push update) in https://t.me/+hnGoxIQ1wj83NGVl
2026-05-19 15:04:17,747 | INFO | VCPlatform | [8015937475] Stream restarted via set_stream_sources
2026-05-19 15:05:40,649 | INFO | VCPlatform | [8015937475] Stream restarted via set_stream_sources
2026-05-19 15:06:18,889 | INFO | VCPlatform | [7535601861_2] Stream restarted via set_stream_sources
2026-05-19 15:07:03,554 | INFO | VCPlatform | [8015937475] Stream restarted via set_stream_sources
2026-05-19 15:08:26,457 | INFO | VCPlatform | [8015937475] Stream restarted via set_stream_sources
2026-05-19 15:09:49,362 | INFO | VCPlatform | [8015937475] Stream restarted via set_stream_sources
2026-05-19 15:11:12,274 | INFO | VCPlatform | [8015937475] Stream restarted via set_stream_sources
2026-05-19 15:12:35,179 | INFO | VCPlatform | [8015937475] Stream restarted via set_stream_sources
2026-05-19 15:13:58,081 | INFO | VCPlatform | [8015937475] Stream restarted via set_stream_sources
2026-05-19 15:14:41,014 | INFO | VCPlatform | [6444599625_2] Stream restarted via set_stream_sources
2026-05-19 15:15:20,984 | INFO | VCPlatform | [8015937475] Stream restarted via set_stream_sources
2026-05-19 15:16:43,889 | INFO | VCPlatform | [8015937475] Stream restarted via set_stream_sources
2026-05-19 15:18:06,792 | INFO | VCPlatform | [8015937475] Stream restarted via set_stream_sources
2026-05-19 15:19:29,696 | INFO | VCPlatform | [8015937475] Stream restarted via set_stream_sources
2026-05-19 15:20:52,599 | INFO | VCPlatform | [8015937475] Stream restarted via set_stream_sources
2026-05-19 15:22:15,501 | INFO | VCPlatform | [8015937475] Stream restarted via set_stream_sources
2026-05-19 15:23:38,403 | INFO | VCPlatform | [8015937475] Stream restarted via set_stream_sources
2026-05-19 15:25:01,305 | INFO | VCPlatform | [8015937475] Stream restarted via set_stream_sources
2026-05-19 15:26:24,207 | INFO | VCPlatform | [8015937475] Stream restarted via set_stream_sources
2026-05-19 15:27:38,121 | INFO | VCPlatform | [6444599625_4] Stream restarted via set_stream_sources
2026-05-19 15:27:47,108 | INFO | VCPlatform | [8015937475] Stream restarted via set_stream_sources
2026-05-19 15:27:53,872 | INFO | VCPlatform | [6451644278] Stream restarted via set_stream_sources
2026-05-19 15:29:10,010 | INFO | VCPlatform | [8015937475] Stream restarted via set_stream_sources
2026-05-19 15:30:32,920 | INFO | VCPlatform | [8015937475] Stream restarted via set_stream_sources
2026-05-19 15:31:43,507 | INFO | VCPlatform | [6444599625] Stream restarted via set_stream_sources
2026-05-19 15:31:55,814 | INFO | VCPlatform | [8015937475] Stream restarted via set_stream_sources
2026-05-19 15:33:18,716 | INFO | VCPlatform | [8015937475] Stream restarted via set_stream_sources
2026-05-19 15:34:41,619 | INFO | VCPlatform | [8015937475] Stream restarted via set_stream_sources
2026-05-19 15:36:04,523 | INFO | VCPlatform | [8015937475] Stream restarted via set_stream_sources
2026-05-19 15:36:57,092 | INFO | VCPlatform | [7535601861_2] Stream restarted via set_stream_sources
2026-05-19 15:37:27,425 | INFO | VCPlatform | [8015937475] Stream restarted via set_stream_sources
2026-05-19 15:38:50,327 | INFO | VCPlatform | [8015937475] Stream restarted via set_stream_sources
2026-05-19 15:40:13,231 | INFO | VCPlatform | [8015937475] Stream restarted via set_stream_sources
2026-05-19 15:41:36,134 | INFO | VCPlatform | [8015937475] Stream restarted via set_stream_sources
2026-05-19 15:42:59,035 | INFO | VCPlatform | [8015937475] Stream restarted via set_stream_sources
2026-05-19 15:44:21,937 | INFO | VCPlatform | [8015937475] Stream restarted via set_stream_sources
2026-05-19 15:45:19,217 | INFO | VCPlatform | [6444599625_2] Stream restarted via set_stream_sources
2026-05-19 15:45:44,839 | INFO | VCPlatform | [8015937475] Stream restarted via set_stream_sources
2026-05-19 15:47:07,743 | INFO | VCPlatform | [8015937475] Stream restarted via set_stream_sources
2026-05-19 15:48:30,645 | INFO | VCPlatform | [8015937475] Stream restarted via set_stream_sources
2026-05-19 15:49:53,547 | INFO | VCPlatform | [8015937475] Stream restarted via set_stream_sources
2026-05-19 15:51:16,454 | INFO | VCPlatform | [8015937475] Stream restarted via set_stream_sources
2026-05-19 15:52:39,357 | INFO | VCPlatform | [8015937475] Stream restarted via set_stream_sources
2026-05-19 15:54:02,259 | INFO | VCPlatform | [8015937475] Stream restarted via set_stream_sources
2026-05-19 15:54:16,323 | INFO | VCPlatform | [6444599625_4] Stream restarted via set_stream_sources
2026-05-19 15:55:25,161 | INFO | VCPlatform | [8015937475] Stream restarted via set_stream_sources
2026-05-19 15:56:48,065 | INFO | VCPlatform | [8015937475] Stream restarted via set_stream_sources
2026-05-19 15:58:10,967 | INFO | VCPlatform | [8015937475] Stream restarted via set_stream_sources
2026-05-19 15:58:32,074 | INFO | VCPlatform | [6451644278] Stream restarted via set_stream_sources
2026-05-19 15:59:33,869 | INFO | VCPlatform | [8015937475] Stream restarted via set_stream_sources
2026-05-19 16:00:56,771 | INFO | VCPlatform | [8015937475] Stream restarted via set_stream_sources
2026-05-19 16:02:19,673 | INFO | VCPlatform | [8015937475] Stream restarted via set_stream_sources
2026-05-19 16:02:21,710 | INFO | VCPlatform | [6444599625] Stream restarted via set_stream_sources
2026-05-19 16:03:42,577 | INFO | VCPlatform | [8015937475] Stream restarted via set_stream_sources
2026-05-19 16:05:05,481 | INFO | VCPlatform | [8015937475] Stream restarted via set_stream_sources
2026-05-19 16:06:28,384 | INFO | VCPlatform | [8015937475] Stream restarted via set_stream_sources
2026-05-19 16:07:35,296 | INFO | VCPlatform | [7535601861_2] Stream restarted via set_stream_sources
2026-05-19 16:07:51,288 | INFO | VCPlatform | [8015937475] Stream restarted via set_stream_sources
2026-05-19 16:09:14,189 | INFO | VCPlatform | [8015937475] Stream restarted via set_stream_sources
2026-05-19 16:10:37,091 | INFO | VCPlatform | [8015937475] Stream restarted via set_stream_sources
2026-05-19 16:11:59,995 | INFO | VCPlatform | [8015937475] Stream restarted via set_stream_sources
2026-05-19 16:13:22,897 | INFO | VCPlatform | [8015937475] Stream restarted via set_stream_sources
2026-05-19 16:14:45,801 | INFO | VCPlatform | [8015937475] Stream restarted via set_stream_sources
2026-05-19 16:15:57,419 | INFO | VCPlatform | [6444599625_2] Stream restarted via set_stream_sources
2026-05-19 16:16:08,702 | INFO | VCPlatform | [8015937475] Stream restarted via set_stream_sources
2026-05-19 16:17:31,606 | INFO | VCPlatform | [8015937475] Stream restarted via set_stream_sources
2026-05-19 16:18:54,510 | INFO | VCPlatform | [8015937475] Stream restarted via set_stream_sources
2026-05-19 16:20:17,412 | INFO | VCPlatform | [8015937475] Stream restarted via set_stream_sources
2026-05-19 16:20:54,527 | INFO | VCPlatform | [6444599625_4] Stream restarted via set_stream_sources
2026-05-19 16:21:40,313 | INFO | VCPlatform | [8015937475] Stream restarted via set_stream_sources
2026-05-19 16:23:03,216 | INFO | VCPlatform | [8015937475] Stream restarted via set_stream_sources
2026-05-19 16:24:26,118 | INFO | VCPlatform | [8015937475] Stream restarted via set_stream_sources
2026-05-19 16:25:49,022 | INFO | VCPlatform | [8015937475] Stream restarted via set_stream_sources
2026-05-19 16:27:11,925 | INFO | VCPlatform | [8015937475] Stream restarted via set_stream_sources
2026-05-19 16:28:34,829 | INFO | VCPlatform | [8015937475] Stream restarted via set_stream_sources
2026-05-19 16:29:10,277 | INFO | VCPlatform | [6451644278] Stream restarted via set_stream_sources
2026-05-19 16:29:57,738 | INFO | VCPlatform | [8015937475] Stream restarted via set_stream_sources
2026-05-19 16:31:20,642 | INFO | VCPlatform | [8015937475] Stream restarted via set_stream_sources
2026-05-19 16:32:43,546 | INFO | VCPlatform | [8015937475] Stream restarted via set_stream_sources
2026-05-19 16:32:59,912 | INFO | VCPlatform | [6444599625] Stream restarted via set_stream_sources
2026-05-19 16:34:06,447 | INFO | VCPlatform | [8015937475] Stream restarted via set_stream_sources
2026-05-19 16:35:29,351 | INFO | VCPlatform | [8015937475] Stream restarted via set_stream_sources
2026-05-19 16:36:52,253 | INFO | VCPlatform | [8015937475] Stream restarted via set_stream_sources
2026-05-19 16:38:13,497 | INFO | VCPlatform | [7535601861_2] Stream restarted via set_stream_sources
2026-05-19 16:38:15,153 | INFO | VCPlatform | [8015937475] Stream restarted via set_stream_sources
2026-05-19 16:39:38,057 | INFO | VCPlatform | [8015937475] Stream restarted via set_stream_sources
2026-05-19 16:41:00,960 | INFO | VCPlatform | [8015937475] Stream restarted via set_stream_sources
2026-05-19 16:42:23,863 | INFO | VCPlatform | [8015937475] Stream restarted via set_stream_sources
2026-05-19 16:43:46,764 | INFO | VCPlatform | [8015937475] Stream restarted via set_stream_sources
2026-05-19 16:45:09,669 | INFO | VCPlatform | [8015937475] Stream restarted via set_stream_sources
2026-05-19 16:46:32,570 | INFO | VCPlatform | [8015937475] Stream restarted via set_stream_sources
2026-05-19 16:46:35,620 | INFO | VCPlatform | [6444599625_2] Stream restarted via set_stream_sources
2026-05-19 16:47:32,733 | INFO | VCPlatform | [6444599625_4] Stream restarted via set_stream_sources
2026-05-19 16:47:55,471 | INFO | VCPlatform | [8015937475] Stream restarted via set_stream_sources
2026-05-19 16:49:18,375 | INFO | VCPlatform | [8015937475] Stream restarted via set_stream_sources
2026-05-19 16:50:41,278 | INFO | VCPlatform | [8015937475] Stream restarted via set_stream_sources
2026-05-19 16:52:04,180 | INFO | VCPlatform | [8015937475] Stream restarted via set_stream_sources
2026-05-19 16:53:27,083 | INFO | VCPlatform | [8015937475] Stream restarted via set_stream_sources
2026-05-19 16:54:49,985 | INFO | VCPlatform | [8015937475] Stream restarted via set_stream_sources
2026-05-19 16:56:12,888 | INFO | VCPlatform | [8015937475] Stream restarted via set_stream_sources
2026-05-19 16:57:35,791 | INFO | VCPlatform | [8015937475] Stream restarted via set_stream_sources
2026-05-19 16:58:58,694 | INFO | VCPlatform | [8015937475] Stream restarted via set_stream_sources
2026-05-19 16:59:48,479 | INFO | VCPlatform | [6451644278] Stream restarted via set_stream_sources
2026-05-19 17:00:21,596 | INFO | VCPlatform | [8015937475] Stream restarted via set_stream_sources
2026-05-19 17:01:44,498 | INFO | VCPlatform | [8015937475] Stream restarted via set_stream_sources
2026-05-19 17:03:07,400 | INFO | VCPlatform | [8015937475] Stream restarted via set_stream_sources
2026-05-19 17:03:38,114 | INFO | VCPlatform | [6444599625] Stream restarted via set_stream_sources
2026-05-19 17:04:30,303 | INFO | VCPlatform | [8015937475] Stream restarted via set_stream_sources
2026-05-19 17:05:53,205 | INFO | VCPlatform | [8015937475] Stream restarted via set_stream_sources
2026-05-19 17:07:16,107 | INFO | VCPlatform | [8015937475] Stream restarted via set_stream_sources
2026-05-19 17:08:39,010 | INFO | VCPlatform | [8015937475] Stream restarted via set_stream_sources
2026-05-19 17:08:51,700 | INFO | VCPlatform | [7535601861_2] Stream restarted via set_stream_sources
2026-05-19 17:10:01,986 | INFO | VCPlatform | [8015937475] Stream restarted via set_stream_sources
2026-05-19 17:10:19,939 | INFO | VCPlatform | [6444599625_3] VC STARTED (push update) in https://t.me/+hnGoxIQ1wj83NGVl — joining immediately...
2026-05-19 17:10:22,375 | INFO | VCPlatform | [6444599625_3] NTG: ConnectionState.CONNECTING
2026-05-19 17:10:22,377 | INFO | VCPlatform | [6444599625_3] Joined VC in chat -1002408551846
2026-05-19 17:10:22,377 | INFO | VCPlatform | [6444599625_3] Joined VC via push update in https://t.me/+hnGoxIQ1wj83NGVl
2026-05-19 17:10:22,728 | INFO | VCPlatform | [6444599625_3] NTG: ConnectionState.CONNECTED
2026-05-19 17:11:24,875 | INFO | VCPlatform | [8015937475] Stream restarted via set_stream_sources
2026-05-19 17:12:47,778 | INFO | VCPlatform | [8015937475] Stream restarted via set_stream_sources
2026-05-19 17:14:10,680 | INFO | VCPlatform | [8015937475] Stream restarted via set_stream_sources
2026-05-19 17:14:10,937 | INFO | VCPlatform | [6444599625_4] Stream restarted via set_stream_sources
2026-05-19 17:15:33,583 | INFO | VCPlatform | [8015937475] Stream restarted via set_stream_sources
2026-05-19 17:16:56,486 | INFO | VCPlatform | [8015937475] Stream restarted via set_stream_sources
2026-05-19 17:17:13,824 | INFO | VCPlatform | [6444599625_2] Stream restarted via set_stream_sources
2026-05-19 17:17:40,478 | INFO | VCPlatform | [6444599625_3] Stream restarted via set_stream_sources
2026-05-19 17:18:19,387 | INFO | VCPlatform | [8015937475] Stream restarted via set_stream_sources
2026-05-19 17:19:42,293 | INFO | VCPlatform | [8015937475] Stream restarted via set_stream_sources
2026-05-19 17:21:05,196 | INFO | VCPlatform | [8015937475] Stream restarted via set_stream_sources
2026-05-19 17:22:28,098 | INFO | VCPlatform | [8015937475] Stream restarted via set_stream_sources
2026-05-19 17:23:51,000 | INFO | VCPlatform | [8015937475] Stream restarted via set_stream_sources
2026-05-19 17:24:58,581 | INFO | VCPlatform | [6444599625_3] Stream restarted via set_stream_sources
2026-05-19 17:25:13,902 | INFO | VCPlatform | [8015937475] Stream restarted via set_stream_sources
2026-05-19 17:26:36,804 | INFO | VCPlatform | [8015937475] Stream restarted via set_stream_sources
2026-05-19 17:27:59,706 | INFO | VCPlatform | [8015937475] Stream restarted via set_stream_sources
2026-05-19 17:29:22,607 | INFO | VCPlatform | [8015937475] Stream restarted via set_stream_sources
2026-05-19 17:30:26,682 | INFO | VCPlatform | [6451644278] Stream restarted via set_stream_sources
2026-05-19 17:30:45,512 | INFO | VCPlatform | [8015937475] Stream restarted via set_stream_sources
2026-05-19 17:32:08,415 | INFO | VCPlatform | [8015937475] Stream restarted via set_stream_sources
2026-05-19 17:32:16,682 | INFO | VCPlatform | [6444599625_3] Stream restarted via set_stream_sources
2026-05-19 17:33:31,317 | INFO | VCPlatform | [8015937475] Stream restarted via set_stream_sources
2026-05-19 17:34:16,315 | INFO | VCPlatform | [6444599625] Stream restarted via set_stream_sources
2026-05-19 17:34:54,221 | INFO | VCPlatform | [8015937475] Stream restarted via set_stream_sources
2026-05-19 17:36:17,124 | INFO | VCPlatform | [8015937475] Stream restarted via set_stream_sources
2026-05-19 17:37:40,027 | INFO | VCPlatform | [8015937475] Stream restarted via set_stream_sources
2026-05-19 17:39:02,929 | INFO | VCPlatform | [8015937475] Stream restarted via set_stream_sources
2026-05-19 17:39:29,906 | INFO | VCPlatform | [7535601861_2] Stream restarted via set_stream_sources
2026-05-19 17:39:34,784 | INFO | VCPlatform | [6444599625_3] Stream restarted via set_stream_sources
2026-05-19 17:40:25,833 | INFO | VCPlatform | [8015937475] Stream restarted via set_stream_sources
2026-05-19 17:40:49,141 | INFO | VCPlatform | [6444599625_4] Stream restarted via set_stream_sources
2026-05-19 17:41:48,735 | INFO | VCPlatform | [8015937475] Stream restarted via set_stream_sources
2026-05-19 17:43:11,641 | INFO | VCPlatform | [8015937475] Stream restarted via set_stream_sources
2026-05-19 17:44:34,543 | INFO | VCPlatform | [8015937475] Stream restarted via set_stream_sources
2026-05-19 17:45:57,450 | INFO | VCPlatform | [8015937475] Stream restarted via set_stream_sources
2026-05-19 17:46:52,889 | INFO | VCPlatform | [6444599625_3] Stream restarted via set_stream_sources
2026-05-19 17:47:20,351 | INFO | VCPlatform | [8015937475] Stream restarted via set_stream_sources
2026-05-19 17:47:52,026 | INFO | VCPlatform | [6444599625_2] Stream restarted via set_stream_sources
2026-05-19 17:48:43,252 | INFO | VCPlatform | [8015937475] Stream restarted via set_stream_sources
2026-05-19 17:50:06,156 | INFO | VCPlatform | [8015937475] Stream restarted via set_stream_sources
2026-05-19 17:51:29,063 | INFO | VCPlatform | [8015937475] Stream restarted via set_stream_sources
2026-05-19 17:52:51,969 | INFO | VCPlatform | [8015937475] Stream restarted via set_stream_sources
2026-05-19 17:54:10,991 | INFO | VCPlatform | [6444599625_3] Stream restarted via set_stream_sources
2026-05-19 17:54:14,870 | INFO | VCPlatform | [8015937475] Stream restarted via set_stream_sources
2026-05-19 17:55:37,773 | INFO | VCPlatform | [8015937475] Stream restarted via set_stream_sources
2026-05-19 17:57:00,679 | INFO | VCPlatform | [8015937475] Stream restarted via set_stream_sources
2026-05-19 17:58:23,580 | INFO | VCPlatform | [8015937475] Stream restarted via set_stream_sources
2026-05-19 17:59:46,485 | INFO | VCPlatform | [8015937475] Stream restarted via set_stream_sources
2026-05-19 18:01:04,886 | INFO | VCPlatform | [6451644278] Stream restarted via set_stream_sources
2026-05-19 18:01:09,388 | INFO | VCPlatform | [8015937475] Stream restarted via set_stream_sources
2026-05-19 18:01:29,093 | INFO | VCPlatform | [6444599625_3] Stream restarted via set_stream_sources
2026-05-19 18:02:32,289 | INFO | VCPlatform | [8015937475] Stream restarted via set_stream_sources
2026-05-19 18:03:55,192 | INFO | VCPlatform | [8015937475] Stream restarted via set_stream_sources
2026-05-19 18:04:54,518 | INFO | VCPlatform | [6444599625] Stream restarted via set_stream_sources
2026-05-19 18:05:18,095 | INFO | VCPlatform | [8015937475] Stream restarted via set_stream_sources
2026-05-19 18:06:40,997 | INFO | VCPlatform | [8015937475] Stream restarted via set_stream_sources
2026-05-19 18:07:27,342 | INFO | VCPlatform | [6444599625_4] Stream restarted via set_stream_sources
2026-05-19 18:08:03,900 | INFO | VCPlatform | [8015937475] Stream restarted via set_stream_sources
2026-05-19 18:08:47,197 | INFO | VCPlatform | [6444599625_3] Stream restarted via set_stream_sources
2026-05-19 18:09:26,801 | INFO | VCPlatform | [8015937475] Stream restarted via set_stream_sources
2026-05-19 18:10:08,107 | INFO | VCPlatform | [7535601861_2] Stream restarted via set_stream_sources
2026-05-19 18:10:49,704 | INFO | VCPlatform | [8015937475] Stream restarted via set_stream_sources
2026-05-19 18:12:12,607 | INFO | VCPlatform | [8015937475] Stream restarted via set_stream_sources
2026-05-19 18:13:35,509 | INFO | VCPlatform | [8015937475] Stream restarted via set_stream_sources
2026-05-19 18:14:58,413 | INFO | VCPlatform | [8015937475] Stream restarted via set_stream_sources
2026-05-19 18:16:05,300 | INFO | VCPlatform | [6444599625_3] Stream restarted via set_stream_sources
2026-05-19 18:16:21,316 | INFO | VCPlatform | [8015937475] Stream restarted via set_stream_sources
2026-05-19 18:17:44,218 | INFO | VCPlatform | [8015937475] Stream restarted via set_stream_sources
2026-05-19 18:18:30,229 | INFO | VCPlatform | [6444599625_2] Stream restarted via set_stream_sources
2026-05-19 18:19:07,120 | INFO | VCPlatform | [8015937475] Stream restarted via set_stream_sources
2026-05-19 18:20:30,025 | INFO | VCPlatform | [8015937475] Stream restarted via set_stream_sources
2026-05-19 18:21:52,925 | INFO | VCPlatform | [8015937475] Stream restarted via set_stream_sources
2026-05-19 18:23:15,830 | INFO | VCPlatform | [8015937475] Stream restarted via set_stream_sources
2026-05-19 18:23:23,400 | INFO | VCPlatform | [6444599625_3] Stream restarted via set_stream_sources
2026-05-19 18:24:38,733 | INFO | VCPlatform | [8015937475] Stream restarted via set_stream_sources
2026-05-19 18:26:01,637 | INFO | VCPlatform | [8015937475] Stream restarted via set_stream_sources
2026-05-19 18:27:24,539 | INFO | VCPlatform | [8015937475] Stream restarted via set_stream_sources
2026-05-19 18:28:47,445 | INFO | VCPlatform | [8015937475] Stream restarted via set_stream_sources
2026-05-19 18:30:10,346 | INFO | VCPlatform | [8015937475] Stream restarted via set_stream_sources
2026-05-19 18:30:41,504 | INFO | VCPlatform | [6444599625_3] Stream restarted via set_stream_sources
2026-05-19 18:31:33,249 | INFO | VCPlatform | [8015937475] Stream restarted via set_stream_sources
2026-05-19 18:31:43,087 | INFO | VCPlatform | [6451644278] Stream restarted via set_stream_sources
2026-05-19 18:32:56,150 | INFO | VCPlatform | [8015937475] Stream restarted via set_stream_sources
2026-05-19 18:34:05,546 | INFO | VCPlatform | [6444599625_4] Stream restarted via set_stream_sources
2026-05-19 18:34:19,053 | INFO | VCPlatform | [8015937475] Stream restarted via set_stream_sources
2026-05-19 18:35:32,722 | INFO | VCPlatform | [6444599625] Stream restarted via set_stream_sources
2026-05-19 18:35:41,956 | INFO | VCPlatform | [8015937475] Stream restarted via set_stream_sources
2026-05-19 18:37:04,857 | INFO | VCPlatform | [8015937475] Stream restarted via set_stream_sources
2026-05-19 18:37:59,606 | INFO | VCPlatform | [6444599625_3] Stream restarted via set_stream_sources
2026-05-19 18:38:27,759 | INFO | VCPlatform | [8015937475] Stream restarted via set_stream_sources
2026-05-19 18:39:50,663 | INFO | VCPlatform | [8015937475] Stream restarted via set_stream_sources
2026-05-19 18:40:46,311 | INFO | VCPlatform | [7535601861_2] Stream restarted via set_stream_sources
2026-05-19 18:41:13,565 | INFO | VCPlatform | [8015937475] Stream restarted via set_stream_sources
2026-05-19 18:42:36,469 | INFO | VCPlatform | [8015937475] Stream restarted via set_stream_sources
2026-05-19 18:43:59,371 | INFO | VCPlatform | [8015937475] Stream restarted via set_stream_sources
2026-05-19 18:45:17,709 | INFO | VCPlatform | [6444599625_3] Stream restarted via set_stream_sources
2026-05-19 18:45:22,271 | INFO | VCPlatform | [8015937475] Stream restarted via set_stream_sources
2026-05-19 18:46:45,175 | INFO | VCPlatform | [8015937475] Stream restarted via set_stream_sources
2026-05-19 18:48:08,076 | INFO | VCPlatform | [8015937475] Stream restarted via set_stream_sources
2026-05-19 18:49:08,432 | INFO | VCPlatform | [6444599625_2] Stream restarted via set_stream_sources
2026-05-19 18:49:30,978 | INFO | VCPlatform | [8015937475] Stream restarted via set_stream_sources
2026-05-19 18:50:53,882 | INFO | VCPlatform | [8015937475] Stream restarted via set_stream_sources
2026-05-19 18:52:16,785 | INFO | VCPlatform | [8015937475] Stream restarted via set_stream_sources
2026-05-19 18:52:35,810 | INFO | VCPlatform | [6444599625_3] Stream restarted via set_stream_sources
2026-05-19 18:53:39,686 | INFO | VCPlatform | [8015937475] Stream restarted via set_stream_sources
2026-05-19 18:55:02,590 | INFO | VCPlatform | [8015937475] Stream restarted via set_stream_sources
2026-05-19 18:56:25,492 | INFO | VCPlatform | [8015937475] Stream restarted via set_stream_sources
2026-05-19 18:57:48,395 | INFO | VCPlatform | [8015937475] Stream restarted via set_stream_sources
2026-05-19 18:59:11,299 | INFO | VCPlatform | [8015937475] Stream restarted via set_stream_sources
2026-05-19 18:59:53,912 | INFO | VCPlatform | [6444599625_3] Stream restarted via set_stream_sources
2026-05-19 19:00:34,199 | INFO | VCPlatform | [8015937475] Stream restarted via set_stream_sources
2026-05-19 19:00:43,748 | INFO | VCPlatform | [6444599625_4] Stream restarted via set_stream_sources
2026-05-19 19:01:57,103 | INFO | VCPlatform | [8015937475] Stream restarted via set_stream_sources
2026-05-19 19:02:21,291 | INFO | VCPlatform | [6451644278] Stream restarted via set_stream_sources
2026-05-19 19:03:20,006 | INFO | VCPlatform | [8015937475] Stream restarted via set_stream_sources
2026-05-19 19:04:42,908 | INFO | VCPlatform | [8015937475] Stream restarted via set_stream_sources
2026-05-19 19:06:05,810 | INFO | VCPlatform | [8015937475] Stream restarted via set_stream_sources
2026-05-19 19:06:10,925 | INFO | VCPlatform | [6444599625] Stream restarted via set_stream_sources
2026-05-19 19:07:12,014 | INFO | VCPlatform | [6444599625_3] Stream restarted via set_stream_sources
2026-05-19 19:07:28,712 | INFO | VCPlatform | [8015937475] Stream restarted via set_stream_sources
2026-05-19 19:08:51,616 | INFO | VCPlatform | [8015937475] Stream restarted via set_stream_sources
2026-05-19 19:10:14,517 | INFO | VCPlatform | [8015937475] Stream restarted via set_stream_sources
2026-05-19 19:11:24,513 | INFO | VCPlatform | [7535601861_2] Stream restarted via set_stream_sources
2026-05-19 19:11:37,418 | INFO | VCPlatform | [8015937475] Stream restarted via set_stream_sources
2026-05-19 19:13:00,321 | INFO | VCPlatform | [8015937475] Stream restarted via set_stream_sources
2026-05-19 19:14:23,224 | INFO | VCPlatform | [8015937475] Stream restarted via set_stream_sources
2026-05-19 19:14:30,116 | INFO | VCPlatform | [6444599625_3] Stream restarted via set_stream_sources
2026-05-19 19:15:46,127 | INFO | VCPlatform | [8015937475] Stream restarted via set_stream_sources
2026-05-19 19:17:09,031 | INFO | VCPlatform | [8015937475] Stream restarted via set_stream_sources
2026-05-19 19:18:31,934 | INFO | VCPlatform | [8015937475] Stream restarted via set_stream_sources
2026-05-19 19:19:46,635 | INFO | VCPlatform | [6444599625_2] Stream restarted via set_stream_sources
2026-05-19 19:19:54,835 | INFO | VCPlatform | [8015937475] Stream restarted via set_stream_sources
2026-05-19 19:21:17,739 | INFO | VCPlatform | [8015937475] Stream restarted via set_stream_sources
2026-05-19 19:21:48,218 | INFO | VCPlatform | [6444599625_3] Stream restarted via set_stream_sources
2026-05-19 19:22:40,641 | INFO | VCPlatform | [8015937475] Stream restarted via set_stream_sources
2026-05-19 19:24:03,543 | INFO | VCPlatform | [8015937475] Stream restarted via set_stream_sources
2026-05-19 19:25:26,446 | INFO | VCPlatform | [8015937475] Stream restarted via set_stream_sources
2026-05-19 19:26:49,350 | INFO | VCPlatform | [8015937475] Stream restarted via set_stream_sources
2026-05-19 19:27:21,950 | INFO | VCPlatform | [6444599625_4] Stream restarted via set_stream_sources
2026-05-19 19:28:12,252 | INFO | VCPlatform | [8015937475] Stream restarted via set_stream_sources
2026-05-19 19:29:06,319 | INFO | VCPlatform | [6444599625_3] Stream restarted via set_stream_sources
2026-05-19 19:29:35,154 | INFO | VCPlatform | [8015937475] Stream restarted via set_stream_sources
2026-05-19 19:30:58,060 | INFO | VCPlatform | [8015937475] Stream restarted via set_stream_sources
2026-05-19 19:32:20,962 | INFO | VCPlatform | [8015937475] Stream restarted via set_stream_sources
2026-05-19 19:32:59,492 | INFO | VCPlatform | [6451644278] Stream restarted via set_stream_sources
2026-05-19 19:33:43,863 | INFO | VCPlatform | [8015937475] Stream restarted via set_stream_sources
2026-05-19 19:35:06,767 | INFO | VCPlatform | [8015937475] Stream restarted via set_stream_sources
2026-05-19 19:36:24,422 | INFO | VCPlatform | [6444599625_3] Stream restarted via set_stream_sources
2026-05-19 19:36:29,668 | INFO | VCPlatform | [8015937475] Stream restarted via set_stream_sources
2026-05-19 19:36:49,127 | INFO | VCPlatform | [6444599625] Stream restarted via set_stream_sources
2026-05-19 19:37:52,571 | INFO | VCPlatform | [8015937475] Stream restarted via set_stream_sources
2026-05-19 19:39:15,477 | INFO | VCPlatform | [8015937475] Stream restarted via set_stream_sources
2026-05-19 19:40:38,379 | INFO | VCPlatform | [8015937475] Stream restarted via set_stream_sources
2026-05-19 19:42:01,284 | INFO | VCPlatform | [8015937475] Stream restarted via set_stream_sources
2026-05-19 19:42:02,716 | INFO | VCPlatform | [7535601861_2] Stream restarted via set_stream_sources
2026-05-19 19:43:24,185 | INFO | VCPlatform | [8015937475] Stream restarted via set_stream_sources
2026-05-19 19:43:42,525 | INFO | VCPlatform | [6444599625_3] Stream restarted via set_stream_sources
2026-05-19 19:44:47,086 | INFO | VCPlatform | [8015937475] Stream restarted via set_stream_sources
2026-05-19 19:46:09,990 | INFO | VCPlatform | [8015937475] Stream restarted via set_stream_sources
2026-05-19 19:47:32,892 | INFO | VCPlatform | [8015937475] Stream restarted via set_stream_sources
2026-05-19 19:48:55,795 | INFO | VCPlatform | [8015937475] Stream restarted via set_stream_sources
2026-05-19 19:50:18,697 | INFO | VCPlatform | [8015937475] Stream restarted via set_stream_sources
2026-05-19 19:50:24,839 | INFO | VCPlatform | [6444599625_2] Stream restarted via set_stream_sources
2026-05-19 19:51:00,627 | INFO | VCPlatform | [6444599625_3] Stream restarted via set_stream_sources
2026-05-19 19:51:41,600 | INFO | VCPlatform | [8015937475] Stream restarted via set_stream_sources
2026-05-19 19:53:04,502 | INFO | VCPlatform | [8015937475] Stream restarted via set_stream_sources
2026-05-19 19:54:00,153 | INFO | VCPlatform | [6444599625_4] Stream restarted via set_stream_sources
2026-05-19 19:54:27,404 | INFO | VCPlatform | [8015937475] Stream restarted via set_stream_sources
2026-05-19 19:55:50,306 | INFO | VCPlatform | [8015937475] Stream restarted via set_stream_sources
2026-05-19 19:57:13,208 | INFO | VCPlatform | [8015937475] Stream restarted via set_stream_sources
2026-05-19 19:58:18,730 | INFO | VCPlatform | [6444599625_3] Stream restarted via set_stream_sources
2026-05-19 19:58:36,110 | INFO | VCPlatform | [8015937475] Stream restarted via set_stream_sources
2026-05-19 19:59:59,015 | INFO | VCPlatform | [8015937475] Stream restarted via set_stream_sources
2026-05-19 20:01:21,917 | INFO | VCPlatform | [8015937475] Stream restarted via set_stream_sources
2026-05-19 20:02:44,818 | INFO | VCPlatform | [8015937475] Stream restarted via set_stream_sources
2026-05-19 20:03:37,695 | INFO | VCPlatform | [6451644278] Stream restarted via set_stream_sources
2026-05-19 20:04:07,722 | INFO | VCPlatform | [8015937475] Stream restarted via set_stream_sources
2026-05-19 20:05:30,628 | INFO | VCPlatform | [8015937475] Stream restarted via set_stream_sources
2026-05-19 20:05:36,831 | INFO | VCPlatform | [6444599625_3] Stream restarted via set_stream_sources
2026-05-19 20:06:53,528 | INFO | VCPlatform | [8015937475] Stream restarted via set_stream_sources
2026-05-19 20:07:27,330 | INFO | VCPlatform | [6444599625] Stream restarted via set_stream_sources
2026-05-19 20:08:16,429 | INFO | VCPlatform | [8015937475] Stream restarted via set_stream_sources
2026-05-19 20:09:39,334 | INFO | VCPlatform | [8015937475] Stream restarted via set_stream_sources
2026-05-19 20:11:02,235 | INFO | VCPlatform | [8015937475] Stream restarted via set_stream_sources
2026-05-19 20:12:25,138 | INFO | VCPlatform | [8015937475] Stream restarted via set_stream_sources
2026-05-19 20:12:40,918 | INFO | VCPlatform | [7535601861_2] Stream restarted via set_stream_sources
2026-05-19 20:12:54,933 | INFO | VCPlatform | [6444599625_3] Stream restarted via set_stream_sources
2026-05-19 20:13:48,041 | INFO | VCPlatform | [8015937475] Stream restarted via set_stream_sources
2026-05-19 20:15:10,943 | INFO | VCPlatform | [8015937475] Stream restarted via set_stream_sources
2026-05-19 20:16:33,846 | INFO | VCPlatform | [8015937475] Stream restarted via set_stream_sources
2026-05-19 20:17:56,749 | INFO | VCPlatform | [8015937475] Stream restarted via set_stream_sources
2026-05-19 20:19:19,655 | INFO | VCPlatform | [8015937475] Stream restarted via set_stream_sources
2026-05-19 20:20:13,036 | INFO | VCPlatform | [6444599625_3] Stream restarted via set_stream_sources
2026-05-19 20:20:38,355 | INFO | VCPlatform | [6444599625_4] Stream restarted via set_stream_sources
2026-05-19 20:20:42,561 | INFO | VCPlatform | [8015937475] Stream restarted via set_stream_sources
2026-05-19 20:21:03,042 | INFO | VCPlatform | [6444599625_2] Stream restarted via set_stream_sources
2026-05-19 20:22:05,462 | INFO | VCPlatform | [8015937475] Stream restarted via set_stream_sources
2026-05-19 20:23:28,365 | INFO | VCPlatform | [8015937475] Stream restarted via set_stream_sources
2026-05-19 20:24:51,271 | INFO | VCPlatform | [8015937475] Stream restarted via set_stream_sources
2026-05-19 20:26:14,170 | INFO | VCPlatform | [8015937475] Stream restarted via set_stream_sources
2026-05-19 20:27:31,138 | INFO | VCPlatform | [6444599625_3] Stream restarted via set_stream_sources
2026-05-19 20:27:37,071 | INFO | VCPlatform | [8015937475] Stream restarted via set_stream_sources
2026-05-19 20:28:59,974 | INFO | VCPlatform | [8015937475] Stream restarted via set_stream_sources
2026-05-19 20:30:22,877 | INFO | VCPlatform | [8015937475] Stream restarted via set_stream_sources
2026-05-19 20:31:45,780 | INFO | VCPlatform | [8015937475] Stream restarted via set_stream_sources
2026-05-19 20:33:08,682 | INFO | VCPlatform | [8015937475] Stream restarted via set_stream_sources
2026-05-19 20:34:15,898 | INFO | VCPlatform | [6451644278] Stream restarted via set_stream_sources
2026-05-19 20:34:31,584 | INFO | VCPlatform | [8015937475] Stream restarted via set_stream_sources
2026-05-19 20:34:49,239 | INFO | VCPlatform | [6444599625_3] Stream restarted via set_stream_sources
2026-05-19 20:35:54,486 | INFO | VCPlatform | [8015937475] Stream restarted via set_stream_sources
2026-05-19 20:36:06,560 | INFO | VCPlatform | [6444599625_3] VC ENDED (push update) in https://t.me/+hnGoxIQ1wj83NGVl
2026-05-19 20:37:17,388 | INFO | VCPlatform | [8015937475] Stream restarted via set_stream_sources
2026-05-19 20:38:05,533 | INFO | VCPlatform | [6444599625] Stream restarted via set_stream_sources
2026-05-19 20:38:40,290 | INFO | VCPlatform | [8015937475] Stream restarted via set_stream_sources
2026-05-19 20:40:03,194 | INFO | VCPlatform | [8015937475] Stream restarted via set_stream_sources
2026-05-19 20:41:26,096 | INFO | VCPlatform | [8015937475] Stream restarted via set_stream_sources
2026-05-19 20:42:48,998 | INFO | VCPlatform | [8015937475] Stream restarted via set_stream_sources
2026-05-19 20:43:19,119 | INFO | VCPlatform | [7535601861_2] Stream restarted via set_stream_sources
2026-05-19 20:44:11,901 | INFO | VCPlatform | [8015937475] Stream restarted via set_stream_sources
2026-05-19 20:45:34,803 | INFO | VCPlatform | [8015937475] Stream restarted via set_stream_sources
2026-05-19 20:46:57,704 | INFO | VCPlatform | [8015937475] Stream restarted via set_stream_sources
2026-05-19 20:47:16,558 | INFO | VCPlatform | [6444599625_4] Stream restarted via set_stream_sources
2026-05-19 20:48:20,607 | INFO | VCPlatform | [8015937475] Stream restarted via set_stream_sources
2026-05-19 20:49:43,511 | INFO | VCPlatform | [8015937475] Stream restarted via set_stream_sources
2026-05-19 20:51:06,412 | INFO | VCPlatform | [8015937475] Stream restarted via set_stream_sources
2026-05-19 20:51:41,244 | INFO | VCPlatform | [6444599625_2] Stream restarted via set_stream_sources
2026-05-19 20:52:29,319 | INFO | VCPlatform | [8015937475] Stream restarted via set_stream_sources
2026-05-19 20:53:52,221 | INFO | VCPlatform | [8015937475] Stream restarted via set_stream_sources
2026-05-19 20:55:15,125 | INFO | VCPlatform | [8015937475] Stream restarted via set_stream_sources
2026-05-19 20:56:38,029 | INFO | VCPlatform | [8015937475] Stream restarted via set_stream_sources
2026-05-19 20:58:00,931 | INFO | VCPlatform | [8015937475] Stream restarted via set_stream_sources
2026-05-19 20:59:23,834 | INFO | VCPlatform | [8015937475] Stream restarted via set_stream_sources
2026-05-19 21:00:46,737 | INFO | VCPlatform | [8015937475] Stream restarted via set_stream_sources
2026-05-19 21:02:09,640 | INFO | VCPlatform | [8015937475] Stream restarted via set_stream_sources
2026-05-19 21:03:32,544 | INFO | VCPlatform | [8015937475] Stream restarted via set_stream_sources
2026-05-19 21:04:54,100 | INFO | VCPlatform | [6451644278] Stream restarted via set_stream_sources
2026-05-19 21:04:55,446 | INFO | VCPlatform | [8015937475] Stream restarted via set_stream_sources
2026-05-19 21:06:18,348 | INFO | VCPlatform | [8015937475] Stream restarted via set_stream_sources
2026-05-19 21:07:41,250 | INFO | VCPlatform | [8015937475] Stream restarted via set_stream_sources
2026-05-19 21:08:43,740 | INFO | VCPlatform | [6444599625] Stream restarted via set_stream_sources
2026-05-19 21:09:04,166 | INFO | VCPlatform | [8015937475] Stream restarted via set_stream_sources
2026-05-19 21:10:27,060 | INFO | VCPlatform | [8015937475] Stream restarted via set_stream_sources
2026-05-19 21:11:49,964 | INFO | VCPlatform | [8015937475] Stream restarted via set_stream_sources
2026-05-19 21:13:12,866 | INFO | VCPlatform | [8015937475] Stream restarted via set_stream_sources
2026-05-19 21:13:54,760 | INFO | VCPlatform | [6444599625_4] Stream restarted via set_stream_sources
2026-05-19 21:13:57,321 | INFO | VCPlatform | [7535601861_2] Stream restarted via set_stream_sources
2026-05-19 21:14:35,767 | INFO | VCPlatform | [8015937475] Stream restarted via set_stream_sources
2026-05-19 21:15:58,670 | INFO | VCPlatform | [8015937475] Stream restarted via set_stream_sources
2026-05-19 21:17:21,573 | INFO | VCPlatform | [8015937475] Stream restarted via set_stream_sources
2026-05-19 21:18:44,474 | INFO | VCPlatform | [8015937475] Stream restarted via set_stream_sources
2026-05-19 21:20:07,378 | INFO | VCPlatform | [8015937475] Stream restarted via set_stream_sources
2026-05-19 21:21:30,283 | INFO | VCPlatform | [8015937475] Stream restarted via set_stream_sources
2026-05-19 21:22:19,447 | INFO | VCPlatform | [6444599625_2] Stream restarted via set_stream_sources
2026-05-19 21:22:53,185 | INFO | VCPlatform | [8015937475] Stream restarted via set_stream_sources
2026-05-19 21:24:16,087 | INFO | VCPlatform | [8015937475] Stream restarted via set_stream_sources
2026-05-19 21:25:38,992 | INFO | VCPlatform | [8015937475] Stream restarted via set_stream_sources
2026-05-19 21:27:01,990 | INFO | VCPlatform | [8015937475] Stream restarted via set_stream_sources
2026-05-19 21:28:24,891 | INFO | VCPlatform | [8015937475] Stream restarted via set_stream_sources
2026-05-19 21:29:47,793 | INFO | VCPlatform | [8015937475] Stream restarted via set_stream_sources
2026-05-19 21:31:10,695 | INFO | VCPlatform | [8015937475] Stream restarted via set_stream_sources
2026-05-19 21:32:33,599 | INFO | VCPlatform | [8015937475] Stream restarted via set_stream_sources
2026-05-19 21:33:56,502 | INFO | VCPlatform | [8015937475] Stream restarted via set_stream_sources
2026-05-19 21:35:19,407 | INFO | VCPlatform | [8015937475] Stream restarted via set_stream_sources
2026-05-19 21:35:32,300 | INFO | VCPlatform | [6451644278] Stream restarted via set_stream_sources
2026-05-19 21:36:42,310 | INFO | VCPlatform | [8015937475] Stream restarted via set_stream_sources
2026-05-19 21:38:05,212 | INFO | VCPlatform | [8015937475] Stream restarted via set_stream_sources
2026-05-19 21:39:21,941 | INFO | VCPlatform | [6444599625] Stream restarted via set_stream_sources
2026-05-19 21:39:28,113 | INFO | VCPlatform | [8015937475] Stream restarted via set_stream_sources
2026-05-19 21:40:32,965 | INFO | VCPlatform | [6444599625_4] Stream restarted via set_stream_sources
2026-05-19 21:40:51,014 | INFO | VCPlatform | [8015937475] Stream restarted via set_stream_sources
2026-05-19 21:42:13,915 | INFO | VCPlatform | [8015937475] Stream restarted via set_stream_sources
2026-05-19 21:43:36,818 | INFO | VCPlatform | [8015937475] Stream restarted via set_stream_sources
2026-05-19 21:44:35,525 | INFO | VCPlatform | [7535601861_2] Stream restarted via set_stream_sources
2026-05-19 21:44:59,719 | INFO | VCPlatform | [8015937475] Stream restarted via set_stream_sources
2026-05-19 21:46:22,623 | INFO | VCPlatform | [8015937475] Stream restarted via set_stream_sources
2026-05-19 21:47:45,527 | INFO | VCPlatform | [8015937475] Stream restarted via set_stream_sources
2026-05-19 21:49:08,428 | INFO | VCPlatform | [8015937475] Stream restarted via set_stream_sources
2026-05-19 21:50:31,331 | INFO | VCPlatform | [8015937475] Stream restarted via set_stream_sources
2026-05-19 21:51:54,233 | INFO | VCPlatform | [8015937475] Stream restarted via set_stream_sources
2026-05-19 21:52:57,649 | INFO | VCPlatform | [6444599625_2] Stream restarted via set_stream_sources
2026-05-19 21:53:17,135 | INFO | VCPlatform | [8015937475] Stream restarted via set_stream_sources
2026-05-19 21:54:40,038 | INFO | VCPlatform | [8015937475] Stream restarted via set_stream_sources
2026-05-19 21:56:02,941 | INFO | VCPlatform | [8015937475] Stream restarted via set_stream_sources
2026-05-19 21:57:25,843 | INFO | VCPlatform | [8015937475] Stream restarted via set_stream_sources
2026-05-19 21:58:48,745 | INFO | VCPlatform | [8015937475] Stream restarted via set_stream_sources
2026-05-19 22:00:11,646 | INFO | VCPlatform | [8015937475] Stream restarted via set_stream_sources
2026-05-19 22:01:34,560 | INFO | VCPlatform | [8015937475] Stream restarted via set_stream_sources
2026-05-19 22:02:57,461 | INFO | VCPlatform | [8015937475] Stream restarted via set_stream_sources
2026-05-19 22:04:20,364 | INFO | VCPlatform | [8015937475] Stream restarted via set_stream_sources
2026-05-19 22:05:43,269 | INFO | VCPlatform | [8015937475] Stream restarted via set_stream_sources
2026-05-19 22:06:10,504 | INFO | VCPlatform | [6451644278] Stream restarted via set_stream_sources
2026-05-19 22:07:06,171 | INFO | VCPlatform | [8015937475] Stream restarted via set_stream_sources
2026-05-19 22:07:11,166 | INFO | VCPlatform | [6444599625_4] Stream restarted via set_stream_sources
2026-05-19 22:08:29,073 | INFO | VCPlatform | [8015937475] Stream restarted via set_stream_sources
2026-05-19 22:09:51,978 | INFO | VCPlatform | [8015937475] Stream restarted via set_stream_sources
2026-05-19 22:10:00,145 | INFO | VCPlatform | [6444599625] Stream restarted via set_stream_sources
2026-05-19 22:11:14,883 | INFO | VCPlatform | [8015937475] Stream restarted via set_stream_sources
2026-05-19 22:12:37,785 | INFO | VCPlatform | [8015937475] Stream restarted via set_stream_sources
2026-05-19 22:14:00,689 | INFO | VCPlatform | [8015937475] Stream restarted via set_stream_sources
2026-05-19 22:15:13,727 | INFO | VCPlatform | [7535601861_2] Stream restarted via set_stream_sources
2026-05-19 22:15:23,590 | INFO | VCPlatform | [8015937475] Stream restarted via set_stream_sources
2026-05-19 22:16:46,494 | INFO | VCPlatform | [8015937475] Stream restarted via set_stream_sources
2026-05-19 22:18:09,398 | INFO | VCPlatform | [8015937475] Stream restarted via set_stream_sources
2026-05-19 22:19:32,298 | INFO | VCPlatform | [8015937475] Stream restarted via set_stream_sources
2026-05-19 22:20:55,201 | INFO | VCPlatform | [8015937475] Stream restarted via set_stream_sources
2026-05-19 22:22:18,105 | INFO | VCPlatform | [8015937475] Stream restarted via set_stream_sources
2026-05-19 22:23:35,852 | INFO | VCPlatform | [6444599625_2] Stream restarted via set_stream_sources
2026-05-19 22:23:41,007 | INFO | VCPlatform | [8015937475] Stream restarted via set_stream_sources
2026-05-19 22:25:03,912 | INFO | VCPlatform | [8015937475] Stream restarted via set_stream_sources
2026-05-19 22:26:26,814 | INFO | VCPlatform | [8015937475] Stream restarted via set_stream_sources
2026-05-19 22:27:49,717 | INFO | VCPlatform | [8015937475] Stream restarted via set_stream_sources
2026-05-19 22:29:12,619 | INFO | VCPlatform | [8015937475] Stream restarted via set_stream_sources
2026-05-19 22:30:35,523 | INFO | VCPlatform | [8015937475] Stream restarted via set_stream_sources
2026-05-19 22:31:58,423 | INFO | VCPlatform | [8015937475] Stream restarted via set_stream_sources
2026-05-19 22:33:21,326 | INFO | VCPlatform | [8015937475] Stream restarted via set_stream_sources
2026-05-19 22:33:49,368 | INFO | VCPlatform | [6444599625_4] Stream restarted via set_stream_sources
2026-05-19 22:34:44,228 | INFO | VCPlatform | [8015937475] Stream restarted via set_stream_sources
2026-05-19 22:36:07,131 | INFO | VCPlatform | [8015937475] Stream restarted via set_stream_sources
2026-05-19 22:36:48,706 | INFO | VCPlatform | [6451644278] Stream restarted via set_stream_sources
2026-05-19 22:37:30,033 | INFO | VCPlatform | [8015937475] Stream restarted via set_stream_sources
2026-05-19 22:38:52,945 | INFO | VCPlatform | [8015937475] Stream restarted via set_stream_sources
2026-05-19 22:40:15,847 | INFO | VCPlatform | [8015937475] Stream restarted via set_stream_sources
2026-05-19 22:40:38,346 | INFO | VCPlatform | [6444599625] Stream restarted via set_stream_sources
2026-05-19 22:41:38,750 | INFO | VCPlatform | [8015937475] Stream restarted via set_stream_sources
2026-05-19 22:43:01,665 | INFO | VCPlatform | [8015937475] Stream restarted via set_stream_sources
2026-05-19 22:44:24,570 | INFO | VCPlatform | [8015937475] Stream restarted via set_stream_sources
2026-05-19 22:45:47,472 | INFO | VCPlatform | [8015937475] Stream restarted via set_stream_sources
2026-05-19 22:45:51,929 | INFO | VCPlatform | [7535601861_2] Stream restarted via set_stream_sources
2026-05-19 22:47:10,375 | INFO | VCPlatform | [8015937475] Stream restarted via set_stream_sources
2026-05-19 22:48:33,277 | INFO | VCPlatform | [8015937475] Stream restarted via set_stream_sources
2026-05-19 22:49:56,181 | INFO | VCPlatform | [8015937475] Stream restarted via set_stream_sources
2026-05-19 22:51:19,082 | INFO | VCPlatform | [8015937475] Stream restarted via set_stream_sources
2026-05-19 22:52:41,985 | INFO | VCPlatform | [8015937475] Stream restarted via set_stream_sources
2026-05-19 22:54:04,887 | INFO | VCPlatform | [8015937475] Stream restarted via set_stream_sources
2026-05-19 22:54:14,055 | INFO | VCPlatform | [6444599625_2] Stream restarted via set_stream_sources
2026-05-19 22:55:27,791 | INFO | VCPlatform | [8015937475] Stream restarted via set_stream_sources
2026-05-19 22:56:50,695 | INFO | VCPlatform | [8015937475] Stream restarted via set_stream_sources
2026-05-19 22:58:13,597 | INFO | VCPlatform | [8015937475] Stream restarted via set_stream_sources
2026-05-19 22:59:36,498 | INFO | VCPlatform | [8015937475] Stream restarted via set_stream_sources
2026-05-19 23:00:27,571 | INFO | VCPlatform | [6444599625_4] Stream restarted via set_stream_sources
2026-05-19 23:00:59,401 | INFO | VCPlatform | [8015937475] Stream restarted via set_stream_sources
2026-05-19 23:02:22,301 | INFO | VCPlatform | [8015937475] Stream restarted via set_stream_sources
2026-05-19 23:03:45,206 | INFO | VCPlatform | [8015937475] Stream restarted via set_stream_sources
2026-05-19 23:05:08,108 | INFO | VCPlatform | [8015937475] Stream restarted via set_stream_sources
2026-05-19 23:06:31,012 | INFO | VCPlatform | [8015937475] Stream restarted via set_stream_sources
2026-05-19 23:07:26,909 | INFO | VCPlatform | [6451644278] Stream restarted via set_stream_sources
2026-05-19 23:07:53,914 | INFO | VCPlatform | [8015937475] Stream restarted via set_stream_sources
2026-05-19 23:09:16,816 | INFO | VCPlatform | [8015937475] Stream restarted via set_stream_sources
2026-05-19 23:10:39,718 | INFO | VCPlatform | [8015937475] Stream restarted via set_stream_sources
2026-05-19 23:11:16,548 | INFO | VCPlatform | [6444599625] Stream restarted via set_stream_sources
2026-05-19 23:12:02,623 | INFO | VCPlatform | [8015937475] Stream restarted via set_stream_sources
2026-05-19 23:13:25,524 | INFO | VCPlatform | [8015937475] Stream restarted via set_stream_sources
2026-05-19 23:14:48,427 | INFO | VCPlatform | [8015937475] Stream restarted via set_stream_sources
2026-05-19 23:16:11,330 | INFO | VCPlatform | [8015937475] Stream restarted via set_stream_sources
2026-05-19 23:16:30,131 | INFO | VCPlatform | [7535601861_2] Stream restarted via set_stream_sources
2026-05-19 23:17:34,232 | INFO | VCPlatform | [8015937475] Stream restarted via set_stream_sources
2026-05-19 23:18:57,135 | INFO | VCPlatform | [8015937475] Stream restarted via set_stream_sources
2026-05-19 23:20:20,038 | INFO | VCPlatform | [8015937475] Stream restarted via set_stream_sources
2026-05-19 23:21:42,940 | INFO | VCPlatform | [8015937475] Stream restarted via set_stream_sources
2026-05-19 23:23:05,845 | INFO | VCPlatform | [8015937475] Stream restarted via set_stream_sources
2026-05-19 23:24:28,746 | INFO | VCPlatform | [8015937475] Stream restarted via set_stream_sources
2026-05-19 23:24:52,259 | INFO | VCPlatform | [6444599625_2] Stream restarted via set_stream_sources
2026-05-19 23:25:51,648 | INFO | VCPlatform | [8015937475] Stream restarted via set_stream_sources
2026-05-19 23:27:05,774 | INFO | VCPlatform | [6444599625_4] Stream restarted via set_stream_sources
2026-05-19 23:27:14,550 | INFO | VCPlatform | [8015937475] Stream restarted via set_stream_sources
2026-05-19 23:28:37,453 | INFO | VCPlatform | [8015937475] Stream restarted via set_stream_sources
2026-05-19 23:30:00,356 | INFO | VCPlatform | [8015937475] Stream restarted via set_stream_sources
2026-05-19 23:31:23,258 | INFO | VCPlatform | [8015937475] Stream restarted via set_stream_sources
2026-05-19 23:32:46,164 | INFO | VCPlatform | [8015937475] Stream restarted via set_stream_sources
2026-05-19 23:34:09,068 | INFO | VCPlatform | [8015937475] Stream restarted via set_stream_sources
2026-05-19 23:35:31,970 | INFO | VCPlatform | [8015937475] Stream restarted via set_stream_sources
2026-05-19 23:36:54,874 | INFO | VCPlatform | [8015937475] Stream restarted via set_stream_sources
2026-05-19 23:38:05,111 | INFO | VCPlatform | [6451644278] Stream restarted via set_stream_sources
2026-05-19 23:38:17,776 | INFO | VCPlatform | [8015937475] Stream restarted via set_stream_sources
2026-05-19 23:39:40,677 | INFO | VCPlatform | [8015937475] Stream restarted via set_stream_sources
2026-05-19 23:41:03,582 | INFO | VCPlatform | [8015937475] Stream restarted via set_stream_sources
2026-05-19 23:41:54,751 | INFO | VCPlatform | [6444599625] Stream restarted via set_stream_sources
2026-05-19 23:42:26,484 | INFO | VCPlatform | [8015937475] Stream restarted via set_stream_sources
2026-05-19 23:43:49,386 | INFO | VCPlatform | [8015937475] Stream restarted via set_stream_sources
2026-05-19 23:45:12,288 | INFO | VCPlatform | [8015937475] Stream restarted via set_stream_sources
2026-05-19 23:46:35,190 | INFO | VCPlatform | [8015937475] Stream restarted via set_stream_sources
2026-05-19 23:47:08,334 | INFO | VCPlatform | [7535601861_2] Stream restarted via set_stream_sources
2026-05-19 23:47:58,092 | INFO | VCPlatform | [8015937475] Stream restarted via set_stream_sources
2026-05-19 23:49:20,996 | INFO | VCPlatform | [8015937475] Stream restarted via set_stream_sources
2026-05-19 23:50:43,898 | INFO | VCPlatform | [8015937475] Stream restarted via set_stream_sources
2026-05-19 23:52:06,799 | INFO | VCPlatform | [8015937475] Stream restarted via set_stream_sources
2026-05-19 23:53:29,702 | INFO | VCPlatform | [8015937475] Stream restarted via set_stream_sources
2026-05-19 23:53:43,975 | INFO | VCPlatform | [6444599625_4] Stream restarted via set_stream_sources
2026-05-19 23:54:52,606 | INFO | VCPlatform | [8015937475] Stream restarted via set_stream_sources
2026-05-19 23:55:30,460 | INFO | VCPlatform | [6444599625_2] Stream restarted via set_stream_sources
2026-05-19 23:56:15,507 | INFO | VCPlatform | [8015937475] Stream restarted via set_stream_sources
2026-05-19 23:57:38,408 | INFO | VCPlatform | [8015937475] Stream restarted via set_stream_sources
2026-05-19 23:59:01,314 | INFO | VCPlatform | [8015937475] Stream restarted via set_stream_sources
2026-05-20 00:00:24,216 | INFO | VCPlatform | [8015937475] Stream restarted via set_stream_sources
2026-05-20 00:01:47,119 | INFO | VCPlatform | [8015937475] Stream restarted via set_stream_sources
2026-05-20 00:03:10,021 | INFO | VCPlatform | [8015937475] Stream restarted via set_stream_sources
2026-05-20 00:04:32,930 | INFO | VCPlatform | [8015937475] Stream restarted via set_stream_sources
2026-05-20 00:05:55,832 | INFO | VCPlatform | [8015937475] Stream restarted via set_stream_sources
2026-05-20 00:07:18,737 | INFO | VCPlatform | [8015937475] Stream restarted via set_stream_sources
2026-05-20 00:08:41,637 | INFO | VCPlatform | [8015937475] Stream restarted via set_stream_sources
2026-05-20 00:08:43,314 | INFO | VCPlatform | [6451644278] Stream restarted via set_stream_sources
2026-05-20 00:10:04,546 | INFO | VCPlatform | [8015937475] Stream restarted via set_stream_sources
2026-05-20 00:11:27,447 | INFO | VCPlatform | [8015937475] Stream restarted via set_stream_sources
2026-05-20 00:12:32,954 | INFO | VCPlatform | [6444599625] Stream restarted via set_stream_sources
2026-05-20 00:12:50,348 | INFO | VCPlatform | [8015937475] Stream restarted via set_stream_sources
2026-05-20 00:14:13,251 | INFO | VCPlatform | [8015937475] Stream restarted via set_stream_sources
2026-05-20 00:15:36,154 | INFO | VCPlatform | [8015937475] Stream restarted via set_stream_sources
2026-05-20 00:16:59,057 | INFO | VCPlatform | [8015937475] Stream restarted via set_stream_sources
2026-05-20 00:17:46,538 | INFO | VCPlatform | [7535601861_2] Stream restarted via set_stream_sources
2026-05-20 00:18:21,960 | INFO | VCPlatform | [8015937475] Stream restarted via set_stream_sources
2026-05-20 00:19:44,862 | INFO | VCPlatform | [8015937475] Stream restarted via set_stream_sources
2026-05-20 00:20:22,179 | INFO | VCPlatform | [6444599625_4] Stream restarted via set_stream_sources
2026-05-20 00:21:07,766 | INFO | VCPlatform | [8015937475] Stream restarted via set_stream_sources
2026-05-20 00:22:30,669 | INFO | VCPlatform | [8015937475] Stream restarted via set_stream_sources
2026-05-20 00:23:53,572 | INFO | VCPlatform | [8015937475] Stream restarted via set_stream_sources
2026-05-20 00:25:16,473 | INFO | VCPlatform | [8015937475] Stream restarted via set_stream_sources
2026-05-20 00:26:08,663 | INFO | VCPlatform | [6444599625_2] Stream restarted via set_stream_sources
2026-05-20 00:26:39,375 | INFO | VCPlatform | [8015937475] Stream restarted via set_stream_sources
2026-05-20 00:28:02,287 | INFO | VCPlatform | [8015937475] Stream restarted via set_stream_sources
2026-05-20 00:29:25,190 | INFO | VCPlatform | [8015937475] Stream restarted via set_stream_sources
2026-05-20 00:30:48,091 | INFO | VCPlatform | [8015937475] Stream restarted via set_stream_sources
2026-05-20 00:32:10,995 | INFO | VCPlatform | [8015937475] Stream restarted via set_stream_sources
2026-05-20 00:33:33,908 | INFO | VCPlatform | [8015937475] Stream restarted via set_stream_sources
2026-05-20 00:34:56,810 | INFO | VCPlatform | [8015937475] Stream restarted via set_stream_sources
2026-05-20 00:36:19,711 | INFO | VCPlatform | [8015937475] Stream restarted via set_stream_sources
2026-05-20 00:37:42,616 | INFO | VCPlatform | [8015937475] Stream restarted via set_stream_sources
2026-05-20 00:39:05,518 | INFO | VCPlatform | [8015937475] Stream restarted via set_stream_sources
2026-05-20 00:39:21,515 | INFO | VCPlatform | [6451644278] Stream restarted via set_stream_sources
2026-05-20 00:40:28,424 | INFO | VCPlatform | [8015937475] Stream restarted via set_stream_sources
2026-05-20 00:41:51,326 | INFO | VCPlatform | [8015937475] Stream restarted via set_stream_sources
2026-05-20 00:43:11,155 | INFO | VCPlatform | [6444599625] Stream restarted via set_stream_sources
2026-05-20 00:43:14,227 | INFO | VCPlatform | [8015937475] Stream restarted via set_stream_sources
2026-05-20 00:44:37,131 | INFO | VCPlatform | [8015937475] Stream restarted via set_stream_sources
2026-05-20 00:46:00,035 | INFO | VCPlatform | [8015937475] Stream restarted via set_stream_sources
2026-05-20 00:47:00,383 | INFO | VCPlatform | [6444599625_4] Stream restarted via set_stream_sources
2026-05-20 00:47:22,936 | INFO | VCPlatform | [8015937475] Stream restarted via set_stream_sources
2026-05-20 00:48:24,740 | INFO | VCPlatform | [7535601861_2] Stream restarted via set_stream_sources
2026-05-20 00:48:45,839 | INFO | VCPlatform | [8015937475] Stream restarted via set_stream_sources
2026-05-20 00:50:08,742 | INFO | VCPlatform | [8015937475] Stream restarted via set_stream_sources
2026-05-20 00:51:31,645 | INFO | VCPlatform | [8015937475] Stream restarted via set_stream_sources
2026-05-20 00:52:54,547 | INFO | VCPlatform | [8015937475] Stream restarted via set_stream_sources
2026-05-20 00:54:17,450 | INFO | VCPlatform | [8015937475] Stream restarted via set_stream_sources
2026-05-20 00:55:40,352 | INFO | VCPlatform | [8015937475] Stream restarted via set_stream_sources
2026-05-20 00:56:46,867 | INFO | VCPlatform | [6444599625_2] Stream restarted via set_stream_sources
2026-05-20 00:57:03,253 | INFO | VCPlatform | [8015937475] Stream restarted via set_stream_sources
2026-05-20 00:58:26,159 | INFO | VCPlatform | [8015937475] Stream restarted via set_stream_sources
2026-05-20 00:59:49,065 | INFO | VCPlatform | [8015937475] Stream restarted via set_stream_sources
2026-05-20 01:01:11,966 | INFO | VCPlatform | [8015937475] Stream restarted via set_stream_sources
2026-05-20 01:02:34,869 | INFO | VCPlatform | [8015937475] Stream restarted via set_stream_sources
2026-05-20 01:03:57,771 | INFO | VCPlatform | [8015937475] Stream restarted via set_stream_sources
2026-05-20 01:05:20,673 | INFO | VCPlatform | [8015937475] Stream restarted via set_stream_sources
2026-05-20 01:06:43,577 | INFO | VCPlatform | [8015937475] Stream restarted via set_stream_sources
2026-05-20 01:08:06,479 | INFO | VCPlatform | [8015937475] Stream restarted via set_stream_sources
2026-05-20 01:09:29,380 | INFO | VCPlatform | [8015937475] Stream restarted via set_stream_sources
2026-05-20 01:09:59,720 | INFO | VCPlatform | [6451644278] Stream restarted via set_stream_sources
2026-05-20 01:10:52,283 | INFO | VCPlatform | [8015937475] Stream restarted via set_stream_sources
2026-05-20 01:12:15,188 | INFO | VCPlatform | [8015937475] Stream restarted via set_stream_sources
2026-05-20 01:13:38,092 | INFO | VCPlatform | [8015937475] Stream restarted via set_stream_sources
2026-05-20 01:13:38,584 | INFO | VCPlatform | [6444599625_4] Stream restarted via set_stream_sources
2026-05-20 01:13:49,360 | INFO | VCPlatform | [6444599625] Stream restarted via set_stream_sources
2026-05-20 01:15:00,997 | INFO | VCPlatform | [8015937475] Stream restarted via set_stream_sources
2026-05-20 01:16:23,898 | INFO | VCPlatform | [8015937475] Stream restarted via set_stream_sources
2026-05-20 01:17:46,801 | INFO | VCPlatform | [8015937475] Stream restarted via set_stream_sources
2026-05-20 01:19:02,945 | INFO | VCPlatform | [7535601861_2] Stream restarted via set_stream_sources
2026-05-20 01:19:09,704 | INFO | VCPlatform | [8015937475] Stream restarted via set_stream_sources
2026-05-20 01:20:32,607 | INFO | VCPlatform | [8015937475] Stream restarted via set_stream_sources
2026-05-20 01:21:55,510 | INFO | VCPlatform | [8015937475] Stream restarted via set_stream_sources
2026-05-20 01:23:18,415 | INFO | VCPlatform | [8015937475] Stream restarted via set_stream_sources
2026-05-20 01:24:41,318 | INFO | VCPlatform | [8015937475] Stream restarted via set_stream_sources
2026-05-20 01:26:04,224 | INFO | VCPlatform | [8015937475] Stream restarted via set_stream_sources
2026-05-20 01:27:25,072 | INFO | VCPlatform | [6444599625_2] Stream restarted via set_stream_sources
2026-05-20 01:27:27,125 | INFO | VCPlatform | [8015937475] Stream restarted via set_stream_sources
2026-05-20 01:28:50,029 | INFO | VCPlatform | [8015937475] Stream restarted via set_stream_sources
2026-05-20 01:30:12,935 | INFO | VCPlatform | [8015937475] Stream restarted via set_stream_sources
2026-05-20 01:31:35,849 | INFO | VCPlatform | [8015937475] Stream restarted via set_stream_sources
2026-05-20 01:32:58,753 | INFO | VCPlatform | [8015937475] Stream restarted via set_stream_sources
2026-05-20 01:34:21,653 | INFO | VCPlatform | [8015937475] Stream restarted via set_stream_sources
2026-05-20 01:35:44,567 | INFO | VCPlatform | [8015937475] Stream restarted via set_stream_sources
2026-05-20 01:37:07,470 | INFO | VCPlatform | [8015937475] Stream restarted via set_stream_sources
2026-05-20 01:38:30,379 | INFO | VCPlatform | [8015937475] Stream restarted via set_stream_sources
2026-05-20 01:39:53,283 | INFO | VCPlatform | [8015937475] Stream restarted via set_stream_sources
2026-05-20 01:40:16,787 | INFO | VCPlatform | [6444599625_4] Stream restarted via set_stream_sources
2026-05-20 01:40:37,923 | INFO | VCPlatform | [6451644278] Stream restarted via set_stream_sources
2026-05-20 01:41:16,185 | INFO | VCPlatform | [8015937475] Stream restarted via set_stream_sources
2026-05-20 01:42:39,095 | INFO | VCPlatform | [8015937475] Stream restarted via set_stream_sources
2026-05-20 01:44:02,038 | INFO | VCPlatform | [8015937475] Stream restarted via set_stream_sources
2026-05-20 01:44:27,560 | INFO | VCPlatform | [6444599625] Stream restarted via set_stream_sources
2026-05-20 01:45:24,938 | INFO | VCPlatform | [8015937475] Stream restarted via set_stream_sources
2026-05-20 01:46:47,842 | INFO | VCPlatform | [8015937475] Stream restarted via set_stream_sources
2026-05-20 01:48:10,744 | INFO | VCPlatform | [8015937475] Stream restarted via set_stream_sources
2026-05-20 01:49:33,647 | INFO | VCPlatform | [8015937475] Stream restarted via set_stream_sources
2026-05-20 01:49:41,147 | INFO | VCPlatform | [7535601861_2] Stream restarted via set_stream_sources
2026-05-20 01:50:56,552 | INFO | VCPlatform | [8015937475] Stream restarted via set_stream_sources
2026-05-20 01:52:19,456 | INFO | VCPlatform | [8015937475] Stream restarted via set_stream_sources
2026-05-20 01:53:42,359 | INFO | VCPlatform | [8015937475] Stream restarted via set_stream_sources
2026-05-20 01:55:05,266 | INFO | VCPlatform | [8015937475] Stream restarted via set_stream_sources
2026-05-20 01:56:28,171 | INFO | VCPlatform | [8015937475] Stream restarted via set_stream_sources
2026-05-20 01:57:51,077 | INFO | VCPlatform | [8015937475] Stream restarted via set_stream_sources
2026-05-20 01:58:03,274 | INFO | VCPlatform | [6444599625_2] Stream restarted via set_stream_sources
2026-05-20 01:59:13,981 | INFO | VCPlatform | [8015937475] Stream restarted via set_stream_sources
2026-05-20 02:00:36,888 | INFO | VCPlatform | [8015937475] Stream restarted via set_stream_sources
2026-05-20 02:01:59,791 | INFO | VCPlatform | [8015937475] Stream restarted via set_stream_sources
2026-05-20 02:03:22,703 | INFO | VCPlatform | [8015937475] Stream restarted via set_stream_sources
2026-05-20 02:04:45,606 | INFO | VCPlatform | [8015937475] Stream restarted via set_stream_sources
2026-05-20 02:06:08,512 | INFO | VCPlatform | [8015937475] Stream restarted via set_stream_sources
2026-05-20 02:06:54,991 | INFO | VCPlatform | [6444599625_4] Stream restarted via set_stream_sources
2026-05-20 02:07:31,414 | INFO | VCPlatform | [8015937475] Stream restarted via set_stream_sources
2026-05-20 02:08:54,316 | INFO | VCPlatform | [8015937475] Stream restarted via set_stream_sources
2026-05-20 02:10:17,219 | INFO | VCPlatform | [8015937475] Stream restarted via set_stream_sources
2026-05-20 02:11:16,126 | INFO | VCPlatform | [6451644278] Stream restarted via set_stream_sources
2026-05-20 02:11:40,130 | INFO | VCPlatform | [8015937475] Stream restarted via set_stream_sources
2026-05-20 02:13:03,033 | INFO | VCPlatform | [8015937475] Stream restarted via set_stream_sources
2026-05-20 02:14:25,933 | INFO | VCPlatform | [8015937475] Stream restarted via set_stream_sources
2026-05-20 02:15:05,767 | INFO | VCPlatform | [6444599625] Stream restarted via set_stream_sources
2026-05-20 02:15:48,835 | INFO | VCPlatform | [8015937475] Stream restarted via set_stream_sources
2026-05-20 02:17:11,748 | INFO | VCPlatform | [8015937475] Stream restarted via set_stream_sources
2026-05-20 02:18:34,656 | INFO | VCPlatform | [8015937475] Stream restarted via set_stream_sources
2026-05-20 02:19:57,567 | INFO | VCPlatform | [8015937475] Stream restarted via set_stream_sources
2026-05-20 02:20:19,350 | INFO | VCPlatform | [7535601861_2] Stream restarted via set_stream_sources
2026-05-20 02:21:20,471 | INFO | VCPlatform | [8015937475] Stream restarted via set_stream_sources
2026-05-20 02:22:43,375 | INFO | VCPlatform | [8015937475] Stream restarted via set_stream_sources
2026-05-20 02:24:06,279 | INFO | VCPlatform | [8015937475] Stream restarted via set_stream_sources
2026-05-20 02:25:29,184 | INFO | VCPlatform | [8015937475] Stream restarted via set_stream_sources
2026-05-20 02:26:52,085 | INFO | VCPlatform | [8015937475] Stream restarted via set_stream_sources
2026-05-20 02:28:14,989 | INFO | VCPlatform | [8015937475] Stream restarted via set_stream_sources
2026-05-20 02:28:41,478 | INFO | VCPlatform | [6444599625_2] Stream restarted via set_stream_sources
2026-05-20 02:29:37,898 | INFO | VCPlatform | [8015937475] Stream restarted via set_stream_sources
2026-05-20 02:31:00,810 | INFO | VCPlatform | [8015937475] Stream restarted via set_stream_sources
2026-05-20 02:32:23,716 | INFO | VCPlatform | [8015937475] Stream restarted via set_stream_sources
2026-05-20 02:33:33,205 | INFO | VCPlatform | [6444599625_4] Stream restarted via set_stream_sources
2026-05-20 02:33:46,621 | INFO | VCPlatform | [8015937475] Stream restarted via set_stream_sources
2026-05-20 02:35:09,522 | INFO | VCPlatform | [8015937475] Stream restarted via set_stream_sources
2026-05-20 02:36:32,427 | INFO | VCPlatform | [8015937475] Stream restarted via set_stream_sources
2026-05-20 02:37:55,333 | INFO | VCPlatform | [8015937475] Stream restarted via set_stream_sources
2026-05-20 02:39:18,236 | INFO | VCPlatform | [8015937475] Stream restarted via set_stream_sources
2026-05-20 02:40:41,140 | INFO | VCPlatform | [8015937475] Stream restarted via set_stream_sources
2026-05-20 02:41:54,328 | INFO | VCPlatform | [6451644278] Stream restarted via set_stream_sources
2026-05-20 02:42:04,042 | INFO | VCPlatform | [8015937475] Stream restarted via set_stream_sources
2026-05-20 02:43:26,946 | INFO | VCPlatform | [8015937475] Stream restarted via set_stream_sources
2026-05-20 02:44:49,849 | INFO | VCPlatform | [8015937475] Stream restarted via set_stream_sources
2026-05-20 02:45:43,969 | INFO | VCPlatform | [6444599625] Stream restarted via set_stream_sources
2026-05-20 02:46:12,752 | INFO | VCPlatform | [8015937475] Stream restarted via set_stream_sources
2026-05-20 02:47:35,659 | INFO | VCPlatform | [8015937475] Stream restarted via set_stream_sources
2026-05-20 02:48:58,562 | INFO | VCPlatform | [8015937475] Stream restarted via set_stream_sources
2026-05-20 02:50:21,466 | INFO | VCPlatform | [8015937475] Stream restarted via set_stream_sources
2026-05-20 02:50:57,558 | INFO | VCPlatform | [7535601861_2] Stream restarted via set_stream_sources
2026-05-20 02:51:44,369 | INFO | VCPlatform | [8015937475] Stream restarted via set_stream_sources
2026-05-20 02:53:07,296 | INFO | VCPlatform | [8015937475] Stream restarted via set_stream_sources
2026-05-20 02:54:30,200 | INFO | VCPlatform | [8015937475] Stream restarted via set_stream_sources
2026-05-20 02:55:53,103 | INFO | VCPlatform | [8015937475] Stream restarted via set_stream_sources
2026-05-20 02:57:16,008 | INFO | VCPlatform | [8015937475] Stream restarted via set_stream_sources
2026-05-20 02:58:38,912 | INFO | VCPlatform | [8015937475] Stream restarted via set_stream_sources
2026-05-20 02:59:19,684 | INFO | VCPlatform | [6444599625_2] Stream restarted via set_stream_sources
2026-05-20 03:00:02,172 | INFO | VCPlatform | [8015937475] Stream restarted via set_stream_sources
2026-05-20 03:00:11,427 | INFO | VCPlatform | [6444599625_4] Stream restarted via set_stream_sources
2026-05-20 03:00:53,427 | ERROR | telegram.ext.Updater | Error while getting Updates: httpx.ReadError: 
2026-05-20 03:00:53,427 | ERROR | telegram.ext.Updater | Exception happened while polling for updates.
Traceback (most recent call last):
  File "/root/voiceplay/.venv/lib/python3.10/site-packages/httpx/_transports/default.py", line 66, in map_httpcore_exceptions
    yield
  File "/root/voiceplay/.venv/lib/python3.10/site-packages/httpx/_transports/default.py", line 366, in handle_async_request
    resp = await self._pool.handle_async_request(req)
  File "/root/voiceplay/.venv/lib/python3.10/site-packages/httpcore/_async/connection_pool.py", line 256, in handle_async_request
    raise exc from None
  File "/root/voiceplay/.venv/lib/python3.10/site-packages/httpcore/_async/connection_pool.py", line 236, in handle_async_request
    response = await connection.handle_async_request(
  File "/root/voiceplay/.venv/lib/python3.10/site-packages/httpcore/_async/connection.py", line 103, in handle_async_request
    return await self._connection.handle_async_request(request)
  File "/root/voiceplay/.venv/lib/python3.10/site-packages/httpcore/_async/http11.py", line 136, in handle_async_request
    raise exc
  File "/root/voiceplay/.venv/lib/python3.10/site-packages/httpcore/_async/http11.py", line 106, in handle_async_request
    ) = await self._receive_response_headers(**kwargs)
  File "/root/voiceplay/.venv/lib/python3.10/site-packages/httpcore/_async/http11.py", line 177, in _receive_response_headers
    event = await self._receive_event(timeout=timeout)
  File "/root/voiceplay/.venv/lib/python3.10/site-packages/httpcore/_async/http11.py", line 217, in _receive_event
    data = await self._network_stream.read(
  File "/root/voiceplay/.venv/lib/python3.10/site-packages/httpcore/_backends/anyio.py", line 32, in read
    with map_exceptions(exc_map):
  File "/usr/lib/python3.10/contextlib.py", line 153, in __exit__
    self.gen.throw(typ, value, traceback)
  File "/root/voiceplay/.venv/lib/python3.10/site-packages/httpcore/_exceptions.py", line 14, in map_exceptions
    raise to_exc(exc) from exc
httpcore.ReadError

The above exception was the direct cause of the following exception:

Traceback (most recent call last):
  File "/root/voiceplay/.venv/lib/python3.10/site-packages/telegram/request/_httpxrequest.py", line 268, in do_request
    res = await self._client.request(
  File "/root/voiceplay/.venv/lib/python3.10/site-packages/httpx/_client.py", line 1530, in request
    return await self.send(request, auth=auth, follow_redirects=follow_redirects)
  File "/root/voiceplay/.venv/lib/python3.10/site-packages/httpx/_client.py", line 1617, in send
    response = await self._send_handling_auth(
  File "/root/voiceplay/.venv/lib/python3.10/site-packages/httpx/_client.py", line 1645, in _send_handling_auth
    response = await self._send_handling_redirects(
  File "/root/voiceplay/.venv/lib/python3.10/site-packages/httpx/_client.py", line 1682, in _send_handling_redirects
    response = await self._send_single_request(request)
  File "/root/voiceplay/.venv/lib/python3.10/site-packages/httpx/_client.py", line 1719, in _send_single_request
    response = await transport.handle_async_request(request)
  File "/root/voiceplay/.venv/lib/python3.10/site-packages/httpx/_transports/default.py", line 365, in handle_async_request
    with map_httpcore_exceptions():
  File "/usr/lib/python3.10/contextlib.py", line 153, in __exit__
    self.gen.throw(typ, value, traceback)
  File "/root/voiceplay/.venv/lib/python3.10/site-packages/httpx/_transports/default.py", line 83, in map_httpcore_exceptions
    raise mapped_exc(message) from exc
httpx.ReadError

The above exception was the direct cause of the following exception:

Traceback (most recent call last):
  File "/root/voiceplay/.venv/lib/python3.10/site-packages/telegram/ext/_updater.py", line 688, in _network_loop_retry
    if not await action_cb():
  File "/root/voiceplay/.venv/lib/python3.10/site-packages/telegram/ext/_updater.py", line 384, in polling_action_cb
    raise exc
  File "/root/voiceplay/.venv/lib/python3.10/site-packages/telegram/ext/_updater.py", line 373, in polling_action_cb
    updates = await self.bot.get_updates(
  File "/root/voiceplay/.venv/lib/python3.10/site-packages/telegram/ext/_extbot.py", line 558, in get_updates
    updates = await super().get_updates(
  File "/root/voiceplay/.venv/lib/python3.10/site-packages/telegram/_bot.py", line 525, in decorator
    result = await func(self, *args, **kwargs)  # skipcq: PYL-E1102
  File "/root/voiceplay/.venv/lib/python3.10/site-packages/telegram/_bot.py", line 3584, in get_updates
    await self._post(
  File "/root/voiceplay/.venv/lib/python3.10/site-packages/telegram/_bot.py", line 613, in _post
    return await self._do_post(
  File "/root/voiceplay/.venv/lib/python3.10/site-packages/telegram/ext/_extbot.py", line 340, in _do_post
    return await super()._do_post(
  File "/root/voiceplay/.venv/lib/python3.10/site-packages/telegram/_bot.py", line 641, in _do_post
    return await request.post(
  File "/root/voiceplay/.venv/lib/python3.10/site-packages/telegram/request/_baserequest.py", line 200, in post
    result = await self._request_wrapper(
  File "/root/voiceplay/.venv/lib/python3.10/site-packages/telegram/request/_baserequest.py", line 340, in _request_wrapper
    raise exc
  File "/root/voiceplay/.venv/lib/python3.10/site-packages/telegram/request/_baserequest.py", line 330, in _request_wrapper
    code, payload = await self.do_request(
  File "/root/voiceplay/.venv/lib/python3.10/site-packages/telegram/request/_httpxrequest.py", line 292, in do_request
    raise NetworkError(f"httpx.{err.__class__.__name__}: {err}") from err
telegram.error.NetworkError: httpx.ReadError: 
2026-05-20 03:01:25,079 | INFO | VCPlatform | [8015937475] Stream restarted via set_stream_sources
2026-05-20 03:02:47,985 | INFO | VCPlatform | [8015937475] Stream restarted via set_stream_sources
2026-05-20 03:04:10,887 | INFO | VCPlatform | [8015937475] Stream restarted via set_stream_sources
2026-05-20 03:05:33,791 | INFO | VCPlatform | [8015937475] Stream restarted via set_stream_sources
2026-05-20 03:06:56,693 | INFO | VCPlatform | [8015937475] Stream restarted via set_stream_sources
2026-05-20 03:08:19,599 | INFO | VCPlatform | [8015937475] Stream restarted via set_stream_sources
2026-05-20 03:09:42,500 | INFO | VCPlatform | [8015937475] Stream restarted via set_stream_sources
2026-05-20 03:11:05,406 | INFO | VCPlatform | [8015937475] Stream restarted via set_stream_sources
2026-05-20 03:12:28,310 | INFO | VCPlatform | [8015937475] Stream restarted via set_stream_sources
2026-05-20 03:12:32,530 | INFO | VCPlatform | [6451644278] Stream restarted via set_stream_sources
2026-05-20 03:13:51,212 | INFO | VCPlatform | [8015937475] Stream restarted via set_stream_sources
2026-05-20 03:15:14,122 | INFO | VCPlatform | [8015937475] Stream restarted via set_stream_sources
2026-05-20 03:16:22,170 | INFO | VCPlatform | [6444599625] Stream restarted via set_stream_sources
2026-05-20 03:16:37,023 | INFO | VCPlatform | [8015937475] Stream restarted via set_stream_sources
2026-05-20 03:17:59,928 | INFO | VCPlatform | [8015937475] Stream restarted via set_stream_sources
2026-05-20 03:19:22,831 | INFO | VCPlatform | [8015937475] Stream restarted via set_stream_sources
2026-05-20 03:20:45,736 | INFO | VCPlatform | [8015937475] Stream restarted via set_stream_sources
2026-05-20 03:21:35,761 | INFO | VCPlatform | [7535601861_2] Stream restarted via set_stream_sources
2026-05-20 03:22:08,680 | INFO | VCPlatform | [8015937475] Stream restarted via set_stream_sources
2026-05-20 03:23:31,585 | INFO | VCPlatform | [8015937475] Stream restarted via set_stream_sources
2026-05-20 03:24:54,490 | INFO | VCPlatform | [8015937475] Stream restarted via set_stream_sources
2026-05-20 03:26:17,392 | INFO | VCPlatform | [8015937475] Stream restarted via set_stream_sources
2026-05-20 03:26:49,623 | INFO | VCPlatform | [6444599625_4] Stream restarted via set_stream_sources
2026-05-20 03:27:40,296 | INFO | VCPlatform | [8015937475] Stream restarted via set_stream_sources
2026-05-20 03:29:03,219 | INFO | VCPlatform | [8015937475] Stream restarted via set_stream_sources
2026-05-20 03:29:57,887 | INFO | VCPlatform | [6444599625_2] Stream restarted via set_stream_sources
2026-05-20 03:30:26,122 | INFO | VCPlatform | [8015937475] Stream restarted via set_stream_sources
2026-05-20 03:31:49,030 | INFO | VCPlatform | [8015937475] Stream restarted via set_stream_sources
2026-05-20 03:33:11,934 | INFO | VCPlatform | [8015937475] Stream restarted via set_stream_sources
2026-05-20 03:34:34,855 | INFO | VCPlatform | [8015937475] Stream restarted via set_stream_sources
2026-05-20 03:35:57,759 | INFO | VCPlatform | [8015937475] Stream restarted via set_stream_sources
2026-05-20 03:37:20,660 | INFO | VCPlatform | [8015937475] Stream restarted via set_stream_sources
2026-05-20 03:38:43,563 | INFO | VCPlatform | [8015937475] Stream restarted via set_stream_sources
2026-05-20 03:40:06,464 | INFO | VCPlatform | [8015937475] Stream restarted via set_stream_sources
2026-05-20 03:41:29,369 | INFO | VCPlatform | [8015937475] Stream restarted via set_stream_sources
2026-05-20 03:42:52,270 | INFO | VCPlatform | [8015937475] Stream restarted via set_stream_sources
2026-05-20 03:43:10,736 | INFO | VCPlatform | [6451644278] Stream restarted via set_stream_sources
2026-05-20 03:44:15,179 | INFO | VCPlatform | [8015937475] Stream restarted via set_stream_sources
2026-05-20 03:45:38,079 | INFO | VCPlatform | [8015937475] Stream restarted via set_stream_sources
2026-05-20 03:47:00,384 | INFO | VCPlatform | [6444599625] Stream restarted via set_stream_sources
2026-05-20 03:47:00,984 | INFO | VCPlatform | [8015937475] Stream restarted via set_stream_sources
2026-05-20 03:48:23,886 | INFO | VCPlatform | [8015937475] Stream restarted via set_stream_sources
2026-05-20 03:49:46,789 | INFO | VCPlatform | [8015937475] Stream restarted via set_stream_sources
2026-05-20 03:51:09,696 | INFO | VCPlatform | [8015937475] Stream restarted via set_stream_sources
2026-05-20 03:52:13,963 | INFO | VCPlatform | [7535601861_2] Stream restarted via set_stream_sources
2026-05-20 03:52:32,598 | INFO | VCPlatform | [8015937475] Stream restarted via set_stream_sources
2026-05-20 03:53:27,831 | INFO | VCPlatform | [6444599625_4] Stream restarted via set_stream_sources
2026-05-20 03:53:55,502 | INFO | VCPlatform | [8015937475] Stream restarted via set_stream_sources
2026-05-20 03:55:18,402 | INFO | VCPlatform | [8015937475] Stream restarted via set_stream_sources
2026-05-20 03:56:41,306 | INFO | VCPlatform | [8015937475] Stream restarted via set_stream_sources
2026-05-20 03:58:04,209 | INFO | VCPlatform | [8015937475] Stream restarted via set_stream_sources
2026-05-20 03:59:27,112 | INFO | VCPlatform | [8015937475] Stream restarted via set_stream_sources
2026-05-20 04:00:36,092 | INFO | VCPlatform | [6444599625_2] Stream restarted via set_stream_sources
2026-05-20 04:00:50,014 | INFO | VCPlatform | [8015937475] Stream restarted via set_stream_sources
2026-05-20 04:02:12,917 | INFO | VCPlatform | [8015937475] Stream restarted via set_stream_sources
2026-05-20 04:03:35,822 | INFO | VCPlatform | [8015937475] Stream restarted via set_stream_sources
2026-05-20 04:04:18,933 | INFO | VCPlatform | [6444599625_2] Monitor stopped for https://t.me/+5wYXdZfacPwwZTZl
2026-05-20 04:04:18,934 | INFO | VCPlatform | [6444599625_2] Monitors restarted: 1 running for 1 channels
2026-05-20 04:04:18,937 | INFO | VCPlatform | [6444599625_2] Monitor started for https://t.me/+5wYXdZfacPwwZTZl
2026-05-20 04:04:18,940 | INFO | VCPlatform | [6444599625_2] Channel from cache: '𝐒𝐔𝐑𝐄𝐒𝐇𝐎𝐓 𝐁𝐘 𝐑𝐀𝐌' (bare_id=2893144270) for https://t.me/+5wYXdZfacPwwZTZl
2026-05-20 04:04:18,941 | INFO | VCPlatform | [6444599625_2] VC push update handler registered
2026-05-20 04:04:58,732 | INFO | VCPlatform | [8015937475] Stream restarted via set_stream_sources
2026-05-20 04:05:17,366 | INFO | VCPlatform | [6444599625_4] Monitor stopped for https://t.me/+Z6J56TI-fZFlZTQ1
2026-05-20 04:05:17,367 | INFO | VCPlatform | [6444599625_4] Monitors restarted: 1 running for 1 channels
2026-05-20 04:05:17,370 | INFO | VCPlatform | [6444599625_4] Monitor started for https://t.me/+Z6J56TI-fZFlZTQ1
2026-05-20 04:05:17,370 | INFO | VCPlatform | [6444599625_4] Channel from cache: '𝐒𝐮𝐫𝐞𝐬𝐡𝐨𝐭 𝐛𝐲 𝐉𝐚𝐜𝐤' (bare_id=2098714715) for https://t.me/+Z6J56TI-fZFlZTQ1
2026-05-20 04:05:17,371 | INFO | VCPlatform | [6444599625_4] VC push update handler registered
2026-05-20 04:05:29,990 | INFO | VCPlatform | [6444599625_3] Monitor stopped for https://t.me/+hnGoxIQ1wj83NGVl
2026-05-20 04:05:29,995 | INFO | VCPlatform | [6444599625_3] Monitors restarted: 1 running for 1 channels
2026-05-20 04:05:30,000 | INFO | VCPlatform | [6444599625_3] Monitor started for https://t.me/+hnGoxIQ1wj83NGVl
2026-05-20 04:05:30,001 | INFO | VCPlatform | [6444599625_3] Channel from cache: '𝐒𝐔𝐑𝐄𝐒𝐇𝐎𝐓 𝐁𝐘 𝐀𝐋𝐄𝐗' (bare_id=2408551846) for https://t.me/+hnGoxIQ1wj83NGVl
2026-05-20 04:05:30,001 | INFO | VCPlatform | [6444599625_3] VC push update handler registered
2026-05-20 04:05:43,648 | INFO | VCPlatform | [6444599625] Monitor stopped for https://t.me/+VasrzM1i2TQzYmFl
2026-05-20 04:05:43,649 | INFO | VCPlatform | [6444599625] Monitors restarted: 1 running for 1 channels
2026-05-20 04:05:43,652 | INFO | VCPlatform | [6444599625] Monitor started for https://t.me/+VasrzM1i2TQzYmFl
2026-05-20 04:05:43,652 | INFO | VCPlatform | [6444599625] Channel from cache: '𝐒𝐔𝐑𝐄𝐒𝐇𝐎𝐓 𝐁𝐘 𝐉𝐀𝐂𝐊' (bare_id=2412810294) for https://t.me/+VasrzM1i2TQzYmFl
2026-05-20 04:05:43,653 | INFO | VCPlatform | [6444599625] VC push update handler registered
2026-05-20 04:06:21,635 | INFO | VCPlatform | [8015937475] Stream restarted via set_stream_sources
2026-05-20 04:06:52,115 | INFO | VCPlatform | [6444599625_3] VC STARTED (push update) in https://t.me/+hnGoxIQ1wj83NGVl — joining immediately...
2026-05-20 04:06:55,973 | INFO | VCPlatform | [6444599625_3] NTG: ConnectionState.CONNECTING
2026-05-20 04:06:55,977 | INFO | VCPlatform | [6444599625_3] Joined VC in chat -1002408551846
2026-05-20 04:06:55,978 | INFO | VCPlatform | [6444599625_3] Joined VC via push update in https://t.me/+hnGoxIQ1wj83NGVl
2026-05-20 04:06:56,289 | INFO | VCPlatform | [6444599625_3] NTG: ConnectionState.CONNECTED
2026-05-20 04:07:44,537 | INFO | VCPlatform | [8015937475] Stream restarted via set_stream_sources
2026-05-20 04:09:07,441 | INFO | VCPlatform | [8015937475] Stream restarted via set_stream_sources
2026-05-20 04:10:30,350 | INFO | VCPlatform | [8015937475] Stream restarted via set_stream_sources
2026-05-20 04:11:53,250 | INFO | VCPlatform | [8015937475] Stream restarted via set_stream_sources
2026-05-20 04:13:16,154 | INFO | VCPlatform | [8015937475] Stream restarted via set_stream_sources
2026-05-20 04:13:48,939 | INFO | VCPlatform | [6451644278] Stream restarted via set_stream_sources
2026-05-20 04:14:14,077 | INFO | VCPlatform | [6444599625_3] Stream restarted via set_stream_sources
2026-05-20 04:14:39,056 | INFO | VCPlatform | [8015937475] Stream restarted via set_stream_sources
2026-05-20 04:16:01,977 | INFO | VCPlatform | [8015937475] Stream restarted via set_stream_sources
2026-05-20 04:17:18,841 | INFO | VCPlatform | [6444599625_4] Monitor stopped for https://t.me/+Z6J56TI-fZFlZTQ1
2026-05-20 04:17:18,859 | INFO | VCPlatform | [6444599625_4] Monitors restarted: 1 running for 1 channels
2026-05-20 04:17:18,862 | INFO | VCPlatform | [6444599625_4] Monitor started for https://t.me/+Z6J56TI-fZFlZTQ1
2026-05-20 04:17:18,866 | INFO | VCPlatform | [6444599625_4] Channel from cache: '𝐒𝐮𝐫𝐞𝐬𝐡𝐨𝐭 𝐛𝐲 𝐉𝐚𝐜𝐤' (bare_id=2098714715) for https://t.me/+Z6J56TI-fZFlZTQ1
2026-05-20 04:17:18,867 | INFO | VCPlatform | [6444599625_4] VC push update handler registered
2026-05-20 04:17:24,880 | INFO | VCPlatform | [8015937475] Stream restarted via set_stream_sources
2026-05-20 04:17:31,313 | INFO | VCPlatform | [6444599625_4] Monitor stopped for https://t.me/+Z6J56TI-fZFlZTQ1
2026-05-20 04:17:31,314 | INFO | VCPlatform | [6444599625_4] Monitors restarted: 1 running for 1 channels
2026-05-20 04:17:31,316 | INFO | VCPlatform | [6444599625_4] Monitor started for https://t.me/+Z6J56TI-fZFlZTQ1
2026-05-20 04:17:31,316 | INFO | VCPlatform | [6444599625_4] Channel from cache: '𝐒𝐮𝐫𝐞𝐬𝐡𝐨𝐭 𝐛𝐲 𝐉𝐚𝐜𝐤' (bare_id=2098714715) for https://t.me/+Z6J56TI-fZFlZTQ1
2026-05-20 04:17:31,317 | INFO | VCPlatform | [6444599625_4] VC push update handler registered
2026-05-20 04:17:38,586 | INFO | VCPlatform | [6444599625] Stream restarted via set_stream_sources
2026-05-20 04:18:28,833 | INFO | VCPlatform | [6444599625_4] Monitor stopped for https://t.me/+Z6J56TI-fZFlZTQ1
2026-05-20 04:18:28,834 | INFO | VCPlatform | [6444599625_4] Monitors restarted: 1 running for 1 channels
2026-05-20 04:18:28,836 | INFO | VCPlatform | [6444599625_4] Monitor started for https://t.me/+Z6J56TI-fZFlZTQ1
2026-05-20 04:18:28,837 | INFO | VCPlatform | [6444599625_4] Channel from cache: '𝐒𝐮𝐫𝐞𝐬𝐡𝐨𝐭 𝐛𝐲 𝐉𝐚𝐜𝐤' (bare_id=2098714715) for https://t.me/+Z6J56TI-fZFlZTQ1
2026-05-20 04:18:28,837 | INFO | VCPlatform | [6444599625_4] VC push update handler registered
2026-05-20 04:18:47,784 | INFO | VCPlatform | [8015937475] Stream restarted via set_stream_sources
2026-05-20 04:19:13,978 | INFO | VCPlatform | [6444599625_2] Monitor stopped for https://t.me/+5wYXdZfacPwwZTZl
2026-05-20 04:19:13,978 | INFO | VCPlatform | [6444599625_2] Monitors restarted: 1 running for 1 channels
2026-05-20 04:19:13,982 | INFO | VCPlatform | [6444599625_2] Monitor started for https://t.me/+5wYXdZfacPwwZTZl
2026-05-20 04:19:13,982 | INFO | VCPlatform | [6444599625_2] Channel from cache: '𝐒𝐔𝐑𝐄𝐒𝐇𝐎𝐓 𝐁𝐘 𝐑𝐀𝐌' (bare_id=2893144270) for https://t.me/+5wYXdZfacPwwZTZl
2026-05-20 04:19:13,983 | INFO | VCPlatform | [6444599625_2] VC push update handler registered
2026-05-20 04:19:28,417 | INFO | VCPlatform | [6444599625_2] Monitor stopped for https://t.me/+5wYXdZfacPwwZTZl
2026-05-20 04:19:28,418 | INFO | VCPlatform | [6444599625_2] Monitors restarted: 1 running for 1 channels
2026-05-20 04:19:28,423 | INFO | VCPlatform | [6444599625_2] Monitor started for https://t.me/+5wYXdZfacPwwZTZl
2026-05-20 04:19:28,424 | INFO | VCPlatform | [6444599625_2] Channel from cache: '𝐒𝐔𝐑𝐄𝐒𝐇𝐎𝐓 𝐁𝐘 𝐑𝐀𝐌' (bare_id=2893144270) for https://t.me/+5wYXdZfacPwwZTZl
2026-05-20 04:19:28,424 | INFO | VCPlatform | [6444599625_2] VC push update handler registered
2026-05-20 04:20:06,059 | INFO | VCPlatform | [6444599625_4] Stream restarted via set_stream_sources
2026-05-20 04:20:10,686 | INFO | VCPlatform | [8015937475] Stream restarted via set_stream_sources
2026-05-20 04:21:32,181 | INFO | VCPlatform | [6444599625_3] Stream restarted via set_stream_sources
2026-05-20 04:21:33,587 | INFO | VCPlatform | [8015937475] Stream restarted via set_stream_sources
2026-05-20 04:22:52,168 | INFO | VCPlatform | [7535601861_2] Stream restarted via set_stream_sources
2026-05-20 04:22:56,490 | INFO | VCPlatform | [8015937475] Stream restarted via set_stream_sources
2026-05-20 04:24:19,414 | INFO | VCPlatform | [8015937475] Stream restarted via set_stream_sources
2026-05-20 04:25:42,312 | INFO | VCPlatform | [8015937475] Stream restarted via set_stream_sources
2026-05-20 04:25:51,940 | INFO | VCPlatform | [6444599625_2] Monitor stopped for https://t.me/+5wYXdZfacPwwZTZl
2026-05-20 04:25:51,940 | INFO | VCPlatform | [6444599625_2] Monitors restarted: 1 running for 1 channels
2026-05-20 04:25:51,943 | INFO | VCPlatform | [6444599625_2] Monitor started for https://t.me/+5wYXdZfacPwwZTZl
2026-05-20 04:25:51,943 | INFO | VCPlatform | [6444599625_2] Channel from cache: '𝐒𝐔𝐑𝐄𝐒𝐇𝐎𝐓 𝐁𝐘 𝐑𝐀𝐌' (bare_id=2893144270) for https://t.me/+5wYXdZfacPwwZTZl
2026-05-20 04:25:51,943 | INFO | VCPlatform | [6444599625_2] VC push update handler registered
2026-05-20 04:27:05,216 | INFO | VCPlatform | [8015937475] Stream restarted via set_stream_sources
2026-05-20 04:28:11,337 | INFO | telegram.ext.Application | Application started
2026-05-20 04:28:11,592 | INFO | VCPlatform | Admin bot started
2026-05-20 04:28:12,476 | INFO | telegram.ext.Application | Application started
2026-05-20 04:28:15,408 | INFO | VCPlatform | [6444599625] Client bot launched: @YTBHAI_LIVE_BOT
2026-05-20 04:28:15,521 | INFO | VCPlatform | [6444599625] Monitor started for https://t.me/+VasrzM1i2TQzYmFl
2026-05-20 04:28:15,521 | INFO | VCPlatform | [6444599625] Channel from cache: '𝐒𝐔𝐑𝐄𝐒𝐇𝐎𝐓 𝐁𝐘 𝐉𝐀𝐂𝐊' (bare_id=2412810294) for https://t.me/+VasrzM1i2TQzYmFl
2026-05-20 04:28:15,522 | INFO | VCPlatform | [6444599625] VC push update handler registered
2026-05-20 04:28:16,285 | INFO | telegram.ext.Application | Application started
2026-05-20 04:28:17,067 | INFO | VCPlatform | [6444599625] Live already running in https://t.me/+VasrzM1i2TQzYmFl on startup — joining...
2026-05-20 04:28:17,597 | INFO | VCPlatform | [6444599625_2] Client bot launched: @YTBHAILIVEFC2_BOT
2026-05-20 04:28:17,718 | INFO | VCPlatform | [6444599625_2] Monitor started for https://t.me/+5wYXdZfacPwwZTZl
2026-05-20 04:28:17,718 | INFO | VCPlatform | [6444599625_2] Channel from cache: '𝐒𝐔𝐑𝐄𝐒𝐇𝐎𝐓 𝐁𝐘 𝐑𝐀𝐌' (bare_id=2893144270) for https://t.me/+5wYXdZfacPwwZTZl
2026-05-20 04:28:17,719 | INFO | VCPlatform | [6444599625_2] VC push update handler registered
2026-05-20 04:28:18,397 | INFO | VCPlatform | [6444599625_2] Live already running in https://t.me/+5wYXdZfacPwwZTZl on startup — joining...
2026-05-20 04:28:18,493 | INFO | telegram.ext.Application | Application started
2026-05-20 04:28:19,439 | INFO | VCPlatform | [6444599625] NTG: ConnectionState.CONNECTING
2026-05-20 04:28:19,463 | INFO | VCPlatform | [6444599625] Joined VC in chat -1002412810294
2026-05-20 04:28:19,464 | INFO | VCPlatform | [6444599625] Joined VC on startup in https://t.me/+VasrzM1i2TQzYmFl
2026-05-20 04:28:19,762 | INFO | VCPlatform | [6444599625] NTG: ConnectionState.CONNECTED
2026-05-20 04:28:20,168 | INFO | VCPlatform | [6444599625_2] NTG: ConnectionState.CONNECTING
2026-05-20 04:28:20,176 | INFO | VCPlatform | [6444599625_2] Joined VC in chat -1002893144270
2026-05-20 04:28:20,177 | INFO | VCPlatform | [6444599625_2] Joined VC on startup in https://t.me/+5wYXdZfacPwwZTZl
2026-05-20 04:28:20,527 | INFO | VCPlatform | [6444599625_2] NTG: ConnectionState.CONNECTED
2026-05-20 04:28:21,162 | INFO | VCPlatform | [6444599625_3] Client bot launched: @YTBHAILIVEFC3_BOT
2026-05-20 04:28:21,351 | INFO | VCPlatform | [6444599625_3] Monitor started for https://t.me/+hnGoxIQ1wj83NGVl
2026-05-20 04:28:21,352 | INFO | VCPlatform | [6444599625_3] Channel from cache: '𝐒𝐔𝐑𝐄𝐒𝐇𝐎𝐓 𝐁𝐘 𝐀𝐋𝐄𝐗' (bare_id=2408551846) for https://t.me/+hnGoxIQ1wj83NGVl
2026-05-20 04:28:21,353 | INFO | VCPlatform | [6444599625_3] VC push update handler registered
2026-05-20 04:28:22,128 | INFO | telegram.ext.Application | Application started
2026-05-20 04:28:23,233 | INFO | VCPlatform | [6444599625_3] Live already running in https://t.me/+hnGoxIQ1wj83NGVl on startup — joining...
2026-05-20 04:28:24,455 | INFO | VCPlatform | [6451644278] Client bot launched: @YTBHAILIVEFC4_BOT
2026-05-20 04:28:24,659 | INFO | VCPlatform | [6451644278] Monitor started for https://t.me/+NYnorF2xfkhiYmI1
2026-05-20 04:28:24,666 | INFO | VCPlatform | [6451644278] Channel from cache: '𝙔𝙖𝙖𝙧𝙒𝙞𝙣 𝘼𝙡𝙚𝙭' (bare_id=2167741832) for https://t.me/+NYnorF2xfkhiYmI1
2026-05-20 04:28:24,669 | INFO | VCPlatform | [6451644278] VC push update handler registered
2026-05-20 04:28:25,453 | INFO | telegram.ext.Application | Application started
2026-05-20 04:28:25,516 | INFO | VCPlatform | [6444599625_3] NTG: ConnectionState.CONNECTING
2026-05-20 04:28:25,522 | INFO | VCPlatform | [6444599625_3] Joined VC in chat -1002408551846
2026-05-20 04:28:25,522 | INFO | VCPlatform | [6444599625_3] Joined VC on startup in https://t.me/+hnGoxIQ1wj83NGVl
2026-05-20 04:28:25,916 | INFO | VCPlatform | [6444599625_3] NTG: ConnectionState.CONNECTED
2026-05-20 04:28:26,807 | INFO | VCPlatform | [6444599625_4] Client bot launched: @YTBHAILIVEFC5_BOT
2026-05-20 04:28:26,942 | INFO | VCPlatform | [6444599625_4] Monitor started for https://t.me/+Z6J56TI-fZFlZTQ1
2026-05-20 04:28:26,942 | INFO | VCPlatform | [6444599625_4] Channel from cache: '𝐒𝐮𝐫𝐞𝐬𝐡𝐨𝐭 𝐛𝐲 𝐉𝐚𝐜𝐤' (bare_id=2098714715) for https://t.me/+Z6J56TI-fZFlZTQ1
2026-05-20 04:28:26,942 | INFO | VCPlatform | [6444599625_4] VC push update handler registered
2026-05-20 04:28:27,716 | INFO | telegram.ext.Application | Application started
2026-05-20 04:28:28,231 | INFO | VCPlatform | [7535601861] Client bot launched: @YTBHAILIVEFC6_BOT
2026-05-20 04:28:29,133 | INFO | telegram.ext.Application | Application started
2026-05-20 04:28:30,575 | INFO | VCPlatform | [7535601861_2] Client bot launched: @YTBHAILIVEFC7_BOT
2026-05-20 04:28:30,698 | INFO | VCPlatform | [7535601861_2] Monitor started for https://t.me/+akHf5OY8eHYxZTQ1
2026-05-20 04:28:30,699 | INFO | VCPlatform | [7535601861_2] Channel from cache: '𝙔𝙖𝙖𝙧𝙒𝙞𝙣 𝘼𝙡𝙚𝙭' (bare_id=2176401264) for https://t.me/+akHf5OY8eHYxZTQ1
2026-05-20 04:28:30,699 | INFO | VCPlatform | [7535601861_2] VC push update handler registered
2026-05-20 04:28:31,471 | INFO | telegram.ext.Application | Application started
2026-05-20 04:28:34,185 | INFO | VCPlatform | [8015937475] Client bot launched: @AutoGmail_RoBot
2026-05-20 04:28:34,185 | INFO | VCPlatform | Platform fully running.
2026-05-20 04:28:34,185 | INFO | VCPlatform | [8015937475] Monitor started for https://t.me/+F4IAa6kyKnQ4NjI1
2026-05-20 04:28:34,186 | INFO | VCPlatform | [8015937475] Channel from cache: 'ZAYRO 𝐒𝐔𝐑𝐄𝐒𝐇𝐎𝐓' (bare_id=2459134980) for https://t.me/+F4IAa6kyKnQ4NjI1
2026-05-20 04:28:34,186 | INFO | VCPlatform | [8015937475] VC push update handler registered
2026-05-20 04:28:35,791 | INFO | VCPlatform | [8015937475] Live already running in https://t.me/+F4IAa6kyKnQ4NjI1 on startup — joining...
2026-05-20 04:28:36,868 | INFO | VCPlatform | [8015937475] NTG: ConnectionState.CONNECTING
2026-05-20 04:28:36,873 | INFO | VCPlatform | [8015937475] Joined VC in chat -1002459134980
2026-05-20 04:28:36,873 | INFO | VCPlatform | [8015937475] Joined VC on startup in https://t.me/+F4IAa6kyKnQ4NjI1
2026-05-20 04:28:37,269 | INFO | VCPlatform | [8015937475] NTG: ConnectionState.CONNECTED
2026-05-20 04:29:59,776 | INFO | VCPlatform | [8015937475] Stream restarted via set_stream_sources
2026-05-20 04:31:22,677 | INFO | VCPlatform | [8015937475] Stream restarted via set_stream_sources
2026-05-20 04:32:45,588 | INFO | VCPlatform | [8015937475] Stream restarted via set_stream_sources
2026-05-20 04:34:08,487 | INFO | VCPlatform | [8015937475] Stream restarted via set_stream_sources
2026-05-20 04:34:45,301 | INFO | VCPlatform | [6444599625_4] Monitor stopped for https://t.me/+Z6J56TI-fZFlZTQ1
2026-05-20 04:34:45,302 | INFO | VCPlatform | [6444599625_4] Monitors restarted: 1 running for 1 channels
2026-05-20 04:34:45,305 | INFO | VCPlatform | [6444599625_4] Monitor started for https://t.me/+Z6J56TI-fZFlZTQ1
2026-05-20 04:34:45,306 | INFO | VCPlatform | [6444599625_4] Channel from cache: '𝐒𝐮𝐫𝐞𝐬𝐡𝐨𝐭 𝐛𝐲 𝐉𝐚𝐜𝐤' (bare_id=2098714715) for https://t.me/+Z6J56TI-fZFlZTQ1
2026-05-20 04:34:45,307 | INFO | VCPlatform | [6444599625_4] VC push update handler registered
2026-05-20 04:34:46,082 | INFO | VCPlatform | [6444599625_4] Live already running in https://t.me/+Z6J56TI-fZFlZTQ1 on startup — joining...
2026-05-20 04:34:47,802 | INFO | VCPlatform | [6444599625_4] NTG: ConnectionState.CONNECTING
2026-05-20 04:34:47,806 | INFO | VCPlatform | [6444599625_4] Joined VC in chat -1002098714715
2026-05-20 04:34:47,806 | INFO | VCPlatform | [6444599625_4] Joined VC on startup in https://t.me/+Z6J56TI-fZFlZTQ1
2026-05-20 04:34:48,191 | INFO | VCPlatform | [6444599625_4] NTG: ConnectionState.CONNECTED
2026-05-20 04:35:19,767 | INFO | VCPlatform | [8015937475] Monitor stopped for https://t.me/+F4IAa6kyKnQ4NjI1
2026-05-20 04:35:19,767 | INFO | VCPlatform | [8015937475] Monitors restarted: 1 running for 1 channels
2026-05-20 04:35:19,770 | INFO | VCPlatform | [8015937475] Monitor started for https://t.me/+F4IAa6kyKnQ4NjI1
2026-05-20 04:35:19,770 | INFO | VCPlatform | [8015937475] Channel from cache: 'ZAYRO 𝐒𝐔𝐑𝐄𝐒𝐇𝐎𝐓' (bare_id=2459134980) for https://t.me/+F4IAa6kyKnQ4NjI1
2026-05-20 04:35:19,771 | INFO | VCPlatform | [8015937475] VC push update handler registered
2026-05-20 04:35:31,392 | INFO | VCPlatform | [8015937475] Stream restarted via set_stream_sources
2026-05-20 04:35:37,561 | INFO | VCPlatform | [6444599625] Stream restarted via set_stream_sources
2026-05-20 04:35:38,278 | INFO | VCPlatform | [6444599625_2] Stream restarted via set_stream_sources
2026-05-20 04:35:43,620 | INFO | VCPlatform | [6444599625_3] Stream restarted via set_stream_sources
2026-05-20 04:36:04,147 | INFO | VCPlatform | [8015937475] Monitor stopped for https://t.me/+F4IAa6kyKnQ4NjI1
2026-05-20 04:36:04,147 | INFO | VCPlatform | [8015937475] Monitors restarted: 1 running for 1 channels
2026-05-20 04:36:04,149 | INFO | VCPlatform | [8015937475] Monitor started for https://t.me/+F4IAa6kyKnQ4NjI1
2026-05-20 04:36:04,149 | INFO | VCPlatform | [8015937475] Channel from cache: 'ZAYRO 𝐒𝐔𝐑𝐄𝐒𝐇𝐎𝐓' (bare_id=2459134980) for https://t.me/+F4IAa6kyKnQ4NjI1
2026-05-20 04:36:04,150 | INFO | VCPlatform | [8015937475] VC push update handler registered
2026-05-20 04:36:05,904 | INFO | VCPlatform | [8015937475] Live already running in https://t.me/+F4IAa6kyKnQ4NjI1 on startup — joining...
2026-05-20 04:36:08,012 | INFO | VCPlatform | [8015937475] NTG: ConnectionState.CONNECTING
2026-05-20 04:36:08,015 | INFO | VCPlatform | [8015937475] Joined VC in chat -1002459134980
2026-05-20 04:36:08,016 | INFO | VCPlatform | [8015937475] Joined VC on startup in https://t.me/+F4IAa6kyKnQ4NjI1
2026-05-20 04:36:08,416 | INFO | VCPlatform | [8015937475] NTG: ConnectionState.CONNECTED
2026-05-20 04:42:05,908 | INFO | VCPlatform | [6444599625_4] Stream restarted via set_stream_sources
2026-05-20 04:42:31,138 | INFO | VCPlatform | [8015937475] Stream restarted via set_stream_sources
2026-05-20 04:42:55,665 | INFO | VCPlatform | [6444599625] Stream restarted via set_stream_sources
2026-05-20 04:42:56,388 | INFO | VCPlatform | [6444599625_2] Stream restarted via set_stream_sources
2026-05-20 04:43:01,747 | INFO | VCPlatform | [6444599625_3] Stream restarted via set_stream_sources
2026-05-20 04:48:54,232 | INFO | VCPlatform | [8015937475] Stream restarted via set_stream_sources
2026-05-20 04:49:24,012 | INFO | VCPlatform | [6444599625_4] Stream restarted via set_stream_sources
2026-05-20 04:50:13,769 | INFO | VCPlatform | [6444599625] Stream restarted via set_stream_sources
2026-05-20 04:50:14,492 | INFO | VCPlatform | [6444599625_2] Stream restarted via set_stream_sources
2026-05-20 04:50:19,850 | INFO | VCPlatform | [6444599625_3] Stream restarted via set_stream_sources
2026-05-20 04:55:17,337 | INFO | VCPlatform | [8015937475] Stream restarted via set_stream_sources
2026-05-20 04:56:42,124 | INFO | VCPlatform | [6444599625_4] Stream restarted via set_stream_sources
2026-05-20 04:57:31,873 | INFO | VCPlatform | [6444599625] Stream restarted via set_stream_sources
2026-05-20 04:57:32,597 | INFO | VCPlatform | [6444599625_2] Stream restarted via set_stream_sources
2026-05-20 04:57:37,955 | INFO | VCPlatform | [6444599625_3] Stream restarted via set_stream_sources
2026-05-20 05:01:40,444 | INFO | VCPlatform | [8015937475] Stream restarted via set_stream_sources
2026-05-20 05:04:00,227 | INFO | VCPlatform | [6444599625_4] Stream restarted via set_stream_sources
2026-05-20 05:04:49,976 | INFO | VCPlatform | [6444599625] Stream restarted via set_stream_sources
2026-05-20 05:04:50,699 | INFO | VCPlatform | [6444599625_2] Stream restarted via set_stream_sources
2026-05-20 05:04:56,060 | INFO | VCPlatform | [6444599625_3] Stream restarted via set_stream_sources
2026-05-20 05:08:03,573 | INFO | VCPlatform | [8015937475] Stream restarted via set_stream_sources
2026-05-20 05:09:49,905 | INFO | VCPlatform | [7535601861_2] VC STARTED (push update) in https://t.me/+akHf5OY8eHYxZTQ1 — joining immediately...
2026-05-20 05:09:56,138 | INFO | VCPlatform | [7535601861_2] NTG: ConnectionState.CONNECTING
2026-05-20 05:09:56,143 | INFO | VCPlatform | [7535601861_2] Joined VC in chat -1002176401264
2026-05-20 05:09:56,143 | INFO | VCPlatform | [7535601861_2] Joined VC via push update in https://t.me/+akHf5OY8eHYxZTQ1
2026-05-20 05:09:56,518 | INFO | VCPlatform | [7535601861_2] NTG: ConnectionState.CONNECTED
2026-05-20 05:11:18,334 | INFO | VCPlatform | [6444599625_4] Stream restarted via set_stream_sources
2026-05-20 05:12:08,081 | INFO | VCPlatform | [6444599625] Stream restarted via set_stream_sources
2026-05-20 05:12:08,802 | INFO | VCPlatform | [6444599625_2] Stream restarted via set_stream_sources
2026-05-20 05:12:14,163 | INFO | VCPlatform | [6444599625_3] Stream restarted via set_stream_sources
2026-05-20 05:14:26,676 | INFO | VCPlatform | [8015937475] Stream restarted via set_stream_sources
2026-05-20 05:18:36,439 | INFO | VCPlatform | [6444599625_4] Stream restarted via set_stream_sources
2026-05-20 05:19:26,184 | INFO | VCPlatform | [6444599625] Stream restarted via set_stream_sources
2026-05-20 05:19:26,904 | INFO | VCPlatform | [6444599625_2] Stream restarted via set_stream_sources
2026-05-20 05:19:32,265 | INFO | VCPlatform | [6444599625_3] Stream restarted via set_stream_sources
2026-05-20 05:20:49,795 | INFO | VCPlatform | [8015937475] Stream restarted via set_stream_sources
2026-05-20 05:25:54,542 | INFO | VCPlatform | [6444599625_4] Stream restarted via set_stream_sources
2026-05-20 05:26:44,289 | INFO | VCPlatform | [6444599625] Stream restarted via set_stream_sources
2026-05-20 05:26:45,008 | INFO | VCPlatform | [6444599625_2] Stream restarted via set_stream_sources
2026-05-20 05:26:50,370 | INFO | VCPlatform | [6444599625_3] Stream restarted via set_stream_sources
2026-05-20 05:27:12,897 | INFO | VCPlatform | [8015937475] Stream restarted via set_stream_sources
2026-05-20 05:33:12,648 | INFO | VCPlatform | [6444599625_4] Stream restarted via set_stream_sources
2026-05-20 05:33:36,041 | INFO | VCPlatform | [8015937475] Stream restarted via set_stream_sources
2026-05-20 05:34:02,422 | INFO | VCPlatform | [6444599625] Stream restarted via set_stream_sources
2026-05-20 05:34:03,156 | INFO | VCPlatform | [6444599625_2] Stream restarted via set_stream_sources
2026-05-20 05:34:08,471 | INFO | VCPlatform | [6444599625_3] Stream restarted via set_stream_sources
2026-05-20 05:35:00,959 | INFO | VCPlatform | [7535601861_2] Monitor stopped for https://t.me/+akHf5OY8eHYxZTQ1
2026-05-20 05:35:00,960 | INFO | VCPlatform | [7535601861_2] Monitors restarted: 1 running for 1 channels
2026-05-20 05:35:00,963 | INFO | VCPlatform | [7535601861_2] Monitor started for https://t.me/+akHf5OY8eHYxZTQ1
2026-05-20 05:35:00,965 | INFO | VCPlatform | [7535601861_2] Channel from cache: '𝙔𝙖𝙖𝙧𝙒𝙞𝙣 𝘼𝙡𝙚𝙭' (bare_id=2176401264) for https://t.me/+akHf5OY8eHYxZTQ1
2026-05-20 05:35:00,966 | INFO | VCPlatform | [7535601861_2] VC push update handler registered
2026-05-20 05:36:30,575 | INFO | VCPlatform | [7535601861_2] Monitor stopped for https://t.me/+akHf5OY8eHYxZTQ1
2026-05-20 05:36:30,576 | INFO | VCPlatform | [7535601861_2] Monitors restarted: 1 running for 1 channels
2026-05-20 05:36:30,580 | INFO | VCPlatform | [7535601861_2] Monitor started for https://t.me/+akHf5OY8eHYxZTQ1
2026-05-20 05:36:30,582 | INFO | VCPlatform | [7535601861_2] Channel from cache: '𝙔𝙖𝙖𝙧𝙒𝙞𝙣 𝘼𝙡𝙚𝙭' (bare_id=2176401264) for https://t.me/+akHf5OY8eHYxZTQ1
2026-05-20 05:36:30,582 | INFO | VCPlatform | [7535601861_2] VC push update handler registered
2026-05-20 05:38:16,911 | INFO | VCPlatform | [7535601861_2] Monitor stopped for https://t.me/+akHf5OY8eHYxZTQ1
2026-05-20 05:38:17,048 | INFO | VCPlatform | Session file deleted: sessions/+919263893001.session
2026-05-20 05:38:48,125 | INFO | VCPlatform | [7535601861_2] Monitor started for https://t.me/+akHf5OY8eHYxZTQ1
2026-05-20 05:38:48,125 | INFO | VCPlatform | [7535601861_2] Channel from cache: '𝙔𝙖𝙖𝙧𝙒𝙞𝙣 𝘼𝙡𝙚𝙭' (bare_id=2176401264) for https://t.me/+akHf5OY8eHYxZTQ1
2026-05-20 05:38:48,126 | INFO | VCPlatform | [7535601861_2] VC push update handler registered
2026-05-20 05:38:48,940 | INFO | VCPlatform | [7535601861_2] Live already running in https://t.me/+akHf5OY8eHYxZTQ1 on startup — joining...
2026-05-20 05:38:48,943 | WARNING | VCPlatform | [7535601861_2] vc_join: no audio files found
2026-05-20 05:38:48,943 | WARNING | VCPlatform | [7535601861_2] Startup join failed for https://t.me/+akHf5OY8eHYxZTQ1
2026-05-20 05:39:59,134 | INFO | VCPlatform | [8015937475] Stream restarted via set_stream_sources
2026-05-20 05:40:30,753 | INFO | VCPlatform | [6444599625_4] Stream restarted via set_stream_sources
2026-05-20 05:41:20,522 | INFO | VCPlatform | [6444599625] Stream restarted via set_stream_sources
2026-05-20 05:41:21,259 | INFO | VCPlatform | [6444599625_2] Stream restarted via set_stream_sources
2026-05-20 05:41:26,572 | INFO | VCPlatform | [6444599625_3] Stream restarted via set_stream_sources
2026-05-20 05:45:25,675 | INFO | VCPlatform | [7535601861_2] Monitor stopped for https://t.me/+akHf5OY8eHYxZTQ1
2026-05-20 05:45:25,675 | INFO | VCPlatform | [7535601861_2] Monitors restarted: 1 running for 1 channels
2026-05-20 05:45:25,677 | INFO | VCPlatform | [7535601861_2] Monitor started for https://t.me/+akHf5OY8eHYxZTQ1
2026-05-20 05:45:25,678 | INFO | VCPlatform | [7535601861_2] Channel from cache: '𝙔𝙖𝙖𝙧𝙒𝙞𝙣 𝘼𝙡𝙚𝙭' (bare_id=2176401264) for https://t.me/+akHf5OY8eHYxZTQ1
2026-05-20 05:45:25,679 | INFO | VCPlatform | [7535601861_2] VC push update handler registered
2026-05-20 05:45:26,313 | INFO | VCPlatform | [7535601861_2] Live already running in https://t.me/+akHf5OY8eHYxZTQ1 on startup — joining...
2026-05-20 05:45:26,314 | WARNING | VCPlatform | [7535601861_2] vc_join: no audio files found
2026-05-20 05:45:26,314 | WARNING | VCPlatform | [7535601861_2] Startup join failed for https://t.me/+akHf5OY8eHYxZTQ1
2026-05-20 05:46:22,248 | INFO | VCPlatform | [8015937475] Stream restarted via set_stream_sources
2026-05-20 05:46:42,930 | INFO | VCPlatform | [7535601861_2] Monitor stopped for https://t.me/+akHf5OY8eHYxZTQ1
2026-05-20 05:46:54,567 | INFO | VCPlatform | [7535601861_2] Monitor started for https://t.me/+akHf5OY8eHYxZTQ1
2026-05-20 05:46:54,568 | INFO | VCPlatform | [7535601861_2] Channel from cache: '𝙔𝙖𝙖𝙧𝙒𝙞𝙣 𝘼𝙡𝙚𝙭' (bare_id=2176401264) for https://t.me/+akHf5OY8eHYxZTQ1
2026-05-20 05:46:54,568 | INFO | VCPlatform | [7535601861_2] VC push update handler registered
2026-05-20 05:46:55,236 | INFO | VCPlatform | [7535601861_2] Live already running in https://t.me/+akHf5OY8eHYxZTQ1 on startup — joining...
2026-05-20 05:46:57,811 | INFO | VCPlatform | [7535601861_2] NTG: ConnectionState.CONNECTING
2026-05-20 05:46:57,812 | INFO | VCPlatform | [7535601861_2] Joined VC in chat -1002176401264
2026-05-20 05:46:57,812 | INFO | VCPlatform | [7535601861_2] Joined VC on startup in https://t.me/+akHf5OY8eHYxZTQ1
2026-05-20 05:46:58,199 | INFO | VCPlatform | [7535601861_2] NTG: ConnectionState.CONNECTED
2026-05-20 05:47:48,856 | INFO | VCPlatform | [6444599625_4] Stream restarted via set_stream_sources
2026-05-20 05:48:38,624 | INFO | VCPlatform | [6444599625] Stream restarted via set_stream_sources
2026-05-20 05:48:39,363 | INFO | VCPlatform | [6444599625_2] Stream restarted via set_stream_sources
2026-05-20 05:48:42,601 | INFO | VCPlatform | [7535601861] VC push update handler registered
2026-05-20 05:48:44,678 | INFO | VCPlatform | [6444599625_3] Stream restarted via set_stream_sources
2026-05-20 05:49:32,060 | INFO | VCPlatform | [7535601861] Monitor started for https://t.me/+akHf5OY8eHYxZTQ1
2026-05-20 05:49:32,061 | INFO | VCPlatform | [7535601861] Channel from cache: '𝙔𝙖𝙖𝙧𝙒𝙞𝙣 𝘼𝙡𝙚𝙭' (bare_id=2176401264) for https://t.me/+akHf5OY8eHYxZTQ1
2026-05-20 05:49:32,061 | INFO | VCPlatform | [7535601861] VC push update handler registered
2026-05-20 05:50:16,854 | INFO | VCPlatform | [7535601861_2] Monitor stopped for https://t.me/+akHf5OY8eHYxZTQ1
2026-05-20 05:50:16,928 | INFO | VCPlatform | Session file deleted: sessions/+919263893001.session
2026-05-20 05:50:16,928 | INFO | VCPlatform | Session file deleted: sessions/919263893001.session
2026-05-20 05:52:45,348 | INFO | VCPlatform | [8015937475] Stream restarted via set_stream_sources
2026-05-20 05:52:53,801 | INFO | VCPlatform | [7535601861_2] Monitor started for https://t.me/+akHf5OY8eHYxZTQ1
2026-05-20 05:52:53,801 | INFO | VCPlatform | [7535601861_2] Channel from cache: '𝙔𝙖𝙖𝙧𝙒𝙞𝙣 𝘼𝙡𝙚𝙭' (bare_id=2176401264) for https://t.me/+akHf5OY8eHYxZTQ1
2026-05-20 05:52:53,801 | INFO | VCPlatform | [7535601861_2] VC push update handler registered
2026-05-20 05:52:54,637 | INFO | VCPlatform | [7535601861_2] Live already running in https://t.me/+akHf5OY8eHYxZTQ1 on startup — joining...
2026-05-20 05:52:56,018 | INFO | VCPlatform | [7535601861_2] NTG: ConnectionState.CONNECTING
2026-05-20 05:52:56,025 | INFO | VCPlatform | [7535601861_2] Joined VC in chat -1002176401264
2026-05-20 05:52:56,025 | INFO | VCPlatform | [7535601861_2] Joined VC on startup in https://t.me/+akHf5OY8eHYxZTQ1
2026-05-20 05:52:56,411 | INFO | VCPlatform | [7535601861_2] NTG: ConnectionState.CONNECTED
2026-05-20 05:53:50,413 | INFO | VCPlatform | [7535601861_2] Monitor stopped for https://t.me/+akHf5OY8eHYxZTQ1
2026-05-20 05:54:32,839 | INFO | VCPlatform | [7535601861_2] Monitor started for https://t.me/+cX4Z43GzQHJmZDU1
2026-05-20 05:54:32,841 | INFO | VCPlatform | [7535601861_2] VC push update handler registered
2026-05-20 05:54:33,225 | INFO | VCPlatform | [7535601861_2] Channel resolved+cached: 'Shureshot By Komal' (bare_id=2433043152) for https://t.me/+cX4Z43GzQHJmZDU1
2026-05-20 05:55:06,958 | INFO | VCPlatform | [6444599625_4] Stream restarted via set_stream_sources
2026-05-20 05:55:56,727 | INFO | VCPlatform | [6444599625] Stream restarted via set_stream_sources
2026-05-20 05:55:57,465 | INFO | VCPlatform | [6444599625_2] Stream restarted via set_stream_sources
2026-05-20 05:56:02,779 | INFO | VCPlatform | [6444599625_3] Stream restarted via set_stream_sources
2026-05-20 05:59:08,452 | INFO | VCPlatform | [8015937475] Stream restarted via set_stream_sources
2026-05-20 06:02:25,061 | INFO | VCPlatform | [6444599625_4] Stream restarted via set_stream_sources
2026-05-20 06:03:14,829 | INFO | VCPlatform | [6444599625] Stream restarted via set_stream_sources
2026-05-20 06:03:15,567 | INFO | VCPlatform | [6444599625_2] Stream restarted via set_stream_sources
2026-05-20 06:03:20,882 | INFO | VCPlatform | [6444599625_3] Stream restarted via set_stream_sources
2026-05-20 06:04:14,122 | INFO | VCPlatform | [7535601861_2] Stream restarted via set_stream_sources
2026-05-20 06:05:31,555 | INFO | VCPlatform | [8015937475] Stream restarted via set_stream_sources
2026-05-20 06:09:22,375 | INFO | VCPlatform | [7535601861_2] Monitor stopped for https://t.me/+cX4Z43GzQHJmZDU1
2026-05-20 06:09:22,376 | INFO | VCPlatform | [7535601861_2] Monitors restarted: 1 running for 1 channels
2026-05-20 06:09:22,378 | INFO | VCPlatform | [7535601861_2] Monitor started for https://t.me/+cX4Z43GzQHJmZDU1
2026-05-20 06:09:22,378 | INFO | VCPlatform | [7535601861_2] Channel from cache: 'Shureshot By Komal' (bare_id=2433043152) for https://t.me/+cX4Z43GzQHJmZDU1
2026-05-20 06:09:22,379 | INFO | VCPlatform | [7535601861_2] VC push update handler registered
2026-05-20 06:09:43,169 | INFO | VCPlatform | [6444599625_4] Stream restarted via set_stream_sources
2026-05-20 06:10:32,930 | INFO | VCPlatform | [6444599625] Stream restarted via set_stream_sources
2026-05-20 06:10:33,671 | INFO | VCPlatform | [6444599625_2] Stream restarted via set_stream_sources
2026-05-20 06:10:38,984 | INFO | VCPlatform | [6444599625_3] Stream restarted via set_stream_sources
2026-05-20 06:11:21,003 | INFO | VCPlatform | [6451644278] Monitor stopped for https://t.me/+NYnorF2xfkhiYmI1
2026-05-20 06:11:21,004 | INFO | VCPlatform | [6451644278] Monitors restarted: 1 running for 1 channels
2026-05-20 06:11:21,006 | INFO | VCPlatform | [6451644278] Monitor started for https://t.me/+NYnorF2xfkhiYmI1
2026-05-20 06:11:21,006 | INFO | VCPlatform | [6451644278] Channel from cache: '𝙔𝙖𝙖𝙧𝙒𝙞𝙣 𝘼𝙡𝙚𝙭' (bare_id=2167741832) for https://t.me/+NYnorF2xfkhiYmI1
2026-05-20 06:11:21,007 | INFO | VCPlatform | [6451644278] VC push update handler registered
2026-05-20 06:11:22,864 | INFO | VCPlatform | [6451644278] Live already running in https://t.me/+NYnorF2xfkhiYmI1 on startup — joining...
2026-05-20 06:11:30,420 | INFO | VCPlatform | [6451644278] NTG: ConnectionState.CONNECTING
2026-05-20 06:11:30,425 | INFO | VCPlatform | [6451644278] Joined VC in chat -1002167741832
2026-05-20 06:11:30,425 | INFO | VCPlatform | [6451644278] Joined VC on startup in https://t.me/+NYnorF2xfkhiYmI1
2026-05-20 06:11:30,802 | INFO | VCPlatform | [6451644278] NTG: ConnectionState.CONNECTED
2026-05-20 06:11:54,658 | INFO | VCPlatform | [8015937475] Stream restarted via set_stream_sources
2026-05-20 06:13:52,629 | INFO | VCPlatform | [6451644278] Monitor stopped for https://t.me/+NYnorF2xfkhiYmI1
2026-05-20 06:13:52,630 | INFO | VCPlatform | [6451644278] Monitors restarted: 1 running for 1 channels
2026-05-20 06:13:52,632 | INFO | VCPlatform | [6451644278] Monitor started for https://t.me/+NYnorF2xfkhiYmI1
2026-05-20 06:13:52,632 | INFO | VCPlatform | [6451644278] Channel from cache: '𝙔𝙖𝙖𝙧𝙒𝙞𝙣 𝘼𝙡𝙚𝙭' (bare_id=2167741832) for https://t.me/+NYnorF2xfkhiYmI1
2026-05-20 06:13:52,633 | INFO | VCPlatform | [6451644278] VC push update handler registered
2026-05-20 06:15:25,430 | INFO | VCPlatform | [6451644278] Monitor stopped for https://t.me/+NYnorF2xfkhiYmI1
2026-05-20 06:15:25,431 | INFO | VCPlatform | [6451644278] Monitors restarted: 1 running for 1 channels
2026-05-20 06:15:25,433 | INFO | VCPlatform | [6451644278] Monitor started for https://t.me/+NYnorF2xfkhiYmI1
2026-05-20 06:15:25,436 | INFO | VCPlatform | [6451644278] Channel from cache: '𝙔𝙖𝙖𝙧𝙒𝙞𝙣 𝘼𝙡𝙚𝙭' (bare_id=2167741832) for https://t.me/+NYnorF2xfkhiYmI1
2026-05-20 06:15:25,437 | INFO | VCPlatform | [6451644278] VC push update handler registered
2026-05-20 06:15:32,226 | INFO | VCPlatform | [7535601861_2] Stream restarted via set_stream_sources
2026-05-20 06:17:01,280 | INFO | VCPlatform | [6444599625_4] Stream restarted via set_stream_sources
2026-05-20 06:17:51,031 | INFO | VCPlatform | [6444599625] Stream restarted via set_stream_sources
2026-05-20 06:17:51,775 | INFO | VCPlatform | [6444599625_2] Stream restarted via set_stream_sources
2026-05-20 06:17:57,086 | INFO | VCPlatform | [6444599625_3] Stream restarted via set_stream_sources
2026-05-20 06:18:17,763 | INFO | VCPlatform | [8015937475] Stream restarted via set_stream_sources
2026-05-20 06:21:31,693 | INFO | VCPlatform | [6451644278] Monitor stopped for https://t.me/+NYnorF2xfkhiYmI1
2026-05-20 06:21:31,694 | INFO | VCPlatform | [6451644278] Monitors restarted: 1 running for 1 channels
2026-05-20 06:21:31,698 | INFO | VCPlatform | [6451644278] Monitor started for https://t.me/+NYnorF2xfkhiYmI1
2026-05-20 06:21:31,701 | INFO | VCPlatform | [6451644278] Channel from cache: '𝙔𝙖𝙖𝙧𝙒𝙞𝙣 𝘼𝙡𝙚𝙭' (bare_id=2167741832) for https://t.me/+NYnorF2xfkhiYmI1
2026-05-20 06:21:31,701 | INFO | VCPlatform | [6451644278] VC push update handler registered
2026-05-20 06:24:19,412 | INFO | VCPlatform | [6444599625_4] Stream restarted via set_stream_sources
2026-05-20 06:24:40,868 | INFO | VCPlatform | [8015937475] Stream restarted via set_stream_sources
2026-05-20 06:25:09,136 | INFO | VCPlatform | [6444599625] Stream restarted via set_stream_sources
2026-05-20 06:25:09,886 | INFO | VCPlatform | [6444599625_2] Stream restarted via set_stream_sources
2026-05-20 06:25:15,209 | INFO | VCPlatform | [6444599625_3] Stream restarted via set_stream_sources
2026-05-20 06:25:23,294 | INFO | VCPlatform | [6451644278] Monitor stopped for https://t.me/+NYnorF2xfkhiYmI1
2026-05-20 06:25:23,294 | INFO | VCPlatform | [6451644278] Monitors restarted: 1 running for 1 channels
2026-05-20 06:25:23,298 | INFO | VCPlatform | [6451644278] Monitor started for https://t.me/+NYnorF2xfkhiYmI1
2026-05-20 06:25:23,299 | INFO | VCPlatform | [6451644278] Channel from cache: '𝙔𝙖𝙖𝙧𝙒𝙞𝙣 𝘼𝙡𝙚𝙭' (bare_id=2167741832) for https://t.me/+NYnorF2xfkhiYmI1
2026-05-20 06:25:23,299 | INFO | VCPlatform | [6451644278] VC push update handler registered
2026-05-20 06:26:50,340 | INFO | VCPlatform | [7535601861_2] Stream restarted via set_stream_sources
2026-05-20 06:31:03,983 | INFO | VCPlatform | [8015937475] Stream restarted via set_stream_sources
2026-05-20 06:31:37,516 | INFO | VCPlatform | [6444599625_4] Stream restarted via set_stream_sources
2026-05-20 06:32:27,241 | INFO | VCPlatform | [6444599625] Stream restarted via set_stream_sources
2026-05-20 06:32:28,013 | INFO | VCPlatform | [6444599625_2] Stream restarted via set_stream_sources
2026-05-20 06:32:33,297 | INFO | VCPlatform | [6444599625_3] Stream restarted via set_stream_sources
2026-05-20 06:37:27,116 | INFO | VCPlatform | [8015937475] Stream restarted via set_stream_sources
2026-05-20 06:38:08,459 | INFO | VCPlatform | [7535601861_2] Stream restarted via set_stream_sources
2026-05-20 06:38:55,619 | INFO | VCPlatform | [6444599625_4] Stream restarted via set_stream_sources
2026-05-20 06:39:45,398 | INFO | VCPlatform | [6444599625] Stream restarted via set_stream_sources
2026-05-20 06:39:46,124 | INFO | VCPlatform | [6444599625_2] Stream restarted via set_stream_sources
2026-05-20 06:39:51,429 | INFO | VCPlatform | [6444599625_3] Stream restarted via set_stream_sources
2026-05-20 06:43:45,838 | INFO | VCPlatform | [6451644278] Monitor stopped for https://t.me/+NYnorF2xfkhiYmI1
2026-05-20 06:43:45,840 | INFO | VCPlatform | [6451644278] Monitors restarted: 1 running for 1 channels
2026-05-20 06:43:45,850 | INFO | VCPlatform | [6451644278] Monitor started for https://t.me/+NYnorF2xfkhiYmI1
2026-05-20 06:43:45,855 | INFO | VCPlatform | [6451644278] Channel from cache: '𝙔𝙖𝙖𝙧𝙒𝙞𝙣 𝘼𝙡𝙚𝙭' (bare_id=2167741832) for https://t.me/+NYnorF2xfkhiYmI1
2026-05-20 06:43:45,855 | INFO | VCPlatform | [6451644278] VC push update handler registered
2026-05-20 06:43:47,476 | INFO | VCPlatform | [6451644278] Live already running in https://t.me/+NYnorF2xfkhiYmI1 on startup — joining...
2026-05-20 06:43:50,221 | INFO | VCPlatform | [8015937475] Stream restarted via set_stream_sources
2026-05-20 06:43:51,760 | INFO | VCPlatform | [6451644278] NTG: ConnectionState.CONNECTING
2026-05-20 06:43:51,771 | INFO | VCPlatform | [6451644278] Joined VC in chat -1002167741832
2026-05-20 06:43:51,771 | INFO | VCPlatform | [6451644278] Joined VC on startup in https://t.me/+NYnorF2xfkhiYmI1
2026-05-20 06:43:52,130 | INFO | VCPlatform | [6451644278] NTG: ConnectionState.CONNECTED
2026-05-20 06:46:13,727 | INFO | VCPlatform | [6444599625_4] Stream restarted via set_stream_sources
2026-05-20 06:47:03,499 | INFO | VCPlatform | [6444599625] Stream restarted via set_stream_sources
2026-05-20 06:47:04,227 | INFO | VCPlatform | [6444599625_2] Stream restarted via set_stream_sources
2026-05-20 06:47:09,531 | INFO | VCPlatform | [6444599625_3] Stream restarted via set_stream_sources
2026-05-20 06:49:26,564 | INFO | VCPlatform | [7535601861_2] Stream restarted via set_stream_sources
2026-05-20 06:50:13,330 | INFO | VCPlatform | [8015937475] Stream restarted via set_stream_sources
2026-05-20 06:53:31,829 | INFO | VCPlatform | [6444599625_4] Stream restarted via set_stream_sources
2026-05-20 06:54:21,601 | INFO | VCPlatform | [6444599625] Stream restarted via set_stream_sources
2026-05-20 06:54:22,334 | INFO | VCPlatform | [6444599625_2] Stream restarted via set_stream_sources
2026-05-20 06:54:27,634 | INFO | VCPlatform | [6444599625_3] Stream restarted via set_stream_sources
2026-05-20 06:55:09,869 | INFO | VCPlatform | [6451644278] Stream restarted via set_stream_sources
2026-05-20 06:56:36,435 | INFO | VCPlatform | [8015937475] Stream restarted via set_stream_sources
2026-05-20 06:58:52,976 | INFO | VCPlatform | [7535601861_2] Monitor stopped for https://t.me/+cX4Z43GzQHJmZDU1
2026-05-20 06:58:52,977 | INFO | VCPlatform | [7535601861_2] Monitors restarted: 1 running for 1 channels
2026-05-20 06:58:52,981 | INFO | VCPlatform | [7535601861_2] Monitor started for https://t.me/+cX4Z43GzQHJmZDU1
2026-05-20 06:58:52,984 | INFO | VCPlatform | [7535601861_2] Channel from cache: 'Shureshot By Komal' (bare_id=2433043152) for https://t.me/+cX4Z43GzQHJmZDU1
2026-05-20 06:58:52,987 | INFO | VCPlatform | [7535601861_2] VC push update handler registered
2026-05-20 07:00:44,690 | INFO | VCPlatform | [7535601861_2] Stream restarted via set_stream_sources
2026-05-20 07:00:49,934 | INFO | VCPlatform | [6444599625_4] Stream restarted via set_stream_sources
2026-05-20 07:01:39,706 | INFO | VCPlatform | [6444599625] Stream restarted via set_stream_sources
2026-05-20 07:01:40,439 | INFO | VCPlatform | [6444599625_2] Stream restarted via set_stream_sources
2026-05-20 07:01:45,740 | INFO | VCPlatform | [6444599625_3] Stream restarted via set_stream_sources
2026-05-20 07:02:59,541 | INFO | VCPlatform | [8015937475] Stream restarted via set_stream_sources
2026-05-20 07:06:27,971 | INFO | VCPlatform | [6451644278] Stream restarted via set_stream_sources
2026-05-20 07:08:08,040 | INFO | VCPlatform | [6444599625_4] Stream restarted via set_stream_sources
2026-05-20 07:08:57,808 | INFO | VCPlatform | [6444599625] Stream restarted via set_stream_sources
2026-05-20 07:08:58,545 | INFO | VCPlatform | [6444599625_2] Stream restarted via set_stream_sources
2026-05-20 07:09:03,882 | INFO | VCPlatform | [6444599625_3] Stream restarted via set_stream_sources
2026-05-20 07:09:22,651 | INFO | VCPlatform | [8015937475] Stream restarted via set_stream_sources
2026-05-20 07:12:02,878 | INFO | VCPlatform | [7535601861_2] Stream restarted via set_stream_sources
2026-05-20 07:15:26,153 | INFO | VCPlatform | [6444599625_4] Stream restarted via set_stream_sources
2026-05-20 07:15:45,761 | INFO | VCPlatform | [8015937475] Stream restarted via set_stream_sources
2026-05-20 07:16:15,913 | INFO | VCPlatform | [6444599625] Stream restarted via set_stream_sources
2026-05-20 07:16:16,648 | INFO | VCPlatform | [6444599625_2] Stream restarted via set_stream_sources
2026-05-20 07:16:21,997 | INFO | VCPlatform | [6444599625_3] Stream restarted via set_stream_sources
2026-05-20 07:17:43,160 | INFO | VCPlatform | [6444599625_4] Monitor stopped for https://t.me/+Z6J56TI-fZFlZTQ1
2026-05-20 07:17:43,167 | INFO | VCPlatform | [6444599625_4] Monitors restarted: 1 running for 1 channels
2026-05-20 07:17:43,170 | INFO | VCPlatform | [6444599625_4] Monitor started for https://t.me/+Z6J56TI-fZFlZTQ1
2026-05-20 07:17:43,172 | INFO | VCPlatform | [6444599625_4] Channel from cache: '𝐒𝐮𝐫𝐞𝐬𝐡𝐨𝐭 𝐛𝐲 𝐉𝐚𝐜𝐤' (bare_id=2098714715) for https://t.me/+Z6J56TI-fZFlZTQ1
2026-05-20 07:17:43,173 | INFO | VCPlatform | [6444599625_4] VC push update handler registered
2026-05-20 07:17:46,081 | INFO | VCPlatform | [6451644278] Stream restarted via set_stream_sources
2026-05-20 07:22:08,867 | INFO | VCPlatform | [8015937475] Stream restarted via set_stream_sources
2026-05-20 07:22:44,255 | INFO | VCPlatform | [6444599625_4] Stream restarted via set_stream_sources
2026-05-20 07:23:20,925 | INFO | VCPlatform | [7535601861_2] Stream restarted via set_stream_sources
2026-05-20 07:23:34,017 | INFO | VCPlatform | [6444599625] Stream restarted via set_stream_sources
2026-05-20 07:23:34,757 | INFO | VCPlatform | [6444599625_2] Stream restarted via set_stream_sources
2026-05-20 07:23:40,099 | INFO | VCPlatform | [6444599625_3] Stream restarted via set_stream_sources
2026-05-20 07:28:31,971 | INFO | VCPlatform | [8015937475] Stream restarted via set_stream_sources
2026-05-20 07:29:04,198 | INFO | VCPlatform | [6451644278] Stream restarted via set_stream_sources
2026-05-20 07:30:02,466 | INFO | VCPlatform | [6444599625_4] Stream restarted via set_stream_sources
2026-05-20 07:30:52,122 | INFO | VCPlatform | [6444599625] Stream restarted via set_stream_sources
2026-05-20 07:30:52,857 | INFO | VCPlatform | [6444599625_2] Stream restarted via set_stream_sources
2026-05-20 07:30:58,203 | INFO | VCPlatform | [6444599625_3] Stream restarted via set_stream_sources
2026-05-20 07:34:39,034 | INFO | VCPlatform | [7535601861_2] Stream restarted via set_stream_sources
2026-05-20 07:34:55,076 | INFO | VCPlatform | [8015937475] Stream restarted via set_stream_sources
2026-05-20 07:37:20,568 | INFO | VCPlatform | [6444599625_4] Stream restarted via set_stream_sources
2026-05-20 07:38:10,234 | INFO | VCPlatform | [6444599625] Stream restarted via set_stream_sources
2026-05-20 07:38:10,978 | INFO | VCPlatform | [6444599625_2] Stream restarted via set_stream_sources
2026-05-20 07:38:16,310 | INFO | VCPlatform | [6444599625_3] Stream restarted via set_stream_sources
2026-05-20 07:40:22,317 | INFO | VCPlatform | [6451644278] Stream restarted via set_stream_sources
2026-05-20 07:41:18,177 | INFO | VCPlatform | [8015937475] Stream restarted via set_stream_sources
2026-05-20 07:44:38,672 | INFO | VCPlatform | [6444599625_4] Stream restarted via set_stream_sources
2026-05-20 07:45:28,352 | INFO | VCPlatform | [6444599625] Stream restarted via set_stream_sources
2026-05-20 07:45:29,144 | INFO | VCPlatform | [6444599625_2] Stream restarted via set_stream_sources
2026-05-20 07:45:34,424 | INFO | VCPlatform | [6444599625_3] Stream restarted via set_stream_sources
2026-05-20 07:45:57,134 | INFO | VCPlatform | [7535601861_2] Stream restarted via set_stream_sources
2026-05-20 07:47:41,281 | INFO | VCPlatform | [8015937475] Stream restarted via set_stream_sources
2026-05-20 07:51:40,425 | INFO | VCPlatform | [6451644278] Stream restarted via set_stream_sources
2026-05-20 07:51:56,775 | INFO | VCPlatform | [6444599625_4] Stream restarted via set_stream_sources
2026-05-20 07:52:46,454 | INFO | VCPlatform | [6444599625] Stream restarted via set_stream_sources
2026-05-20 07:52:47,249 | INFO | VCPlatform | [6444599625_2] Stream restarted via set_stream_sources
2026-05-20 07:52:52,525 | INFO | VCPlatform | [6444599625_3] Stream restarted via set_stream_sources
2026-05-20 07:54:04,386 | INFO | VCPlatform | [8015937475] Stream restarted via set_stream_sources
2026-05-20 07:57:15,306 | INFO | VCPlatform | [7535601861_2] Stream restarted via set_stream_sources
2026-05-20 07:59:14,879 | INFO | VCPlatform | [6444599625_4] Stream restarted via set_stream_sources
2026-05-20 08:00:04,617 | INFO | VCPlatform | [6444599625] Stream restarted via set_stream_sources
2026-05-20 08:00:05,376 | INFO | VCPlatform | [6444599625_2] Stream restarted via set_stream_sources
2026-05-20 08:00:10,631 | INFO | VCPlatform | [6444599625_3] Stream restarted via set_stream_sources
2026-05-20 08:00:27,488 | INFO | VCPlatform | [8015937475] Stream restarted via set_stream_sources
2026-05-20 08:02:58,532 | INFO | VCPlatform | [6451644278] Stream restarted via set_stream_sources
2026-05-20 08:06:32,981 | INFO | VCPlatform | [6444599625_4] Stream restarted via set_stream_sources
2026-05-20 08:06:50,589 | INFO | VCPlatform | [8015937475] Stream restarted via set_stream_sources
2026-05-20 08:07:22,717 | INFO | VCPlatform | [6444599625] Stream restarted via set_stream_sources
2026-05-20 08:07:23,479 | INFO | VCPlatform | [6444599625_2] Stream restarted via set_stream_sources
2026-05-20 08:07:28,729 | INFO | VCPlatform | [6444599625_3] Stream restarted via set_stream_sources
2026-05-20 08:08:33,412 | INFO | VCPlatform | [7535601861_2] Stream restarted via set_stream_sources
2026-05-20 08:13:13,693 | INFO | VCPlatform | [8015937475] Stream restarted via set_stream_sources
2026-05-20 08:13:51,084 | INFO | VCPlatform | [6444599625_4] Stream restarted via set_stream_sources
2026-05-20 08:14:16,631 | INFO | VCPlatform | [6451644278] Stream restarted via set_stream_sources
2026-05-20 08:14:40,823 | INFO | VCPlatform | [6444599625] Stream restarted via set_stream_sources
2026-05-20 08:14:41,582 | INFO | VCPlatform | [6444599625_2] Stream restarted via set_stream_sources
2026-05-20 08:14:46,835 | INFO | VCPlatform | [6444599625_3] Stream restarted via set_stream_sources
2026-05-20 08:19:36,797 | INFO | VCPlatform | [8015937475] Stream restarted via set_stream_sources
2026-05-20 08:19:51,515 | INFO | VCPlatform | [7535601861_2] Stream restarted via set_stream_sources
2026-05-20 08:21:09,188 | INFO | VCPlatform | [6444599625_4] Stream restarted via set_stream_sources
2026-05-20 08:21:58,925 | INFO | VCPlatform | [6444599625] Stream restarted via set_stream_sources
2026-05-20 08:21:59,686 | INFO | VCPlatform | [6444599625_2] Stream restarted via set_stream_sources
2026-05-20 08:22:04,945 | INFO | VCPlatform | [6444599625_3] Stream restarted via set_stream_sources
2026-05-20 08:25:34,740 | INFO | VCPlatform | [6451644278] Stream restarted via set_stream_sources
2026-05-20 08:25:59,910 | INFO | VCPlatform | [8015937475] Stream restarted via set_stream_sources
2026-05-20 08:28:27,293 | INFO | VCPlatform | [6444599625_4] Stream restarted via set_stream_sources
2026-05-20 08:29:17,030 | INFO | VCPlatform | [6444599625] Stream restarted via set_stream_sources
2026-05-20 08:29:17,788 | INFO | VCPlatform | [6444599625_2] Stream restarted via set_stream_sources
2026-05-20 08:29:23,053 | INFO | VCPlatform | [6444599625_3] Stream restarted via set_stream_sources
2026-05-20 08:31:09,621 | INFO | VCPlatform | [7535601861_2] Stream restarted via set_stream_sources
2026-05-20 08:32:23,040 | INFO | VCPlatform | [8015937475] Stream restarted via set_stream_sources
2026-05-20 08:35:45,399 | INFO | VCPlatform | [6444599625_4] Stream restarted via set_stream_sources
2026-05-20 08:36:35,135 | INFO | VCPlatform | [6444599625] Stream restarted via set_stream_sources
2026-05-20 08:36:35,896 | INFO | VCPlatform | [6444599625_2] Stream restarted via set_stream_sources
2026-05-20 08:36:41,153 | INFO | VCPlatform | [6444599625_3] Stream restarted via set_stream_sources
2026-05-20 08:36:52,843 | INFO | VCPlatform | [6451644278] Stream restarted via set_stream_sources
2026-05-20 08:38:46,146 | INFO | VCPlatform | [8015937475] Stream restarted via set_stream_sources
2026-05-20 08:42:27,725 | INFO | VCPlatform | [7535601861_2] Stream restarted via set_stream_sources
2026-05-20 08:43:03,505 | INFO | VCPlatform | [6444599625_4] Stream restarted via set_stream_sources
2026-05-20 08:43:53,244 | INFO | VCPlatform | [6444599625] Stream restarted via set_stream_sources
2026-05-20 08:43:53,998 | INFO | VCPlatform | [6444599625_2] Stream restarted via set_stream_sources
2026-05-20 08:43:59,256 | INFO | VCPlatform | [6444599625_3] Stream restarted via set_stream_sources
2026-05-20 08:45:09,258 | INFO | VCPlatform | [8015937475] Stream restarted via set_stream_sources
2026-05-20 08:48:10,958 | INFO | VCPlatform | [6451644278] Stream restarted via set_stream_sources
2026-05-20 08:50:21,624 | INFO | VCPlatform | [6444599625_4] Stream restarted via set_stream_sources
2026-05-20 08:51:11,347 | INFO | VCPlatform | [6444599625] Stream restarted via set_stream_sources
2026-05-20 08:51:12,100 | INFO | VCPlatform | [6444599625_2] Stream restarted via set_stream_sources
2026-05-20 08:51:17,358 | INFO | VCPlatform | [6444599625_3] Stream restarted via set_stream_sources
2026-05-20 08:51:32,360 | INFO | VCPlatform | [8015937475] Stream restarted via set_stream_sources
2026-05-20 08:53:45,827 | INFO | VCPlatform | [7535601861_2] Stream restarted via set_stream_sources
2026-05-20 08:57:39,731 | INFO | VCPlatform | [6444599625_4] Stream restarted via set_stream_sources
2026-05-20 08:57:55,466 | INFO | VCPlatform | [8015937475] Stream restarted via set_stream_sources
2026-05-20 08:58:29,449 | INFO | VCPlatform | [6444599625] Stream restarted via set_stream_sources
2026-05-20 08:58:30,202 | INFO | VCPlatform | [6444599625_2] Stream restarted via set_stream_sources
2026-05-20 08:58:35,462 | INFO | VCPlatform | [6444599625_3] Stream restarted via set_stream_sources
2026-05-20 08:59:29,060 | INFO | VCPlatform | [6451644278] Stream restarted via set_stream_sources
2026-05-20 09:04:18,577 | INFO | VCPlatform | [8015937475] Stream restarted via set_stream_sources
2026-05-20 09:04:57,835 | INFO | VCPlatform | [6444599625_4] Stream restarted via set_stream_sources
2026-05-20 09:05:03,929 | INFO | VCPlatform | [7535601861_2] Stream restarted via set_stream_sources
2026-05-20 09:05:47,552 | INFO | VCPlatform | [6444599625] Stream restarted via set_stream_sources
2026-05-20 09:05:48,304 | INFO | VCPlatform | [6444599625_2] Stream restarted via set_stream_sources
2026-05-20 09:05:53,565 | INFO | VCPlatform | [6444599625_3] Stream restarted via set_stream_sources
2026-05-20 09:10:41,679 | INFO | VCPlatform | [8015937475] Stream restarted via set_stream_sources
2026-05-20 09:10:47,161 | INFO | VCPlatform | [6451644278] Stream restarted via set_stream_sources
2026-05-20 09:12:15,938 | INFO | VCPlatform | [6444599625_4] Stream restarted via set_stream_sources
2026-05-20 09:13:05,665 | INFO | VCPlatform | [6444599625] Stream restarted via set_stream_sources
2026-05-20 09:13:06,408 | INFO | VCPlatform | [6444599625_2] Stream restarted via set_stream_sources
2026-05-20 09:13:11,667 | INFO | VCPlatform | [6444599625_3] Stream restarted via set_stream_sources
2026-05-20 09:16:22,043 | INFO | VCPlatform | [7535601861_2] Stream restarted via set_stream_sources
2026-05-20 09:17:04,789 | INFO | VCPlatform | [8015937475] Stream restarted via set_stream_sources
2026-05-20 09:19:34,040 | INFO | VCPlatform | [6444599625_4] Stream restarted via set_stream_sources
2026-05-20 09:20:23,768 | INFO | VCPlatform | [6444599625] Stream restarted via set_stream_sources
2026-05-20 09:20:24,510 | INFO | VCPlatform | [6444599625_2] Stream restarted via set_stream_sources
2026-05-20 09:20:29,769 | INFO | VCPlatform | [6444599625_3] Stream restarted via set_stream_sources
2026-05-20 09:22:05,268 | INFO | VCPlatform | [6451644278] Stream restarted via set_stream_sources
2026-05-20 09:23:27,895 | INFO | VCPlatform | [8015937475] Stream restarted via set_stream_sources
2026-05-20 09:26:52,145 | INFO | VCPlatform | [6444599625_4] Stream restarted via set_stream_sources
2026-05-20 09:27:40,142 | INFO | VCPlatform | [7535601861_2] Stream restarted via set_stream_sources
2026-05-20 09:27:41,869 | INFO | VCPlatform | [6444599625] Stream restarted via set_stream_sources
2026-05-20 09:27:42,619 | INFO | VCPlatform | [6444599625_2] Stream restarted via set_stream_sources
2026-05-20 09:27:47,873 | INFO | VCPlatform | [6444599625_3] Stream restarted via set_stream_sources
2026-05-20 09:29:50,997 | INFO | VCPlatform | [8015937475] Stream restarted via set_stream_sources
2026-05-20 09:33:23,425 | INFO | VCPlatform | [6451644278] Stream restarted via set_stream_sources
2026-05-20 09:34:10,246 | INFO | VCPlatform | [6444599625_4] Stream restarted via set_stream_sources
2026-05-20 09:34:59,974 | INFO | VCPlatform | [6444599625] Stream restarted via set_stream_sources
2026-05-20 09:35:00,722 | INFO | VCPlatform | [6444599625_2] Stream restarted via set_stream_sources
2026-05-20 09:35:05,975 | INFO | VCPlatform | [6444599625_3] Stream restarted via set_stream_sources
2026-05-20 09:36:14,098 | INFO | VCPlatform | [8015937475] Stream restarted via set_stream_sources
2026-05-20 09:38:58,245 | INFO | VCPlatform | [7535601861_2] Stream restarted via set_stream_sources
2026-05-20 09:41:28,351 | INFO | VCPlatform | [6444599625_4] Stream restarted via set_stream_sources
2026-05-20 09:42:18,080 | INFO | VCPlatform | [6444599625] Stream restarted via set_stream_sources
2026-05-20 09:42:18,830 | INFO | VCPlatform | [6444599625_2] Stream restarted via set_stream_sources
2026-05-20 09:42:24,077 | INFO | VCPlatform | [6444599625_3] Stream restarted via set_stream_sources
2026-05-20 09:42:37,207 | INFO | VCPlatform | [8015937475] Stream restarted via set_stream_sources
2026-05-20 09:44:41,522 | INFO | VCPlatform | [6451644278] Stream restarted via set_stream_sources
2026-05-20 09:48:46,466 | INFO | VCPlatform | [6444599625_4] Stream restarted via set_stream_sources
2026-05-20 09:49:00,315 | INFO | VCPlatform | [8015937475] Stream restarted via set_stream_sources
2026-05-20 09:49:36,199 | INFO | VCPlatform | [6444599625] Stream restarted via set_stream_sources
2026-05-20 09:49:36,928 | INFO | VCPlatform | [6444599625_2] Stream restarted via set_stream_sources
2026-05-20 09:49:42,180 | INFO | VCPlatform | [6444599625_3] Stream restarted via set_stream_sources
2026-05-20 09:50:16,354 | INFO | VCPlatform | [7535601861_2] Stream restarted via set_stream_sources
2026-05-20 09:55:23,417 | INFO | VCPlatform | [8015937475] Stream restarted via set_stream_sources
2026-05-20 09:55:59,632 | INFO | VCPlatform | [6451644278] Stream restarted via set_stream_sources
2026-05-20 09:56:04,557 | INFO | VCPlatform | [6444599625_4] Stream restarted via set_stream_sources
2026-05-20 09:56:54,302 | INFO | VCPlatform | [6444599625] Stream restarted via set_stream_sources
2026-05-20 09:56:55,040 | INFO | VCPlatform | [6444599625_2] Stream restarted via set_stream_sources
2026-05-20 09:57:00,290 | INFO | VCPlatform | [6444599625_3] Stream restarted via set_stream_sources
2026-05-20 10:01:34,457 | INFO | VCPlatform | [7535601861_2] Stream restarted via set_stream_sources
2026-05-20 10:01:46,529 | INFO | VCPlatform | [8015937475] Stream restarted via set_stream_sources
2026-05-20 10:03:22,662 | INFO | VCPlatform | [6444599625_4] Stream restarted via set_stream_sources
2026-05-20 10:04:12,410 | INFO | VCPlatform | [6444599625] Stream restarted via set_stream_sources
2026-05-20 10:04:13,133 | INFO | VCPlatform | [6444599625_2] Stream restarted via set_stream_sources
2026-05-20 10:04:18,395 | INFO | VCPlatform | [6444599625_3] Stream restarted via set_stream_sources
2026-05-20 10:07:17,736 | INFO | VCPlatform | [6451644278] Stream restarted via set_stream_sources
2026-05-20 10:08:09,635 | INFO | VCPlatform | [8015937475] Stream restarted via set_stream_sources
2026-05-20 10:10:40,769 | INFO | VCPlatform | [6444599625_4] Stream restarted via set_stream_sources
2026-05-20 10:11:30,521 | INFO | VCPlatform | [6444599625] Stream restarted via set_stream_sources
2026-05-20 10:11:31,238 | INFO | VCPlatform | [6444599625_2] Stream restarted via set_stream_sources
2026-05-20 10:11:36,496 | INFO | VCPlatform | [6444599625_3] Stream restarted via set_stream_sources
2026-05-20 10:12:52,560 | INFO | VCPlatform | [7535601861_2] Stream restarted via set_stream_sources
2026-05-20 10:14:32,741 | INFO | VCPlatform | [8015937475] Stream restarted via set_stream_sources
2026-05-20 10:14:41,496 | INFO | VCPlatform | [6444599625] Monitor stopped for https://t.me/+VasrzM1i2TQzYmFl
2026-05-20 10:14:41,497 | INFO | VCPlatform | [6444599625] Monitors restarted: 1 running for 1 channels
2026-05-20 10:14:41,500 | INFO | VCPlatform | [6444599625] Monitor started for https://t.me/+VasrzM1i2TQzYmFl
2026-05-20 10:14:41,506 | INFO | VCPlatform | [6444599625] Channel from cache: '𝐒𝐔𝐑𝐄𝐒𝐇𝐎𝐓 𝐁𝐘 𝐉𝐀𝐂𝐊' (bare_id=2412810294) for https://t.me/+VasrzM1i2TQzYmFl
2026-05-20 10:14:41,508 | INFO | VCPlatform | [6444599625] VC push update handler registered
2026-05-20 10:17:58,876 | INFO | VCPlatform | [6444599625_4] Stream restarted via set_stream_sources
2026-05-20 10:18:35,777 | INFO | VCPlatform | [6444599625] Monitor stopped for https://t.me/+VasrzM1i2TQzYmFl
2026-05-20 10:18:35,777 | INFO | VCPlatform | [6444599625] Monitors restarted: 1 running for 1 channels
2026-05-20 10:18:35,780 | INFO | VCPlatform | [6444599625] Monitor started for https://t.me/+VasrzM1i2TQzYmFl
2026-05-20 10:18:35,789 | INFO | VCPlatform | [6444599625] Channel from cache: '𝐒𝐔𝐑𝐄𝐒𝐇𝐎𝐓 𝐁𝐘 𝐉𝐀𝐂𝐊' (bare_id=2412810294) for https://t.me/+VasrzM1i2TQzYmFl
2026-05-20 10:18:35,791 | INFO | VCPlatform | [6444599625] VC push update handler registered
2026-05-20 10:18:35,838 | INFO | VCPlatform | [6451644278] Stream restarted via set_stream_sources
2026-05-20 10:18:37,333 | INFO | VCPlatform | [6444599625] Live already running in https://t.me/+VasrzM1i2TQzYmFl on startup — joining...
2026-05-20 10:18:41,264 | INFO | VCPlatform | [6444599625] NTG: ConnectionState.CONNECTING
2026-05-20 10:18:41,265 | INFO | VCPlatform | [6444599625] Joined VC in chat -1002412810294
2026-05-20 10:18:41,266 | INFO | VCPlatform | [6444599625] Joined VC on startup in https://t.me/+VasrzM1i2TQzYmFl
2026-05-20 10:18:41,631 | INFO | VCPlatform | [6444599625] NTG: ConnectionState.CONNECTED
2026-05-20 10:18:49,338 | INFO | VCPlatform | [6444599625_2] Stream restarted via set_stream_sources
2026-05-20 10:18:54,610 | INFO | VCPlatform | [6444599625_3] Stream restarted via set_stream_sources
2026-05-20 10:20:55,841 | INFO | VCPlatform | [8015937475] Stream restarted via set_stream_sources
2026-05-20 10:24:10,669 | INFO | VCPlatform | [7535601861_2] Stream restarted via set_stream_sources
2026-05-20 10:25:16,979 | INFO | VCPlatform | [6444599625_4] Stream restarted via set_stream_sources
2026-05-20 10:25:59,369 | INFO | VCPlatform | [6444599625] Stream restarted via set_stream_sources
2026-05-20 10:26:07,444 | INFO | VCPlatform | [6444599625_2] Stream restarted via set_stream_sources
2026-05-20 10:26:12,712 | INFO | VCPlatform | [6444599625_3] Stream restarted via set_stream_sources
2026-05-20 10:27:18,944 | INFO | VCPlatform | [8015937475] Stream restarted via set_stream_sources
2026-05-20 10:29:53,946 | INFO | VCPlatform | [6451644278] Stream restarted via set_stream_sources
2026-05-20 10:32:35,087 | INFO | VCPlatform | [6444599625_4] Stream restarted via set_stream_sources
2026-05-20 10:33:13,199 | INFO | telegram.ext.Application | Application started
2026-05-20 10:33:13,496 | INFO | VCPlatform | Admin bot started
2026-05-20 10:33:14,466 | INFO | telegram.ext.Application | Application started
2026-05-20 10:33:17,032 | INFO | VCPlatform | [6444599625] Client bot launched: @YTBHAI_LIVE_BOT
2026-05-20 10:33:17,156 | INFO | VCPlatform | [6444599625] Monitor started for https://t.me/+VasrzM1i2TQzYmFl
2026-05-20 10:33:17,156 | INFO | VCPlatform | [6444599625] Channel from cache: '𝐒𝐔𝐑𝐄𝐒𝐇𝐎𝐓 𝐁𝐘 𝐉𝐀𝐂𝐊' (bare_id=2412810294) for https://t.me/+VasrzM1i2TQzYmFl
2026-05-20 10:33:17,157 | INFO | VCPlatform | [6444599625] VC push update handler registered
2026-05-20 10:33:17,931 | INFO | telegram.ext.Application | Application started
2026-05-20 10:33:19,015 | INFO | VCPlatform | [6444599625] Live already running in https://t.me/+VasrzM1i2TQzYmFl on startup — joining...
2026-05-20 10:33:19,340 | INFO | VCPlatform | [6444599625_2] Client bot launched: @YTBHAILIVEFC2_BOT
2026-05-20 10:33:19,467 | INFO | VCPlatform | [6444599625_2] Monitor started for https://t.me/+5wYXdZfacPwwZTZl
2026-05-20 10:33:19,468 | INFO | VCPlatform | [6444599625_2] Channel from cache: '𝐒𝐔𝐑𝐄𝐒𝐇𝐎𝐓 𝐁𝐘 𝐑𝐀𝐌' (bare_id=2893144270) for https://t.me/+5wYXdZfacPwwZTZl
2026-05-20 10:33:19,468 | INFO | VCPlatform | [6444599625_2] VC push update handler registered
2026-05-20 10:33:20,144 | INFO | VCPlatform | [6444599625_2] Live already running in https://t.me/+5wYXdZfacPwwZTZl on startup — joining...
2026-05-20 10:33:20,246 | INFO | telegram.ext.Application | Application started
2026-05-20 10:33:21,336 | INFO | VCPlatform | [6444599625] Joined VC in chat -1002412810294
2026-05-20 10:33:21,336 | INFO | VCPlatform | [6444599625] Joined VC on startup in https://t.me/+VasrzM1i2TQzYmFl
2026-05-20 10:33:21,337 | INFO | VCPlatform | [6444599625] NTG: ConnectionState.CONNECTING
2026-05-20 10:33:21,722 | INFO | VCPlatform | [6444599625] NTG: ConnectionState.CONNECTED
2026-05-20 10:33:21,730 | INFO | VCPlatform | [6444599625_2] NTG: ConnectionState.CONNECTING
2026-05-20 10:33:21,731 | INFO | VCPlatform | [6444599625_2] Joined VC in chat -1002893144270
2026-05-20 10:33:21,731 | INFO | VCPlatform | [6444599625_2] Joined VC on startup in https://t.me/+5wYXdZfacPwwZTZl
2026-05-20 10:33:22,129 | INFO | VCPlatform | [6444599625_2] NTG: ConnectionState.CONNECTED
2026-05-20 10:33:23,316 | INFO | VCPlatform | [6444599625_3] Client bot launched: @YTBHAILIVEFC3_BOT
2026-05-20 10:33:23,434 | INFO | VCPlatform | [6444599625_3] Monitor started for https://t.me/+hnGoxIQ1wj83NGVl
2026-05-20 10:33:23,435 | INFO | VCPlatform | [6444599625_3] Channel from cache: '𝐒𝐔𝐑𝐄𝐒𝐇𝐎𝐓 𝐁𝐘 𝐀𝐋𝐄𝐗' (bare_id=2408551846) for https://t.me/+hnGoxIQ1wj83NGVl
2026-05-20 10:33:23,435 | INFO | VCPlatform | [6444599625_3] VC push update handler registered
2026-05-20 10:33:24,231 | INFO | telegram.ext.Application | Application started
2026-05-20 10:33:25,411 | INFO | VCPlatform | [6444599625_3] Live already running in https://t.me/+hnGoxIQ1wj83NGVl on startup — joining...
2026-05-20 10:33:26,647 | INFO | VCPlatform | [6451644278] Client bot launched: @YTBHAILIVEFC4_BOT
2026-05-20 10:33:26,802 | INFO | VCPlatform | [6451644278] Monitor started for https://t.me/+NYnorF2xfkhiYmI1
2026-05-20 10:33:26,803 | INFO | VCPlatform | [6451644278] Channel from cache: '𝙔𝙖𝙖𝙧𝙒𝙞𝙣 𝘼𝙡𝙚𝙭' (bare_id=2167741832) for https://t.me/+NYnorF2xfkhiYmI1
2026-05-20 10:33:26,804 | INFO | VCPlatform | [6451644278] VC push update handler registered
2026-05-20 10:33:27,562 | INFO | telegram.ext.Application | Application started
2026-05-20 10:33:28,061 | INFO | VCPlatform | [6444599625_3] NTG: ConnectionState.CONNECTING
2026-05-20 10:33:28,065 | INFO | VCPlatform | [6444599625_3] Joined VC in chat -1002408551846
2026-05-20 10:33:28,065 | INFO | VCPlatform | [6444599625_3] Joined VC on startup in https://t.me/+hnGoxIQ1wj83NGVl
2026-05-20 10:33:28,138 | INFO | VCPlatform | [6451644278] Live already running in https://t.me/+NYnorF2xfkhiYmI1 on startup — joining...
2026-05-20 10:33:28,440 | INFO | VCPlatform | [6444599625_3] NTG: ConnectionState.CONNECTED
2026-05-20 10:33:29,110 | INFO | VCPlatform | [6444599625_4] Client bot launched: @YTBHAILIVEFC5_BOT
2026-05-20 10:33:29,267 | INFO | VCPlatform | [6444599625_4] Monitor started for https://t.me/+Z6J56TI-fZFlZTQ1
2026-05-20 10:33:29,267 | INFO | VCPlatform | [6444599625_4] Channel from cache: '𝐒𝐮𝐫𝐞𝐬𝐡𝐨𝐭 𝐛𝐲 𝐉𝐚𝐜𝐤' (bare_id=2098714715) for https://t.me/+Z6J56TI-fZFlZTQ1
2026-05-20 10:33:29,268 | INFO | VCPlatform | [6444599625_4] VC push update handler registered
2026-05-20 10:33:30,071 | INFO | telegram.ext.Application | Application started
2026-05-20 10:33:30,606 | INFO | VCPlatform | [7535601861] Client bot launched: @YTBHAILIVEFC6_BOT
2026-05-20 10:33:30,953 | INFO | VCPlatform | [6451644278] NTG: ConnectionState.CONNECTING
2026-05-20 10:33:30,955 | INFO | VCPlatform | [6451644278] Joined VC in chat -1002167741832
2026-05-20 10:33:30,956 | INFO | VCPlatform | [6451644278] Joined VC on startup in https://t.me/+NYnorF2xfkhiYmI1
2026-05-20 10:33:31,353 | INFO | VCPlatform | [6451644278] NTG: ConnectionState.CONNECTED
2026-05-20 10:33:31,512 | INFO | telegram.ext.Application | Application started
2026-05-20 10:33:32,879 | INFO | VCPlatform | [7535601861_2] Client bot launched: @YTBHAILIVEFC7_BOT
2026-05-20 10:33:33,006 | INFO | VCPlatform | [7535601861_2] Monitor started for https://t.me/+cX4Z43GzQHJmZDU1
2026-05-20 10:33:33,006 | INFO | VCPlatform | [7535601861_2] Channel from cache: 'Shureshot By Komal' (bare_id=2433043152) for https://t.me/+cX4Z43GzQHJmZDU1
2026-05-20 10:33:33,006 | INFO | VCPlatform | [7535601861_2] VC push update handler registered
2026-05-20 10:33:33,783 | INFO | telegram.ext.Application | Application started
2026-05-20 10:33:36,093 | INFO | VCPlatform | [8015937475] Client bot launched: @AutoGmail_RoBot
2026-05-20 10:33:36,094 | INFO | VCPlatform | Platform fully running.
2026-05-20 10:33:36,094 | INFO | VCPlatform | [8015937475] Monitor started for https://t.me/+F4IAa6kyKnQ4NjI1
2026-05-20 10:33:36,095 | INFO | VCPlatform | [8015937475] Channel from cache: 'ZAYRO 𝐒𝐔𝐑𝐄𝐒𝐇𝐎𝐓' (bare_id=2459134980) for https://t.me/+F4IAa6kyKnQ4NjI1
2026-05-20 10:33:36,095 | INFO | VCPlatform | [8015937475] VC push update handler registered
2026-05-20 10:33:37,437 | INFO | VCPlatform | [8015937475] Live already running in https://t.me/+F4IAa6kyKnQ4NjI1 on startup — joining...
2026-05-20 10:33:39,786 | INFO | VCPlatform | [8015937475] NTG: ConnectionState.CONNECTING
2026-05-20 10:33:39,788 | INFO | VCPlatform | [8015937475] Joined VC in chat -1002459134980
2026-05-20 10:33:39,788 | INFO | VCPlatform | [8015937475] Joined VC on startup in https://t.me/+F4IAa6kyKnQ4NjI1
2026-05-20 10:33:40,204 | INFO | VCPlatform | [8015937475] NTG: ConnectionState.CONNECTED
2026-05-20 10:36:21,558 | INFO | telegram.ext.Application | Application started
2026-05-20 10:36:21,821 | INFO | VCPlatform | Admin bot started
2026-05-20 10:36:22,724 | INFO | telegram.ext.Application | Application started
2026-05-20 10:36:25,632 | INFO | VCPlatform | [6444599625] Client bot launched: @YTBHAI_LIVE_BOT
2026-05-20 10:36:25,745 | INFO | VCPlatform | [6444599625] Monitor started for https://t.me/+VasrzM1i2TQzYmFl
2026-05-20 10:36:25,746 | INFO | VCPlatform | [6444599625] Channel from cache: '𝐒𝐔𝐑𝐄𝐒𝐇𝐎𝐓 𝐁𝐘 𝐉𝐀𝐂𝐊' (bare_id=2412810294) for https://t.me/+VasrzM1i2TQzYmFl
2026-05-20 10:36:25,750 | INFO | VCPlatform | [6444599625] VC push update handler registered
2026-05-20 10:36:26,534 | INFO | telegram.ext.Application | Application started
2026-05-20 10:36:27,358 | INFO | VCPlatform | [6444599625] Live already running in https://t.me/+VasrzM1i2TQzYmFl on startup — joining...
2026-05-20 10:36:27,866 | INFO | VCPlatform | [6444599625_2] Client bot launched: @YTBHAILIVEFC2_BOT
2026-05-20 10:36:27,988 | INFO | VCPlatform | [6444599625_2] Monitor started for https://t.me/+5wYXdZfacPwwZTZl
2026-05-20 10:36:27,989 | INFO | VCPlatform | [6444599625_2] Channel from cache: '𝐒𝐔𝐑𝐄𝐒𝐇𝐎𝐓 𝐁𝐘 𝐑𝐀𝐌' (bare_id=2893144270) for https://t.me/+5wYXdZfacPwwZTZl
2026-05-20 10:36:27,989 | INFO | VCPlatform | [6444599625_2] VC push update handler registered
2026-05-20 10:36:28,766 | INFO | telegram.ext.Application | Application started
2026-05-20 10:36:28,784 | INFO | VCPlatform | [6444599625_2] Live already running in https://t.me/+5wYXdZfacPwwZTZl on startup — joining...
2026-05-20 10:36:29,677 | INFO | VCPlatform | [6444599625] NTG: ConnectionState.CONNECTING
2026-05-20 10:36:29,679 | INFO | VCPlatform | [6444599625] Joined VC in chat -1002412810294
2026-05-20 10:36:29,681 | INFO | VCPlatform | [6444599625] Joined VC on startup in https://t.me/+VasrzM1i2TQzYmFl
2026-05-20 10:36:30,068 | INFO | VCPlatform | [6444599625] NTG: ConnectionState.CONNECTED
2026-05-20 10:36:30,363 | INFO | VCPlatform | [6444599625_2] NTG: ConnectionState.CONNECTING
2026-05-20 10:36:30,369 | INFO | VCPlatform | [6444599625_2] Joined VC in chat -1002893144270
2026-05-20 10:36:30,369 | INFO | VCPlatform | [6444599625_2] Joined VC on startup in https://t.me/+5wYXdZfacPwwZTZl
2026-05-20 10:36:30,744 | INFO | VCPlatform | [6444599625_2] NTG: ConnectionState.CONNECTED
2026-05-20 10:36:31,538 | INFO | VCPlatform | [6444599625_3] Client bot launched: @YTBHAILIVEFC3_BOT
2026-05-20 10:36:31,655 | INFO | VCPlatform | [6444599625_3] Monitor started for https://t.me/+hnGoxIQ1wj83NGVl
2026-05-20 10:36:31,655 | INFO | VCPlatform | [6444599625_3] Channel from cache: '𝐒𝐔𝐑𝐄𝐒𝐇𝐎𝐓 𝐁𝐘 𝐀𝐋𝐄𝐗' (bare_id=2408551846) for https://t.me/+hnGoxIQ1wj83NGVl
2026-05-20 10:36:31,656 | INFO | VCPlatform | [6444599625_3] VC push update handler registered
2026-05-20 10:36:32,427 | INFO | telegram.ext.Application | Application started
2026-05-20 10:36:33,266 | INFO | VCPlatform | [6444599625_3] Live already running in https://t.me/+hnGoxIQ1wj83NGVl on startup — joining...
2026-05-20 10:36:34,737 | INFO | VCPlatform | [6451644278] Client bot launched: @YTBHAILIVEFC4_BOT
2026-05-20 10:36:34,875 | INFO | VCPlatform | [6451644278] Monitor started for https://t.me/+NYnorF2xfkhiYmI1
2026-05-20 10:36:34,876 | INFO | VCPlatform | [6451644278] Channel from cache: '𝙔𝙖𝙖𝙧𝙒𝙞𝙣 𝘼𝙡𝙚𝙭' (bare_id=2167741832) for https://t.me/+NYnorF2xfkhiYmI1
2026-05-20 10:36:34,876 | INFO | VCPlatform | [6451644278] VC push update handler registered
2026-05-20 10:36:35,503 | INFO | VCPlatform | [6444599625_3] NTG: ConnectionState.CONNECTING
2026-05-20 10:36:35,507 | INFO | VCPlatform | [6444599625_3] Joined VC in chat -1002408551846
2026-05-20 10:36:35,507 | INFO | VCPlatform | [6444599625_3] Joined VC on startup in https://t.me/+hnGoxIQ1wj83NGVl
2026-05-20 10:36:35,657 | INFO | telegram.ext.Application | Application started
2026-05-20 10:36:35,886 | INFO | VCPlatform | [6444599625_3] NTG: ConnectionState.CONNECTED
2026-05-20 10:36:36,231 | INFO | VCPlatform | [6451644278] Live already running in https://t.me/+NYnorF2xfkhiYmI1 on startup — joining...
2026-05-20 10:36:37,204 | INFO | VCPlatform | [6444599625_4] Client bot launched: @YTBHAILIVEFC5_BOT
2026-05-20 10:36:37,342 | INFO | VCPlatform | [6444599625_4] Monitor started for https://t.me/+Z6J56TI-fZFlZTQ1
2026-05-20 10:36:37,342 | INFO | VCPlatform | [6444599625_4] Channel from cache: '𝐒𝐮𝐫𝐞𝐬𝐡𝐨𝐭 𝐛𝐲 𝐉𝐚𝐜𝐤' (bare_id=2098714715) for https://t.me/+Z6J56TI-fZFlZTQ1
2026-05-20 10:36:37,343 | INFO | VCPlatform | [6444599625_4] VC push update handler registered
2026-05-20 10:36:38,130 | INFO | telegram.ext.Application | Application started
2026-05-20 10:36:38,542 | INFO | VCPlatform | [6451644278] NTG: ConnectionState.CONNECTING
2026-05-20 10:36:38,556 | INFO | VCPlatform | [6451644278] Joined VC in chat -1002167741832
2026-05-20 10:36:38,557 | INFO | VCPlatform | [6451644278] Joined VC on startup in https://t.me/+NYnorF2xfkhiYmI1
2026-05-20 10:36:38,670 | INFO | VCPlatform | [7535601861] Client bot launched: @YTBHAILIVEFC6_BOT
2026-05-20 10:36:38,903 | INFO | VCPlatform | [6451644278] NTG: ConnectionState.CONNECTED
2026-05-20 10:36:39,569 | INFO | telegram.ext.Application | Application started
2026-05-20 10:36:40,927 | INFO | VCPlatform | [7535601861_2] Client bot launched: @YTBHAILIVEFC7_BOT
2026-05-20 10:36:41,048 | INFO | VCPlatform | [7535601861_2] Monitor started for https://t.me/+cX4Z43GzQHJmZDU1
2026-05-20 10:36:41,049 | INFO | VCPlatform | [7535601861_2] Channel from cache: 'Shureshot By Komal' (bare_id=2433043152) for https://t.me/+cX4Z43GzQHJmZDU1
2026-05-20 10:36:41,049 | INFO | VCPlatform | [7535601861_2] VC push update handler registered
2026-05-20 10:36:41,820 | INFO | telegram.ext.Application | Application started
2026-05-20 10:36:44,542 | INFO | VCPlatform | [8015937475] Client bot launched: @AutoGmail_RoBot
2026-05-20 10:36:44,542 | INFO | VCPlatform | Platform fully running.
2026-05-20 10:36:44,542 | INFO | VCPlatform | [8015937475] Monitor started for https://t.me/+F4IAa6kyKnQ4NjI1
2026-05-20 10:36:44,542 | INFO | VCPlatform | [8015937475] Channel from cache: 'ZAYRO 𝐒𝐔𝐑𝐄𝐒𝐇𝐎𝐓' (bare_id=2459134980) for https://t.me/+F4IAa6kyKnQ4NjI1
2026-05-20 10:36:44,542 | INFO | VCPlatform | [8015937475] VC push update handler registered
2026-05-20 10:36:46,157 | INFO | VCPlatform | [8015937475] Live already running in https://t.me/+F4IAa6kyKnQ4NjI1 on startup — joining...
2026-05-20 10:36:48,090 | INFO | VCPlatform | [8015937475] NTG: ConnectionState.CONNECTING
2026-05-20 10:36:48,093 | INFO | VCPlatform | [8015937475] Joined VC in chat -1002459134980
2026-05-20 10:36:48,094 | INFO | VCPlatform | [8015937475] Joined VC on startup in https://t.me/+F4IAa6kyKnQ4NjI1
2026-05-20 10:36:48,486 | INFO | VCPlatform | [8015937475] NTG: ConnectionState.CONNECTED
2026-05-20 10:37:42,850 | INFO | VCPlatform | [7535601861_2] Monitor stopped for https://t.me/+cX4Z43GzQHJmZDU1
2026-05-20 10:37:42,850 | INFO | VCPlatform | [7535601861_2] Monitors restarted: 1 running for 1 channels
2026-05-20 10:37:42,852 | INFO | VCPlatform | [7535601861_2] Monitor started for https://t.me/+cX4Z43GzQHJmZDU1
2026-05-20 10:37:42,852 | INFO | VCPlatform | [7535601861_2] Channel from cache: 'Shureshot By Komal' (bare_id=2433043152) for https://t.me/+cX4Z43GzQHJmZDU1
2026-05-20 10:37:42,854 | INFO | VCPlatform | [7535601861_2] VC push update handler registered
2026-05-20 10:40:47,490 | INFO | VCPlatform | [7535601861_2] Monitor stopped for https://t.me/+cX4Z43GzQHJmZDU1
2026-05-20 10:40:47,491 | INFO | VCPlatform | [7535601861_2] Monitors restarted: 1 running for 1 channels
2026-05-20 10:40:47,492 | INFO | VCPlatform | [7535601861_2] Monitor started for https://t.me/+cX4Z43GzQHJmZDU1
2026-05-20 10:40:47,492 | INFO | VCPlatform | [7535601861_2] Channel from cache: 'Shureshot By Komal' (bare_id=2433043152) for https://t.me/+cX4Z43GzQHJmZDU1
2026-05-20 10:40:47,493 | INFO | VCPlatform | [7535601861_2] VC push update handler registered
2026-05-20 10:40:48,261 | INFO | VCPlatform | [7535601861_2] Live already running in https://t.me/+cX4Z43GzQHJmZDU1 on startup — joining...
2026-05-20 10:40:49,532 | INFO | VCPlatform | [7535601861_2] NTG: ConnectionState.CONNECTING
2026-05-20 10:40:49,534 | INFO | VCPlatform | [7535601861_2] Joined VC in chat -1002433043152
2026-05-20 10:40:49,534 | INFO | VCPlatform | [7535601861_2] Joined VC on startup in https://t.me/+cX4Z43GzQHJmZDU1
2026-05-20 10:40:49,916 | INFO | VCPlatform | [7535601861_2] NTG: ConnectionState.CONNECTED
2026-05-20 10:43:11,194 | INFO | VCPlatform | [8015937475] Stream restarted via set_stream_sources
2026-05-20 10:43:27,948 | INFO | VCPlatform | [7535601861] Monitors restarted: 1 running for 1 channels
2026-05-20 10:43:27,949 | INFO | VCPlatform | [7535601861] Monitor started for https://t.me/+akHf5OY8eHYxZTQ1
2026-05-20 10:43:27,950 | INFO | VCPlatform | [7535601861] Channel from cache: '𝙔𝙖𝙖𝙧𝙒𝙞𝙣 𝘼𝙡𝙚𝙭' (bare_id=2176401264) for https://t.me/+akHf5OY8eHYxZTQ1
2026-05-20 10:43:47,856 | INFO | VCPlatform | [6444599625] Stream restarted via set_stream_sources
2026-05-20 10:43:48,469 | INFO | VCPlatform | [6444599625_2] Stream restarted via set_stream_sources
2026-05-20 10:43:53,460 | INFO | VCPlatform | [6444599625] Monitor stopped for https://t.me/+VasrzM1i2TQzYmFl
2026-05-20 10:43:53,461 | INFO | VCPlatform | [6444599625] Monitors restarted: 1 running for 1 channels
2026-05-20 10:43:53,461 | INFO | VCPlatform | [6444599625] Monitor started for https://t.me/+VasrzM1i2TQzYmFl
2026-05-20 10:43:53,461 | INFO | VCPlatform | [6444599625] Channel from cache: '𝐒𝐔𝐑𝐄𝐒𝐇𝐎𝐓 𝐁𝐘 𝐉𝐀𝐂𝐊' (bare_id=2412810294) for https://t.me/+VasrzM1i2TQzYmFl
2026-05-20 10:43:53,461 | INFO | VCPlatform | [6444599625] VC push update handler registered
2026-05-20 10:43:53,462 | INFO | VCPlatform | [6444599625_2] Monitor stopped for https://t.me/+5wYXdZfacPwwZTZl
2026-05-20 10:43:53,462 | INFO | VCPlatform | [6444599625_2] Monitors restarted: 1 running for 1 channels
2026-05-20 10:43:53,462 | INFO | VCPlatform | [6444599625_2] Monitor started for https://t.me/+5wYXdZfacPwwZTZl
2026-05-20 10:43:53,462 | INFO | VCPlatform | [6444599625_2] Channel from cache: '𝐒𝐔𝐑𝐄𝐒𝐇𝐎𝐓 𝐁𝐘 𝐑𝐀𝐌' (bare_id=2893144270) for https://t.me/+5wYXdZfacPwwZTZl
2026-05-20 10:43:53,462 | INFO | VCPlatform | [6444599625_2] VC push update handler registered
2026-05-20 10:43:53,463 | INFO | VCPlatform | [6444599625_3] Monitor stopped for https://t.me/+hnGoxIQ1wj83NGVl
2026-05-20 10:43:53,463 | INFO | VCPlatform | [6444599625_3] Monitors restarted: 1 running for 1 channels
2026-05-20 10:43:53,463 | INFO | VCPlatform | [6444599625_3] Monitor started for https://t.me/+hnGoxIQ1wj83NGVl
2026-05-20 10:43:53,463 | INFO | VCPlatform | [6444599625_3] Channel from cache: '𝐒𝐔𝐑𝐄𝐒𝐇𝐎𝐓 𝐁𝐘 𝐀𝐋𝐄𝐗' (bare_id=2408551846) for https://t.me/+hnGoxIQ1wj83NGVl
2026-05-20 10:43:53,463 | INFO | VCPlatform | [6444599625_3] VC push update handler registered
2026-05-20 10:43:53,464 | INFO | VCPlatform | [6451644278] Monitor stopped for https://t.me/+NYnorF2xfkhiYmI1
2026-05-20 10:43:53,464 | INFO | VCPlatform | [6451644278] Monitors restarted: 1 running for 1 channels
2026-05-20 10:43:53,464 | INFO | VCPlatform | [6451644278] Monitor started for https://t.me/+NYnorF2xfkhiYmI1
2026-05-20 10:43:53,465 | INFO | VCPlatform | [6451644278] Channel from cache: '𝙔𝙖𝙖𝙧𝙒𝙞𝙣 𝘼𝙡𝙚𝙭' (bare_id=2167741832) for https://t.me/+NYnorF2xfkhiYmI1
2026-05-20 10:43:53,466 | INFO | VCPlatform | [6451644278] VC push update handler registered
2026-05-20 10:43:53,466 | INFO | VCPlatform | [6444599625_4] Monitor stopped for https://t.me/+Z6J56TI-fZFlZTQ1
2026-05-20 10:43:53,466 | INFO | VCPlatform | [6444599625_4] Monitors restarted: 1 running for 1 channels
2026-05-20 10:43:53,466 | INFO | VCPlatform | [6444599625_4] Monitor started for https://t.me/+Z6J56TI-fZFlZTQ1
2026-05-20 10:43:53,466 | INFO | VCPlatform | [6444599625_4] Channel from cache: '𝐒𝐮𝐫𝐞𝐬𝐡𝐨𝐭 𝐛𝐲 𝐉𝐚𝐜𝐤' (bare_id=2098714715) for https://t.me/+Z6J56TI-fZFlZTQ1
2026-05-20 10:43:53,467 | INFO | VCPlatform | [6444599625_4] VC push update handler registered
2026-05-20 10:43:53,467 | INFO | VCPlatform | [7535601861_2] Monitor stopped for https://t.me/+cX4Z43GzQHJmZDU1
2026-05-20 10:43:53,467 | INFO | VCPlatform | [7535601861_2] Monitors restarted: 1 running for 1 channels
2026-05-20 10:43:53,468 | INFO | VCPlatform | [7535601861_2] Monitor started for https://t.me/+cX4Z43GzQHJmZDU1
2026-05-20 10:43:53,468 | INFO | VCPlatform | [7535601861_2] Channel from cache: 'Shureshot By Komal' (bare_id=2433043152) for https://t.me/+cX4Z43GzQHJmZDU1
2026-05-20 10:43:53,468 | INFO | VCPlatform | [7535601861_2] VC push update handler registered
2026-05-20 10:43:53,468 | INFO | VCPlatform | [8015937475] Monitor stopped for https://t.me/+F4IAa6kyKnQ4NjI1
2026-05-20 10:43:53,469 | INFO | VCPlatform | [8015937475] Monitors restarted: 1 running for 1 channels
2026-05-20 10:43:53,470 | INFO | VCPlatform | [8015937475] Monitor started for https://t.me/+F4IAa6kyKnQ4NjI1
2026-05-20 10:43:53,471 | INFO | VCPlatform | [8015937475] Channel from cache: 'ZAYRO 𝐒𝐔𝐑𝐄𝐒𝐇𝐎𝐓' (bare_id=2459134980) for https://t.me/+F4IAa6kyKnQ4NjI1
2026-05-20 10:43:53,471 | INFO | VCPlatform | [8015937475] VC push update handler registered
2026-05-20 10:43:53,609 | INFO | VCPlatform | [6444599625_3] Stream restarted via set_stream_sources
2026-05-20 10:47:08,638 | INFO | VCPlatform | [7535601861_2] Stream restarted via set_stream_sources
2026-05-20 10:47:56,647 | INFO | VCPlatform | [6451644278] Stream restarted via set_stream_sources
2026-05-20 10:49:34,296 | INFO | VCPlatform | [8015937475] Stream restarted via set_stream_sources
2026-05-20 10:51:05,956 | INFO | VCPlatform | [6444599625] Stream restarted via set_stream_sources
2026-05-20 10:51:06,570 | INFO | VCPlatform | [6444599625_2] Stream restarted via set_stream_sources
2026-05-20 10:51:11,712 | INFO | VCPlatform | [6444599625_3] Stream restarted via set_stream_sources
2026-05-20 10:53:27,749 | INFO | VCPlatform | [7535601861_2] Stream restarted via set_stream_sources
2026-05-20 10:55:57,401 | INFO | VCPlatform | [8015937475] Stream restarted via set_stream_sources
2026-05-20 10:58:24,083 | INFO | VCPlatform | [6444599625] Stream restarted via set_stream_sources
2026-05-20 10:58:24,672 | INFO | VCPlatform | [6444599625_2] Stream restarted via set_stream_sources
2026-05-20 10:58:29,817 | INFO | VCPlatform | [6444599625_3] Stream restarted via set_stream_sources
2026-05-20 10:59:14,755 | INFO | VCPlatform | [6451644278] Stream restarted via set_stream_sources
2026-05-20 10:59:46,854 | INFO | VCPlatform | [7535601861_2] Stream restarted via set_stream_sources
2026-05-20 11:02:20,506 | INFO | VCPlatform | [8015937475] Stream restarted via set_stream_sources
2026-05-20 11:05:42,187 | INFO | VCPlatform | [6444599625] Stream restarted via set_stream_sources
2026-05-20 11:05:42,774 | INFO | VCPlatform | [6444599625_2] Stream restarted via set_stream_sources
2026-05-20 11:05:47,921 | INFO | VCPlatform | [6444599625_3] Stream restarted via set_stream_sources
2026-05-20 11:06:05,958 | INFO | VCPlatform | [7535601861_2] Stream restarted via set_stream_sources
2026-05-20 11:08:43,609 | INFO | VCPlatform | [8015937475] Stream restarted via set_stream_sources
2026-05-20 11:10:32,888 | INFO | VCPlatform | [6451644278] Stream restarted via set_stream_sources
2026-05-20 11:12:25,064 | INFO | VCPlatform | [7535601861_2] Stream restarted via set_stream_sources
2026-05-20 11:13:00,290 | INFO | VCPlatform | [6444599625] Stream restarted via set_stream_sources
2026-05-20 11:13:00,878 | INFO | VCPlatform | [6444599625_2] Stream restarted via set_stream_sources
2026-05-20 11:13:06,026 | INFO | VCPlatform | [6444599625_3] Stream restarted via set_stream_sources
2026-05-20 11:15:06,756 | INFO | VCPlatform | [8015937475] Stream restarted via set_stream_sources
2026-05-20 11:18:44,169 | INFO | VCPlatform | [7535601861_2] Stream restarted via set_stream_sources
2026-05-20 11:20:18,399 | INFO | VCPlatform | [6444599625] Stream restarted via set_stream_sources
2026-05-20 11:20:18,978 | INFO | VCPlatform | [6444599625_2] Stream restarted via set_stream_sources
2026-05-20 11:20:24,145 | INFO | VCPlatform | [6444599625_3] Stream restarted via set_stream_sources
2026-05-20 11:21:29,857 | INFO | VCPlatform | [8015937475] Stream restarted via set_stream_sources
2026-05-20 11:21:50,989 | INFO | VCPlatform | [6451644278] Stream restarted via set_stream_sources
2026-05-20 11:25:03,312 | INFO | VCPlatform | [7535601861_2] Stream restarted via set_stream_sources
2026-05-20 11:27:36,518 | INFO | VCPlatform | [6444599625] Stream restarted via set_stream_sources
2026-05-20 11:27:37,080 | INFO | VCPlatform | [6444599625_2] Stream restarted via set_stream_sources
2026-05-20 11:27:42,250 | INFO | VCPlatform | [6444599625_3] Stream restarted via set_stream_sources
2026-05-20 11:27:52,960 | INFO | VCPlatform | [8015937475] Stream restarted via set_stream_sources
2026-05-20 11:31:22,391 | INFO | VCPlatform | [7535601861_2] Stream restarted via set_stream_sources
2026-05-20 11:33:09,105 | INFO | VCPlatform | [6451644278] Stream restarted via set_stream_sources
2026-05-20 11:33:16,037 | INFO | VCPlatform | [7535601861_2] Monitor stopped for https://t.me/+cX4Z43GzQHJmZDU1
2026-05-20 11:33:26,055 | INFO | VCPlatform | [7535601861_2] Monitor started for https://t.me/+akHf5OY8eHYxZTQ1
2026-05-20 11:33:26,060 | INFO | VCPlatform | [7535601861_2] Channel from cache: '𝙔𝙖𝙖𝙧𝙒𝙞𝙣 𝘼𝙡𝙚𝙭' (bare_id=2176401264) for https://t.me/+akHf5OY8eHYxZTQ1
2026-05-20 11:33:26,061 | INFO | VCPlatform | [7535601861_2] VC push update handler registered
2026-05-20 11:33:26,799 | INFO | VCPlatform | [7535601861_2] Live already running in https://t.me/+akHf5OY8eHYxZTQ1 on startup — joining...
2026-05-20 11:33:26,800 | WARNING | VCPlatform | [7535601861_2] vc_join: leaving stale VC -1002433043152 before joining -1002176401264
2026-05-20 11:33:30,134 | INFO | VCPlatform | [7535601861_2] NTG: ConnectionState.CONNECTING
2026-05-20 11:33:30,142 | INFO | VCPlatform | [7535601861_2] Joined VC in chat -1002176401264
2026-05-20 11:33:30,142 | INFO | VCPlatform | [7535601861_2] Joined VC on startup in https://t.me/+akHf5OY8eHYxZTQ1
2026-05-20 11:33:30,467 | INFO | VCPlatform | [7535601861_2] NTG: ConnectionState.CONNECTED
2026-05-20 11:34:16,074 | INFO | VCPlatform | [8015937475] Stream restarted via set_stream_sources
2026-05-20 11:34:54,619 | INFO | VCPlatform | [6444599625] Stream restarted via set_stream_sources
2026-05-20 11:34:55,183 | INFO | VCPlatform | [6444599625_2] Stream restarted via set_stream_sources
2026-05-20 11:35:00,353 | INFO | VCPlatform | [6444599625_3] Stream restarted via set_stream_sources
2026-05-20 11:39:49,243 | INFO | VCPlatform | [7535601861_2] Stream restarted via set_stream_sources
2026-05-20 11:40:39,179 | INFO | VCPlatform | [8015937475] Stream restarted via set_stream_sources
2026-05-20 11:42:12,724 | INFO | VCPlatform | [6444599625] Stream restarted via set_stream_sources
2026-05-20 11:42:13,289 | INFO | VCPlatform | [6444599625_2] Stream restarted via set_stream_sources
2026-05-20 11:42:18,456 | INFO | VCPlatform | [6444599625_3] Stream restarted via set_stream_sources
2026-05-20 11:44:27,210 | INFO | VCPlatform | [6451644278] Stream restarted via set_stream_sources
2026-05-20 11:46:08,348 | INFO | VCPlatform | [7535601861_2] Stream restarted via set_stream_sources
2026-05-20 11:47:02,279 | INFO | VCPlatform | [8015937475] Stream restarted via set_stream_sources
2026-05-20 11:49:30,827 | INFO | VCPlatform | [6444599625] Stream restarted via set_stream_sources
2026-05-20 11:49:31,389 | INFO | VCPlatform | [6444599625_2] Stream restarted via set_stream_sources
2026-05-20 11:49:36,565 | INFO | VCPlatform | [6444599625_3] Stream restarted via set_stream_sources
2026-05-20 11:52:27,452 | INFO | VCPlatform | [7535601861_2] Stream restarted via set_stream_sources
2026-05-20 11:53:25,388 | INFO | VCPlatform | [8015937475] Stream restarted via set_stream_sources
2026-05-20 11:55:45,314 | INFO | VCPlatform | [6451644278] Stream restarted via set_stream_sources
2026-05-20 11:56:48,929 | INFO | VCPlatform | [6444599625] Stream restarted via set_stream_sources
2026-05-20 11:56:49,491 | INFO | VCPlatform | [6444599625_2] Stream restarted via set_stream_sources
2026-05-20 11:56:54,668 | INFO | VCPlatform | [6444599625_3] Stream restarted via set_stream_sources
2026-05-20 11:58:46,556 | INFO | VCPlatform | [7535601861_2] Stream restarted via set_stream_sources
2026-05-20 11:59:48,493 | INFO | VCPlatform | [8015937475] Stream restarted via set_stream_sources
2026-05-20 12:04:07,034 | INFO | VCPlatform | [6444599625] Stream restarted via set_stream_sources
2026-05-20 12:04:07,595 | INFO | VCPlatform | [6444599625_2] Stream restarted via set_stream_sources
2026-05-20 12:04:12,771 | INFO | VCPlatform | [6444599625_3] Stream restarted via set_stream_sources
2026-05-20 12:05:05,699 | INFO | VCPlatform | [7535601861_2] Stream restarted via set_stream_sources
2026-05-20 12:06:11,595 | INFO | VCPlatform | [8015937475] Stream restarted via set_stream_sources
2026-05-20 12:07:03,417 | INFO | VCPlatform | [6451644278] Stream restarted via set_stream_sources
2026-05-20 12:11:24,811 | INFO | VCPlatform | [7535601861_2] Stream restarted via set_stream_sources
2026-05-20 12:11:25,135 | INFO | VCPlatform | [6444599625] Stream restarted via set_stream_sources
2026-05-20 12:11:25,698 | INFO | VCPlatform | [6444599625_2] Stream restarted via set_stream_sources
2026-05-20 12:11:30,874 | INFO | VCPlatform | [6444599625_3] Stream restarted via set_stream_sources
2026-05-20 12:12:34,703 | INFO | VCPlatform | [8015937475] Stream restarted via set_stream_sources
2026-05-20 12:17:43,921 | INFO | VCPlatform | [7535601861_2] Stream restarted via set_stream_sources
2026-05-20 12:18:21,519 | INFO | VCPlatform | [6451644278] Stream restarted via set_stream_sources
2026-05-20 12:18:43,239 | INFO | VCPlatform | [6444599625] Stream restarted via set_stream_sources
2026-05-20 12:18:43,803 | INFO | VCPlatform | [6444599625_2] Stream restarted via set_stream_sources
2026-05-20 12:18:48,977 | INFO | VCPlatform | [6444599625_3] Stream restarted via set_stream_sources
2026-05-20 12:18:57,803 | INFO | VCPlatform | [8015937475] Stream restarted via set_stream_sources
2026-05-20 12:24:03,030 | INFO | VCPlatform | [7535601861_2] Stream restarted via set_stream_sources
2026-05-20 12:25:20,906 | INFO | VCPlatform | [8015937475] Stream restarted via set_stream_sources
2026-05-20 12:26:01,345 | INFO | VCPlatform | [6444599625] Stream restarted via set_stream_sources
2026-05-20 12:26:01,912 | INFO | VCPlatform | [6444599625_2] Stream restarted via set_stream_sources
2026-05-20 12:26:07,080 | INFO | VCPlatform | [6444599625_3] Stream restarted via set_stream_sources
2026-05-20 12:29:39,629 | INFO | VCPlatform | [6451644278] Stream restarted via set_stream_sources
2026-05-20 12:30:22,136 | INFO | VCPlatform | [7535601861_2] Stream restarted via set_stream_sources
2026-05-20 12:31:44,025 | INFO | VCPlatform | [8015937475] Stream restarted via set_stream_sources
2026-05-20 12:33:19,484 | INFO | VCPlatform | [6444599625] Stream restarted via set_stream_sources
2026-05-20 12:33:20,023 | INFO | VCPlatform | [6444599625_2] Stream restarted via set_stream_sources
2026-05-20 12:33:25,183 | INFO | VCPlatform | [6444599625_3] Stream restarted via set_stream_sources
2026-05-20 12:36:41,238 | INFO | VCPlatform | [7535601861_2] Stream restarted via set_stream_sources
2026-05-20 12:38:07,127 | INFO | VCPlatform | [8015937475] Stream restarted via set_stream_sources
2026-05-20 12:40:37,588 | INFO | VCPlatform | [6444599625] Stream restarted via set_stream_sources
2026-05-20 12:40:38,128 | INFO | VCPlatform | [6444599625_2] Stream restarted via set_stream_sources
2026-05-20 12:40:43,287 | INFO | VCPlatform | [6444599625_3] Stream restarted via set_stream_sources
2026-05-20 12:40:57,734 | INFO | VCPlatform | [6451644278] Stream restarted via set_stream_sources
2026-05-20 12:43:00,340 | INFO | VCPlatform | [7535601861_2] Stream restarted via set_stream_sources
2026-05-20 12:44:30,231 | INFO | VCPlatform | [8015937475] Stream restarted via set_stream_sources
2026-05-20 12:47:55,703 | INFO | VCPlatform | [6444599625] Stream restarted via set_stream_sources
2026-05-20 12:47:56,255 | INFO | VCPlatform | [6444599625_2] Stream restarted via set_stream_sources
2026-05-20 12:48:01,433 | INFO | VCPlatform | [6444599625_3] Stream restarted via set_stream_sources
2026-05-20 12:49:19,444 | INFO | VCPlatform | [7535601861_2] Stream restarted via set_stream_sources
2026-05-20 12:50:53,335 | INFO | VCPlatform | [8015937475] Stream restarted via set_stream_sources
2026-05-20 12:52:15,851 | INFO | VCPlatform | [6451644278] Stream restarted via set_stream_sources
2026-05-20 12:55:13,818 | INFO | VCPlatform | [6444599625] Stream restarted via set_stream_sources
2026-05-20 12:55:14,351 | INFO | VCPlatform | [6444599625_2] Stream restarted via set_stream_sources
2026-05-20 12:55:19,535 | INFO | VCPlatform | [6444599625_3] Stream restarted via set_stream_sources
2026-05-20 12:55:38,555 | INFO | VCPlatform | [7535601861_2] Stream restarted via set_stream_sources
2026-05-20 12:57:16,437 | INFO | VCPlatform | [8015937475] Stream restarted via set_stream_sources
2026-05-20 13:01:57,660 | INFO | VCPlatform | [7535601861_2] Stream restarted via set_stream_sources
2026-05-20 13:02:31,917 | INFO | VCPlatform | [6444599625] Stream restarted via set_stream_sources
2026-05-20 13:02:32,453 | INFO | VCPlatform | [6444599625_2] Stream restarted via set_stream_sources
2026-05-20 13:02:37,640 | INFO | VCPlatform | [6444599625_3] Stream restarted via set_stream_sources
2026-05-20 13:03:33,955 | INFO | VCPlatform | [6451644278] Stream restarted via set_stream_sources
2026-05-20 13:03:39,540 | INFO | VCPlatform | [8015937475] Stream restarted via set_stream_sources
2026-05-20 13:08:16,764 | INFO | VCPlatform | [7535601861_2] Stream restarted via set_stream_sources
2026-05-20 13:09:50,024 | INFO | VCPlatform | [6444599625] Stream restarted via set_stream_sources
2026-05-20 13:09:50,557 | INFO | VCPlatform | [6444599625_2] Stream restarted via set_stream_sources
2026-05-20 13:09:55,742 | INFO | VCPlatform | [6444599625_3] Stream restarted via set_stream_sources
2026-05-20 13:10:02,642 | INFO | VCPlatform | [8015937475] Stream restarted via set_stream_sources
2026-05-20 13:14:35,867 | INFO | VCPlatform | [7535601861_2] Stream restarted via set_stream_sources
2026-05-20 13:14:52,056 | INFO | VCPlatform | [6451644278] Stream restarted via set_stream_sources
2026-05-20 13:16:25,747 | INFO | VCPlatform | [8015937475] Stream restarted via set_stream_sources
2026-05-20 13:17:08,130 | INFO | VCPlatform | [6444599625] Stream restarted via set_stream_sources
2026-05-20 13:17:08,675 | INFO | VCPlatform | [6444599625_2] Stream restarted via set_stream_sources
2026-05-20 13:17:13,846 | INFO | VCPlatform | [6444599625_3] Stream restarted via set_stream_sources
2026-05-20 13:20:54,970 | INFO | VCPlatform | [7535601861_2] Stream restarted via set_stream_sources
2026-05-20 13:22:48,850 | INFO | VCPlatform | [8015937475] Stream restarted via set_stream_sources
2026-05-20 13:24:26,232 | INFO | VCPlatform | [6444599625] Stream restarted via set_stream_sources
2026-05-20 13:24:26,777 | INFO | VCPlatform | [6444599625_2] Stream restarted via set_stream_sources
2026-05-20 13:24:31,949 | INFO | VCPlatform | [6444599625_3] Stream restarted via set_stream_sources
2026-05-20 13:26:10,159 | INFO | VCPlatform | [6451644278] Stream restarted via set_stream_sources
2026-05-20 13:27:14,072 | INFO | VCPlatform | [7535601861_2] Stream restarted via set_stream_sources
2026-05-20 13:29:11,952 | INFO | VCPlatform | [8015937475] Stream restarted via set_stream_sources
2026-05-20 13:31:44,336 | INFO | VCPlatform | [6444599625] Stream restarted via set_stream_sources
2026-05-20 13:31:44,879 | INFO | VCPlatform | [6444599625_2] Stream restarted via set_stream_sources
2026-05-20 13:31:50,050 | INFO | VCPlatform | [6444599625_3] Stream restarted via set_stream_sources
2026-05-20 13:33:33,175 | INFO | VCPlatform | [7535601861_2] Stream restarted via set_stream_sources
2026-05-20 13:35:35,056 | INFO | VCPlatform | [8015937475] Stream restarted via set_stream_sources
2026-05-20 13:37:28,262 | INFO | VCPlatform | [6451644278] Stream restarted via set_stream_sources
2026-05-20 13:39:02,455 | INFO | VCPlatform | [6444599625] Stream restarted via set_stream_sources
2026-05-20 13:39:02,984 | INFO | VCPlatform | [6444599625_2] Stream restarted via set_stream_sources
2026-05-20 13:39:08,153 | INFO | VCPlatform | [6444599625_3] Stream restarted via set_stream_sources
2026-05-20 13:39:52,279 | INFO | VCPlatform | [7535601861_2] Stream restarted via set_stream_sources
2026-05-20 13:41:58,158 | INFO | VCPlatform | [8015937475] Stream restarted via set_stream_sources
2026-05-20 13:46:11,385 | INFO | VCPlatform | [7535601861_2] Stream restarted via set_stream_sources
2026-05-20 13:46:20,550 | INFO | VCPlatform | [6444599625] Stream restarted via set_stream_sources
2026-05-20 13:46:21,083 | INFO | VCPlatform | [6444599625_2] Stream restarted via set_stream_sources
2026-05-20 13:46:26,259 | INFO | VCPlatform | [6444599625_3] Stream restarted via set_stream_sources
2026-05-20 13:48:21,261 | INFO | VCPlatform | [8015937475] Stream restarted via set_stream_sources
2026-05-20 13:48:46,364 | INFO | VCPlatform | [6451644278] Stream restarted via set_stream_sources
2026-05-20 13:51:03,428 | ERROR | telegram.ext.Updater | Error while getting Updates: httpx.ReadError: 
2026-05-20 13:51:03,429 | ERROR | telegram.ext.Updater | Exception happened while polling for updates.
Traceback (most recent call last):
  File "/root/voiceplay/.venv/lib/python3.10/site-packages/httpx/_transports/default.py", line 66, in map_httpcore_exceptions
    yield
  File "/root/voiceplay/.venv/lib/python3.10/site-packages/httpx/_transports/default.py", line 366, in handle_async_request
    resp = await self._pool.handle_async_request(req)
  File "/root/voiceplay/.venv/lib/python3.10/site-packages/httpcore/_async/connection_pool.py", line 256, in handle_async_request
    raise exc from None
  File "/root/voiceplay/.venv/lib/python3.10/site-packages/httpcore/_async/connection_pool.py", line 236, in handle_async_request
    response = await connection.handle_async_request(
  File "/root/voiceplay/.venv/lib/python3.10/site-packages/httpcore/_async/connection.py", line 103, in handle_async_request
    return await self._connection.handle_async_request(request)
  File "/root/voiceplay/.venv/lib/python3.10/site-packages/httpcore/_async/http11.py", line 136, in handle_async_request
    raise exc
  File "/root/voiceplay/.venv/lib/python3.10/site-packages/httpcore/_async/http11.py", line 106, in handle_async_request
    ) = await self._receive_response_headers(**kwargs)
  File "/root/voiceplay/.venv/lib/python3.10/site-packages/httpcore/_async/http11.py", line 177, in _receive_response_headers
    event = await self._receive_event(timeout=timeout)
  File "/root/voiceplay/.venv/lib/python3.10/site-packages/httpcore/_async/http11.py", line 217, in _receive_event
    data = await self._network_stream.read(
  File "/root/voiceplay/.venv/lib/python3.10/site-packages/httpcore/_backends/anyio.py", line 32, in read
    with map_exceptions(exc_map):
  File "/usr/lib/python3.10/contextlib.py", line 153, in __exit__
    self.gen.throw(typ, value, traceback)
  File "/root/voiceplay/.venv/lib/python3.10/site-packages/httpcore/_exceptions.py", line 14, in map_exceptions
    raise to_exc(exc) from exc
httpcore.ReadError

The above exception was the direct cause of the following exception:

Traceback (most recent call last):
  File "/root/voiceplay/.venv/lib/python3.10/site-packages/telegram/request/_httpxrequest.py", line 268, in do_request
    res = await self._client.request(
  File "/root/voiceplay/.venv/lib/python3.10/site-packages/httpx/_client.py", line 1530, in request
    return await self.send(request, auth=auth, follow_redirects=follow_redirects)
  File "/root/voiceplay/.venv/lib/python3.10/site-packages/httpx/_client.py", line 1617, in send
    response = await self._send_handling_auth(
  File "/root/voiceplay/.venv/lib/python3.10/site-packages/httpx/_client.py", line 1645, in _send_handling_auth
    response = await self._send_handling_redirects(
  File "/root/voiceplay/.venv/lib/python3.10/site-packages/httpx/_client.py", line 1682, in _send_handling_redirects
    response = await self._send_single_request(request)
  File "/root/voiceplay/.venv/lib/python3.10/site-packages/httpx/_client.py", line 1719, in _send_single_request
    response = await transport.handle_async_request(request)
  File "/root/voiceplay/.venv/lib/python3.10/site-packages/httpx/_transports/default.py", line 365, in handle_async_request
    with map_httpcore_exceptions():
  File "/usr/lib/python3.10/contextlib.py", line 153, in __exit__
    self.gen.throw(typ, value, traceback)
  File "/root/voiceplay/.venv/lib/python3.10/site-packages/httpx/_transports/default.py", line 83, in map_httpcore_exceptions
    raise mapped_exc(message) from exc
httpx.ReadError

The above exception was the direct cause of the following exception:

Traceback (most recent call last):
  File "/root/voiceplay/.venv/lib/python3.10/site-packages/telegram/ext/_updater.py", line 688, in _network_loop_retry
    if not await action_cb():
  File "/root/voiceplay/.venv/lib/python3.10/site-packages/telegram/ext/_updater.py", line 384, in polling_action_cb
    raise exc
  File "/root/voiceplay/.venv/lib/python3.10/site-packages/telegram/ext/_updater.py", line 373, in polling_action_cb
    updates = await self.bot.get_updates(
  File "/root/voiceplay/.venv/lib/python3.10/site-packages/telegram/ext/_extbot.py", line 558, in get_updates
    updates = await super().get_updates(
  File "/root/voiceplay/.venv/lib/python3.10/site-packages/telegram/_bot.py", line 525, in decorator
    result = await func(self, *args, **kwargs)  # skipcq: PYL-E1102
  File "/root/voiceplay/.venv/lib/python3.10/site-packages/telegram/_bot.py", line 3584, in get_updates
    await self._post(
  File "/root/voiceplay/.venv/lib/python3.10/site-packages/telegram/_bot.py", line 613, in _post
    return await self._do_post(
  File "/root/voiceplay/.venv/lib/python3.10/site-packages/telegram/ext/_extbot.py", line 340, in _do_post
    return await super()._do_post(
  File "/root/voiceplay/.venv/lib/python3.10/site-packages/telegram/_bot.py", line 641, in _do_post
    return await request.post(
  File "/root/voiceplay/.venv/lib/python3.10/site-packages/telegram/request/_baserequest.py", line 200, in post
    result = await self._request_wrapper(
  File "/root/voiceplay/.venv/lib/python3.10/site-packages/telegram/request/_baserequest.py", line 340, in _request_wrapper
    raise exc
  File "/root/voiceplay/.venv/lib/python3.10/site-packages/telegram/request/_baserequest.py", line 330, in _request_wrapper
    code, payload = await self.do_request(
  File "/root/voiceplay/.venv/lib/python3.10/site-packages/telegram/request/_httpxrequest.py", line 292, in do_request
    raise NetworkError(f"httpx.{err.__class__.__name__}: {err}") from err
telegram.error.NetworkError: httpx.ReadError: 
2026-05-20 13:51:39,426 | ERROR | telegram.ext.Updater | Error while getting Updates: httpx.ReadError: 
2026-05-20 13:51:39,426 | ERROR | telegram.ext.Updater | Exception happened while polling for updates.
Traceback (most recent call last):
  File "/root/voiceplay/.venv/lib/python3.10/site-packages/httpx/_transports/default.py", line 66, in map_httpcore_exceptions
    yield
  File "/root/voiceplay/.venv/lib/python3.10/site-packages/httpx/_transports/default.py", line 366, in handle_async_request
    resp = await self._pool.handle_async_request(req)
  File "/root/voiceplay/.venv/lib/python3.10/site-packages/httpcore/_async/connection_pool.py", line 256, in handle_async_request
    raise exc from None
  File "/root/voiceplay/.venv/lib/python3.10/site-packages/httpcore/_async/connection_pool.py", line 236, in handle_async_request
    response = await connection.handle_async_request(
  File "/root/voiceplay/.venv/lib/python3.10/site-packages/httpcore/_async/connection.py", line 103, in handle_async_request
    return await self._connection.handle_async_request(request)
  File "/root/voiceplay/.venv/lib/python3.10/site-packages/httpcore/_async/http11.py", line 136, in handle_async_request
    raise exc
  File "/root/voiceplay/.venv/lib/python3.10/site-packages/httpcore/_async/http11.py", line 106, in handle_async_request
    ) = await self._receive_response_headers(**kwargs)
  File "/root/voiceplay/.venv/lib/python3.10/site-packages/httpcore/_async/http11.py", line 177, in _receive_response_headers
    event = await self._receive_event(timeout=timeout)
  File "/root/voiceplay/.venv/lib/python3.10/site-packages/httpcore/_async/http11.py", line 217, in _receive_event
    data = await self._network_stream.read(
  File "/root/voiceplay/.venv/lib/python3.10/site-packages/httpcore/_backends/anyio.py", line 32, in read
    with map_exceptions(exc_map):
  File "/usr/lib/python3.10/contextlib.py", line 153, in __exit__
    self.gen.throw(typ, value, traceback)
  File "/root/voiceplay/.venv/lib/python3.10/site-packages/httpcore/_exceptions.py", line 14, in map_exceptions
    raise to_exc(exc) from exc
httpcore.ReadError

The above exception was the direct cause of the following exception:

Traceback (most recent call last):
  File "/root/voiceplay/.venv/lib/python3.10/site-packages/telegram/request/_httpxrequest.py", line 268, in do_request
    res = await self._client.request(
  File "/root/voiceplay/.venv/lib/python3.10/site-packages/httpx/_client.py", line 1530, in request
    return await self.send(request, auth=auth, follow_redirects=follow_redirects)
  File "/root/voiceplay/.venv/lib/python3.10/site-packages/httpx/_client.py", line 1617, in send
    response = await self._send_handling_auth(
  File "/root/voiceplay/.venv/lib/python3.10/site-packages/httpx/_client.py", line 1645, in _send_handling_auth
    response = await self._send_handling_redirects(
  File "/root/voiceplay/.venv/lib/python3.10/site-packages/httpx/_client.py", line 1682, in _send_handling_redirects
    response = await self._send_single_request(request)
  File "/root/voiceplay/.venv/lib/python3.10/site-packages/httpx/_client.py", line 1719, in _send_single_request
    response = await transport.handle_async_request(request)
  File "/root/voiceplay/.venv/lib/python3.10/site-packages/httpx/_transports/default.py", line 365, in handle_async_request
    with map_httpcore_exceptions():
  File "/usr/lib/python3.10/contextlib.py", line 153, in __exit__
    self.gen.throw(typ, value, traceback)
  File "/root/voiceplay/.venv/lib/python3.10/site-packages/httpx/_transports/default.py", line 83, in map_httpcore_exceptions
    raise mapped_exc(message) from exc
httpx.ReadError

The above exception was the direct cause of the following exception:

Traceback (most recent call last):
  File "/root/voiceplay/.venv/lib/python3.10/site-packages/telegram/ext/_updater.py", line 688, in _network_loop_retry
    if not await action_cb():
  File "/root/voiceplay/.venv/lib/python3.10/site-packages/telegram/ext/_updater.py", line 384, in polling_action_cb
    raise exc
  File "/root/voiceplay/.venv/lib/python3.10/site-packages/telegram/ext/_updater.py", line 373, in polling_action_cb
    updates = await self.bot.get_updates(
  File "/root/voiceplay/.venv/lib/python3.10/site-packages/telegram/ext/_extbot.py", line 558, in get_updates
    updates = await super().get_updates(
  File "/root/voiceplay/.venv/lib/python3.10/site-packages/telegram/_bot.py", line 525, in decorator
    result = await func(self, *args, **kwargs)  # skipcq: PYL-E1102
  File "/root/voiceplay/.venv/lib/python3.10/site-packages/telegram/_bot.py", line 3584, in get_updates
    await self._post(
  File "/root/voiceplay/.venv/lib/python3.10/site-packages/telegram/_bot.py", line 613, in _post
    return await self._do_post(
  File "/root/voiceplay/.venv/lib/python3.10/site-packages/telegram/ext/_extbot.py", line 340, in _do_post
    return await super()._do_post(
  File "/root/voiceplay/.venv/lib/python3.10/site-packages/telegram/_bot.py", line 641, in _do_post
    return await request.post(
  File "/root/voiceplay/.venv/lib/python3.10/site-packages/telegram/request/_baserequest.py", line 200, in post
    result = await self._request_wrapper(
  File "/root/voiceplay/.venv/lib/python3.10/site-packages/telegram/request/_baserequest.py", line 340, in _request_wrapper
    raise exc
  File "/root/voiceplay/.venv/lib/python3.10/site-packages/telegram/request/_baserequest.py", line 330, in _request_wrapper
    code, payload = await self.do_request(
  File "/root/voiceplay/.venv/lib/python3.10/site-packages/telegram/request/_httpxrequest.py", line 292, in do_request
    raise NetworkError(f"httpx.{err.__class__.__name__}: {err}") from err
telegram.error.NetworkError: httpx.ReadError: 
2026-05-20 13:52:30,487 | INFO | VCPlatform | [7535601861_2] Stream restarted via set_stream_sources
2026-05-20 13:53:38,653 | INFO | VCPlatform | [6444599625] Stream restarted via set_stream_sources
2026-05-20 13:53:39,186 | INFO | VCPlatform | [6444599625_2] Stream restarted via set_stream_sources
2026-05-20 13:53:44,362 | INFO | VCPlatform | [6444599625_3] Stream restarted via set_stream_sources
2026-05-20 13:54:44,364 | INFO | VCPlatform | [8015937475] Stream restarted via set_stream_sources
2026-05-20 13:55:53,379 | INFO | VCPlatform | [6444599625_2] Monitor stopped for https://t.me/+5wYXdZfacPwwZTZl
2026-05-20 13:55:53,379 | INFO | VCPlatform | [6444599625_2] Monitors restarted: 1 running for 1 channels
2026-05-20 13:55:53,381 | INFO | VCPlatform | [6444599625_2] Monitor started for https://t.me/+5wYXdZfacPwwZTZl
2026-05-20 13:55:53,383 | INFO | VCPlatform | [6444599625_2] Channel from cache: '𝐒𝐔𝐑𝐄𝐒𝐇𝐎𝐓 𝐁𝐘 𝐑𝐀𝐌' (bare_id=2893144270) for https://t.me/+5wYXdZfacPwwZTZl
2026-05-20 13:55:53,384 | INFO | VCPlatform | [6444599625_2] VC push update handler registered
2026-05-20 13:58:49,591 | INFO | VCPlatform | [7535601861_2] Stream restarted via set_stream_sources
2026-05-20 14:00:04,473 | INFO | VCPlatform | [6451644278] Stream restarted via set_stream_sources
2026-05-20 14:00:56,753 | INFO | VCPlatform | [6444599625] Stream restarted via set_stream_sources
2026-05-20 14:00:57,287 | INFO | VCPlatform | [6444599625_2] Stream restarted via set_stream_sources
2026-05-20 14:01:02,464 | INFO | VCPlatform | [6444599625_3] Stream restarted via set_stream_sources
2026-05-20 14:01:07,466 | INFO | VCPlatform | [8015937475] Stream restarted via set_stream_sources
2026-05-20 14:05:08,697 | INFO | VCPlatform | [7535601861_2] Stream restarted via set_stream_sources
2026-05-20 14:07:30,569 | INFO | VCPlatform | [8015937475] Stream restarted via set_stream_sources
2026-05-20 14:08:14,856 | INFO | VCPlatform | [6444599625] Stream restarted via set_stream_sources
2026-05-20 14:08:15,389 | INFO | VCPlatform | [6444599625_2] Stream restarted via set_stream_sources
2026-05-20 14:08:20,577 | INFO | VCPlatform | [6444599625_3] Stream restarted via set_stream_sources
2026-05-20 14:11:22,575 | INFO | VCPlatform | [6451644278] Stream restarted via set_stream_sources
2026-05-20 14:11:27,799 | INFO | VCPlatform | [7535601861_2] Stream restarted via set_stream_sources
2026-05-20 14:13:53,672 | INFO | VCPlatform | [8015937475] Stream restarted via set_stream_sources
2026-05-20 14:15:32,963 | INFO | VCPlatform | [6444599625] Stream restarted via set_stream_sources
2026-05-20 14:15:33,490 | INFO | VCPlatform | [6444599625_2] Stream restarted via set_stream_sources
2026-05-20 14:15:38,679 | INFO | VCPlatform | [6444599625_3] Stream restarted via set_stream_sources
2026-05-20 14:16:54,906 | ERROR | telegram.ext.Updater | Error while getting Updates: httpx.ReadError: 
2026-05-20 14:16:54,906 | ERROR | telegram.ext.Updater | Exception happened while polling for updates.
Traceback (most recent call last):
  File "/root/voiceplay/.venv/lib/python3.10/site-packages/httpx/_transports/default.py", line 66, in map_httpcore_exceptions
    yield
  File "/root/voiceplay/.venv/lib/python3.10/site-packages/httpx/_transports/default.py", line 366, in handle_async_request
    resp = await self._pool.handle_async_request(req)
  File "/root/voiceplay/.venv/lib/python3.10/site-packages/httpcore/_async/connection_pool.py", line 256, in handle_async_request
    raise exc from None
  File "/root/voiceplay/.venv/lib/python3.10/site-packages/httpcore/_async/connection_pool.py", line 236, in handle_async_request
    response = await connection.handle_async_request(
  File "/root/voiceplay/.venv/lib/python3.10/site-packages/httpcore/_async/connection.py", line 103, in handle_async_request
    return await self._connection.handle_async_request(request)
  File "/root/voiceplay/.venv/lib/python3.10/site-packages/httpcore/_async/http11.py", line 136, in handle_async_request
    raise exc
  File "/root/voiceplay/.venv/lib/python3.10/site-packages/httpcore/_async/http11.py", line 106, in handle_async_request
    ) = await self._receive_response_headers(**kwargs)
  File "/root/voiceplay/.venv/lib/python3.10/site-packages/httpcore/_async/http11.py", line 177, in _receive_response_headers
    event = await self._receive_event(timeout=timeout)
  File "/root/voiceplay/.venv/lib/python3.10/site-packages/httpcore/_async/http11.py", line 217, in _receive_event
    data = await self._network_stream.read(
  File "/root/voiceplay/.venv/lib/python3.10/site-packages/httpcore/_backends/anyio.py", line 32, in read
    with map_exceptions(exc_map):
  File "/usr/lib/python3.10/contextlib.py", line 153, in __exit__
    self.gen.throw(typ, value, traceback)
  File "/root/voiceplay/.venv/lib/python3.10/site-packages/httpcore/_exceptions.py", line 14, in map_exceptions
    raise to_exc(exc) from exc
httpcore.ReadError

The above exception was the direct cause of the following exception:

Traceback (most recent call last):
  File "/root/voiceplay/.venv/lib/python3.10/site-packages/telegram/request/_httpxrequest.py", line 268, in do_request
    res = await self._client.request(
  File "/root/voiceplay/.venv/lib/python3.10/site-packages/httpx/_client.py", line 1530, in request
    return await self.send(request, auth=auth, follow_redirects=follow_redirects)
  File "/root/voiceplay/.venv/lib/python3.10/site-packages/httpx/_client.py", line 1617, in send
    response = await self._send_handling_auth(
  File "/root/voiceplay/.venv/lib/python3.10/site-packages/httpx/_client.py", line 1645, in _send_handling_auth
    response = await self._send_handling_redirects(
  File "/root/voiceplay/.venv/lib/python3.10/site-packages/httpx/_client.py", line 1682, in _send_handling_redirects
    response = await self._send_single_request(request)
  File "/root/voiceplay/.venv/lib/python3.10/site-packages/httpx/_client.py", line 1719, in _send_single_request
    response = await transport.handle_async_request(request)
  File "/root/voiceplay/.venv/lib/python3.10/site-packages/httpx/_transports/default.py", line 365, in handle_async_request
    with map_httpcore_exceptions():
  File "/usr/lib/python3.10/contextlib.py", line 153, in __exit__
    self.gen.throw(typ, value, traceback)
  File "/root/voiceplay/.venv/lib/python3.10/site-packages/httpx/_transports/default.py", line 83, in map_httpcore_exceptions
    raise mapped_exc(message) from exc
httpx.ReadError

The above exception was the direct cause of the following exception:

Traceback (most recent call last):
  File "/root/voiceplay/.venv/lib/python3.10/site-packages/telegram/ext/_updater.py", line 688, in _network_loop_retry
    if not await action_cb():
  File "/root/voiceplay/.venv/lib/python3.10/site-packages/telegram/ext/_updater.py", line 384, in polling_action_cb
    raise exc
  File "/root/voiceplay/.venv/lib/python3.10/site-packages/telegram/ext/_updater.py", line 373, in polling_action_cb
    updates = await self.bot.get_updates(
  File "/root/voiceplay/.venv/lib/python3.10/site-packages/telegram/ext/_extbot.py", line 558, in get_updates
    updates = await super().get_updates(
  File "/root/voiceplay/.venv/lib/python3.10/site-packages/telegram/_bot.py", line 525, in decorator
    result = await func(self, *args, **kwargs)  # skipcq: PYL-E1102
  File "/root/voiceplay/.venv/lib/python3.10/site-packages/telegram/_bot.py", line 3584, in get_updates
    await self._post(
  File "/root/voiceplay/.venv/lib/python3.10/site-packages/telegram/_bot.py", line 613, in _post
    return await self._do_post(
  File "/root/voiceplay/.venv/lib/python3.10/site-packages/telegram/ext/_extbot.py", line 340, in _do_post
    return await super()._do_post(
  File "/root/voiceplay/.venv/lib/python3.10/site-packages/telegram/_bot.py", line 641, in _do_post
    return await request.post(
  File "/root/voiceplay/.venv/lib/python3.10/site-packages/telegram/request/_baserequest.py", line 200, in post
    result = await self._request_wrapper(
  File "/root/voiceplay/.venv/lib/python3.10/site-packages/telegram/request/_baserequest.py", line 340, in _request_wrapper
    raise exc
  File "/root/voiceplay/.venv/lib/python3.10/site-packages/telegram/request/_baserequest.py", line 330, in _request_wrapper
    code, payload = await self.do_request(
  File "/root/voiceplay/.venv/lib/python3.10/site-packages/telegram/request/_httpxrequest.py", line 292, in do_request
    raise NetworkError(f"httpx.{err.__class__.__name__}: {err}") from err
telegram.error.NetworkError: httpx.ReadError: 
2026-05-20 14:16:56,848 | ERROR | telegram.ext.Updater | Error while getting Updates: httpx.ReadError: 
2026-05-20 14:16:56,849 | ERROR | telegram.ext.Updater | Exception happened while polling for updates.
Traceback (most recent call last):
  File "/root/voiceplay/.venv/lib/python3.10/site-packages/httpx/_transports/default.py", line 66, in map_httpcore_exceptions
    yield
  File "/root/voiceplay/.venv/lib/python3.10/site-packages/httpx/_transports/default.py", line 366, in handle_async_request
    resp = await self._pool.handle_async_request(req)
  File "/root/voiceplay/.venv/lib/python3.10/site-packages/httpcore/_async/connection_pool.py", line 256, in handle_async_request
    raise exc from None
  File "/root/voiceplay/.venv/lib/python3.10/site-packages/httpcore/_async/connection_pool.py", line 236, in handle_async_request
    response = await connection.handle_async_request(
  File "/root/voiceplay/.venv/lib/python3.10/site-packages/httpcore/_async/connection.py", line 103, in handle_async_request
    return await self._connection.handle_async_request(request)
  File "/root/voiceplay/.venv/lib/python3.10/site-packages/httpcore/_async/http11.py", line 136, in handle_async_request
    raise exc
  File "/root/voiceplay/.venv/lib/python3.10/site-packages/httpcore/_async/http11.py", line 106, in handle_async_request
    ) = await self._receive_response_headers(**kwargs)
  File "/root/voiceplay/.venv/lib/python3.10/site-packages/httpcore/_async/http11.py", line 177, in _receive_response_headers
    event = await self._receive_event(timeout=timeout)
  File "/root/voiceplay/.venv/lib/python3.10/site-packages/httpcore/_async/http11.py", line 217, in _receive_event
    data = await self._network_stream.read(
  File "/root/voiceplay/.venv/lib/python3.10/site-packages/httpcore/_backends/anyio.py", line 32, in read
    with map_exceptions(exc_map):
  File "/usr/lib/python3.10/contextlib.py", line 153, in __exit__
    self.gen.throw(typ, value, traceback)
  File "/root/voiceplay/.venv/lib/python3.10/site-packages/httpcore/_exceptions.py", line 14, in map_exceptions
    raise to_exc(exc) from exc
httpcore.ReadError

The above exception was the direct cause of the following exception:

Traceback (most recent call last):
  File "/root/voiceplay/.venv/lib/python3.10/site-packages/telegram/request/_httpxrequest.py", line 268, in do_request
    res = await self._client.request(
  File "/root/voiceplay/.venv/lib/python3.10/site-packages/httpx/_client.py", line 1530, in request
    return await self.send(request, auth=auth, follow_redirects=follow_redirects)
  File "/root/voiceplay/.venv/lib/python3.10/site-packages/httpx/_client.py", line 1617, in send
    response = await self._send_handling_auth(
  File "/root/voiceplay/.venv/lib/python3.10/site-packages/httpx/_client.py", line 1645, in _send_handling_auth
    response = await self._send_handling_redirects(
  File "/root/voiceplay/.venv/lib/python3.10/site-packages/httpx/_client.py", line 1682, in _send_handling_redirects
    response = await self._send_single_request(request)
  File "/root/voiceplay/.venv/lib/python3.10/site-packages/httpx/_client.py", line 1719, in _send_single_request
    response = await transport.handle_async_request(request)
  File "/root/voiceplay/.venv/lib/python3.10/site-packages/httpx/_transports/default.py", line 365, in handle_async_request
    with map_httpcore_exceptions():
  File "/usr/lib/python3.10/contextlib.py", line 153, in __exit__
    self.gen.throw(typ, value, traceback)
  File "/root/voiceplay/.venv/lib/python3.10/site-packages/httpx/_transports/default.py", line 83, in map_httpcore_exceptions
    raise mapped_exc(message) from exc
httpx.ReadError

The above exception was the direct cause of the following exception:

Traceback (most recent call last):
  File "/root/voiceplay/.venv/lib/python3.10/site-packages/telegram/ext/_updater.py", line 688, in _network_loop_retry
    if not await action_cb():
  File "/root/voiceplay/.venv/lib/python3.10/site-packages/telegram/ext/_updater.py", line 384, in polling_action_cb
    raise exc
  File "/root/voiceplay/.venv/lib/python3.10/site-packages/telegram/ext/_updater.py", line 373, in polling_action_cb
    updates = await self.bot.get_updates(
  File "/root/voiceplay/.venv/lib/python3.10/site-packages/telegram/ext/_extbot.py", line 558, in get_updates
    updates = await super().get_updates(
  File "/root/voiceplay/.venv/lib/python3.10/site-packages/telegram/_bot.py", line 525, in decorator
    result = await func(self, *args, **kwargs)  # skipcq: PYL-E1102
  File "/root/voiceplay/.venv/lib/python3.10/site-packages/telegram/_bot.py", line 3584, in get_updates
    await self._post(
  File "/root/voiceplay/.venv/lib/python3.10/site-packages/telegram/_bot.py", line 613, in _post
    return await self._do_post(
  File "/root/voiceplay/.venv/lib/python3.10/site-packages/telegram/ext/_extbot.py", line 340, in _do_post
    return await super()._do_post(
  File "/root/voiceplay/.venv/lib/python3.10/site-packages/telegram/_bot.py", line 641, in _do_post
    return await request.post(
  File "/root/voiceplay/.venv/lib/python3.10/site-packages/telegram/request/_baserequest.py", line 200, in post
    result = await self._request_wrapper(
  File "/root/voiceplay/.venv/lib/python3.10/site-packages/telegram/request/_baserequest.py", line 340, in _request_wrapper
    raise exc
  File "/root/voiceplay/.venv/lib/python3.10/site-packages/telegram/request/_baserequest.py", line 330, in _request_wrapper
    code, payload = await self.do_request(
  File "/root/voiceplay/.venv/lib/python3.10/site-packages/telegram/request/_httpxrequest.py", line 292, in do_request
    raise NetworkError(f"httpx.{err.__class__.__name__}: {err}") from err
telegram.error.NetworkError: httpx.ReadError: 
2026-05-20 14:17:35,913 | ERROR | telegram.ext.Updater | Error while getting Updates: httpx.ReadError: 
2026-05-20 14:17:35,914 | ERROR | telegram.ext.Updater | Exception happened while polling for updates.
Traceback (most recent call last):
  File "/root/voiceplay/.venv/lib/python3.10/site-packages/httpx/_transports/default.py", line 66, in map_httpcore_exceptions
    yield
  File "/root/voiceplay/.venv/lib/python3.10/site-packages/httpx/_transports/default.py", line 366, in handle_async_request
    resp = await self._pool.handle_async_request(req)
  File "/root/voiceplay/.venv/lib/python3.10/site-packages/httpcore/_async/connection_pool.py", line 256, in handle_async_request
    raise exc from None
  File "/root/voiceplay/.venv/lib/python3.10/site-packages/httpcore/_async/connection_pool.py", line 236, in handle_async_request
    response = await connection.handle_async_request(
  File "/root/voiceplay/.venv/lib/python3.10/site-packages/httpcore/_async/connection.py", line 103, in handle_async_request
    return await self._connection.handle_async_request(request)
  File "/root/voiceplay/.venv/lib/python3.10/site-packages/httpcore/_async/http11.py", line 136, in handle_async_request
    raise exc
  File "/root/voiceplay/.venv/lib/python3.10/site-packages/httpcore/_async/http11.py", line 106, in handle_async_request
    ) = await self._receive_response_headers(**kwargs)
  File "/root/voiceplay/.venv/lib/python3.10/site-packages/httpcore/_async/http11.py", line 177, in _receive_response_headers
    event = await self._receive_event(timeout=timeout)
  File "/root/voiceplay/.venv/lib/python3.10/site-packages/httpcore/_async/http11.py", line 217, in _receive_event
    data = await self._network_stream.read(
  File "/root/voiceplay/.venv/lib/python3.10/site-packages/httpcore/_backends/anyio.py", line 32, in read
    with map_exceptions(exc_map):
  File "/usr/lib/python3.10/contextlib.py", line 153, in __exit__
    self.gen.throw(typ, value, traceback)
  File "/root/voiceplay/.venv/lib/python3.10/site-packages/httpcore/_exceptions.py", line 14, in map_exceptions
    raise to_exc(exc) from exc
httpcore.ReadError

The above exception was the direct cause of the following exception:

Traceback (most recent call last):
  File "/root/voiceplay/.venv/lib/python3.10/site-packages/telegram/request/_httpxrequest.py", line 268, in do_request
    res = await self._client.request(
  File "/root/voiceplay/.venv/lib/python3.10/site-packages/httpx/_client.py", line 1530, in request
    return await self.send(request, auth=auth, follow_redirects=follow_redirects)
  File "/root/voiceplay/.venv/lib/python3.10/site-packages/httpx/_client.py", line 1617, in send
    response = await self._send_handling_auth(
  File "/root/voiceplay/.venv/lib/python3.10/site-packages/httpx/_client.py", line 1645, in _send_handling_auth
    response = await self._send_handling_redirects(
  File "/root/voiceplay/.venv/lib/python3.10/site-packages/httpx/_client.py", line 1682, in _send_handling_redirects
    response = await self._send_single_request(request)
  File "/root/voiceplay/.venv/lib/python3.10/site-packages/httpx/_client.py", line 1719, in _send_single_request
    response = await transport.handle_async_request(request)
  File "/root/voiceplay/.venv/lib/python3.10/site-packages/httpx/_transports/default.py", line 365, in handle_async_request
    with map_httpcore_exceptions():
  File "/usr/lib/python3.10/contextlib.py", line 153, in __exit__
    self.gen.throw(typ, value, traceback)
  File "/root/voiceplay/.venv/lib/python3.10/site-packages/httpx/_transports/default.py", line 83, in map_httpcore_exceptions
    raise mapped_exc(message) from exc
httpx.ReadError

The above exception was the direct cause of the following exception:

Traceback (most recent call last):
  File "/root/voiceplay/.venv/lib/python3.10/site-packages/telegram/ext/_updater.py", line 688, in _network_loop_retry
    if not await action_cb():
  File "/root/voiceplay/.venv/lib/python3.10/site-packages/telegram/ext/_updater.py", line 384, in polling_action_cb
    raise exc
  File "/root/voiceplay/.venv/lib/python3.10/site-packages/telegram/ext/_updater.py", line 373, in polling_action_cb
    updates = await self.bot.get_updates(
  File "/root/voiceplay/.venv/lib/python3.10/site-packages/telegram/ext/_extbot.py", line 558, in get_updates
    updates = await super().get_updates(
  File "/root/voiceplay/.venv/lib/python3.10/site-packages/telegram/_bot.py", line 525, in decorator
    result = await func(self, *args, **kwargs)  # skipcq: PYL-E1102
  File "/root/voiceplay/.venv/lib/python3.10/site-packages/telegram/_bot.py", line 3584, in get_updates
    await self._post(
  File "/root/voiceplay/.venv/lib/python3.10/site-packages/telegram/_bot.py", line 613, in _post
    return await self._do_post(
  File "/root/voiceplay/.venv/lib/python3.10/site-packages/telegram/ext/_extbot.py", line 340, in _do_post
    return await super()._do_post(
  File "/root/voiceplay/.venv/lib/python3.10/site-packages/telegram/_bot.py", line 641, in _do_post
    return await request.post(
  File "/root/voiceplay/.venv/lib/python3.10/site-packages/telegram/request/_baserequest.py", line 200, in post
    result = await self._request_wrapper(
  File "/root/voiceplay/.venv/lib/python3.10/site-packages/telegram/request/_baserequest.py", line 340, in _request_wrapper
    raise exc
  File "/root/voiceplay/.venv/lib/python3.10/site-packages/telegram/request/_baserequest.py", line 330, in _request_wrapper
    code, payload = await self.do_request(
  File "/root/voiceplay/.venv/lib/python3.10/site-packages/telegram/request/_httpxrequest.py", line 292, in do_request
    raise NetworkError(f"httpx.{err.__class__.__name__}: {err}") from err
telegram.error.NetworkError: httpx.ReadError: 
2026-05-20 14:17:46,905 | INFO | VCPlatform | [7535601861_2] Stream restarted via set_stream_sources
2026-05-20 14:20:16,774 | INFO | VCPlatform | [8015937475] Stream restarted via set_stream_sources
2026-05-20 14:22:40,678 | INFO | VCPlatform | [6451644278] Stream restarted via set_stream_sources
2026-05-20 14:22:51,065 | INFO | VCPlatform | [6444599625] Stream restarted via set_stream_sources
2026-05-20 14:22:51,594 | INFO | VCPlatform | [6444599625_2] Stream restarted via set_stream_sources
2026-05-20 14:22:56,781 | INFO | VCPlatform | [6444599625_3] Stream restarted via set_stream_sources
2026-05-20 14:24:06,010 | INFO | VCPlatform | [7535601861_2] Stream restarted via set_stream_sources
2026-05-20 14:26:39,877 | INFO | VCPlatform | [8015937475] Stream restarted via set_stream_sources
2026-05-20 14:30:09,169 | INFO | VCPlatform | [6444599625] Stream restarted via set_stream_sources
2026-05-20 14:30:09,735 | INFO | VCPlatform | [6444599625_2] Stream restarted via set_stream_sources
2026-05-20 14:30:14,883 | INFO | VCPlatform | [6444599625_3] Stream restarted via set_stream_sources
2026-05-20 14:30:25,112 | INFO | VCPlatform | [7535601861_2] Stream restarted via set_stream_sources
2026-05-20 14:32:21,465 | ERROR | telegram.ext.Updater | Error while getting Updates: httpx.ReadError: 
2026-05-20 14:32:21,466 | ERROR | telegram.ext.Updater | Exception happened while polling for updates.
Traceback (most recent call last):
  File "/root/voiceplay/.venv/lib/python3.10/site-packages/httpx/_transports/default.py", line 66, in map_httpcore_exceptions
    yield
  File "/root/voiceplay/.venv/lib/python3.10/site-packages/httpx/_transports/default.py", line 366, in handle_async_request
    resp = await self._pool.handle_async_request(req)
  File "/root/voiceplay/.venv/lib/python3.10/site-packages/httpcore/_async/connection_pool.py", line 256, in handle_async_request
    raise exc from None
  File "/root/voiceplay/.venv/lib/python3.10/site-packages/httpcore/_async/connection_pool.py", line 236, in handle_async_request
    response = await connection.handle_async_request(
  File "/root/voiceplay/.venv/lib/python3.10/site-packages/httpcore/_async/connection.py", line 103, in handle_async_request
    return await self._connection.handle_async_request(request)
  File "/root/voiceplay/.venv/lib/python3.10/site-packages/httpcore/_async/http11.py", line 136, in handle_async_request
    raise exc
  File "/root/voiceplay/.venv/lib/python3.10/site-packages/httpcore/_async/http11.py", line 106, in handle_async_request
    ) = await self._receive_response_headers(**kwargs)
  File "/root/voiceplay/.venv/lib/python3.10/site-packages/httpcore/_async/http11.py", line 177, in _receive_response_headers
    event = await self._receive_event(timeout=timeout)
  File "/root/voiceplay/.venv/lib/python3.10/site-packages/httpcore/_async/http11.py", line 217, in _receive_event
    data = await self._network_stream.read(
  File "/root/voiceplay/.venv/lib/python3.10/site-packages/httpcore/_backends/anyio.py", line 32, in read
    with map_exceptions(exc_map):
  File "/usr/lib/python3.10/contextlib.py", line 153, in __exit__
    self.gen.throw(typ, value, traceback)
  File "/root/voiceplay/.venv/lib/python3.10/site-packages/httpcore/_exceptions.py", line 14, in map_exceptions
    raise to_exc(exc) from exc
httpcore.ReadError

The above exception was the direct cause of the following exception:

Traceback (most recent call last):
  File "/root/voiceplay/.venv/lib/python3.10/site-packages/telegram/request/_httpxrequest.py", line 268, in do_request
    res = await self._client.request(
  File "/root/voiceplay/.venv/lib/python3.10/site-packages/httpx/_client.py", line 1530, in request
    return await self.send(request, auth=auth, follow_redirects=follow_redirects)
  File "/root/voiceplay/.venv/lib/python3.10/site-packages/httpx/_client.py", line 1617, in send
    response = await self._send_handling_auth(
  File "/root/voiceplay/.venv/lib/python3.10/site-packages/httpx/_client.py", line 1645, in _send_handling_auth
    response = await self._send_handling_redirects(
  File "/root/voiceplay/.venv/lib/python3.10/site-packages/httpx/_client.py", line 1682, in _send_handling_redirects
    response = await self._send_single_request(request)
  File "/root/voiceplay/.venv/lib/python3.10/site-packages/httpx/_client.py", line 1719, in _send_single_request
    response = await transport.handle_async_request(request)
  File "/root/voiceplay/.venv/lib/python3.10/site-packages/httpx/_transports/default.py", line 365, in handle_async_request
    with map_httpcore_exceptions():
  File "/usr/lib/python3.10/contextlib.py", line 153, in __exit__
    self.gen.throw(typ, value, traceback)
  File "/root/voiceplay/.venv/lib/python3.10/site-packages/httpx/_transports/default.py", line 83, in map_httpcore_exceptions
    raise mapped_exc(message) from exc
httpx.ReadError

The above exception was the direct cause of the following exception:

Traceback (most recent call last):
  File "/root/voiceplay/.venv/lib/python3.10/site-packages/telegram/ext/_updater.py", line 688, in _network_loop_retry
    if not await action_cb():
  File "/root/voiceplay/.venv/lib/python3.10/site-packages/telegram/ext/_updater.py", line 384, in polling_action_cb
    raise exc
  File "/root/voiceplay/.venv/lib/python3.10/site-packages/telegram/ext/_updater.py", line 373, in polling_action_cb
    updates = await self.bot.get_updates(
  File "/root/voiceplay/.venv/lib/python3.10/site-packages/telegram/ext/_extbot.py", line 558, in get_updates
    updates = await super().get_updates(
  File "/root/voiceplay/.venv/lib/python3.10/site-packages/telegram/_bot.py", line 525, in decorator
    result = await func(self, *args, **kwargs)  # skipcq: PYL-E1102
  File "/root/voiceplay/.venv/lib/python3.10/site-packages/telegram/_bot.py", line 3584, in get_updates
    await self._post(
  File "/root/voiceplay/.venv/lib/python3.10/site-packages/telegram/_bot.py", line 613, in _post
    return await self._do_post(
  File "/root/voiceplay/.venv/lib/python3.10/site-packages/telegram/ext/_extbot.py", line 340, in _do_post
    return await super()._do_post(
  File "/root/voiceplay/.venv/lib/python3.10/site-packages/telegram/_bot.py", line 641, in _do_post
    return await request.post(
  File "/root/voiceplay/.venv/lib/python3.10/site-packages/telegram/request/_baserequest.py", line 200, in post
    result = await self._request_wrapper(
  File "/root/voiceplay/.venv/lib/python3.10/site-packages/telegram/request/_baserequest.py", line 340, in _request_wrapper
    raise exc
  File "/root/voiceplay/.venv/lib/python3.10/site-packages/telegram/request/_baserequest.py", line 330, in _request_wrapper
    code, payload = await self.do_request(
  File "/root/voiceplay/.venv/lib/python3.10/site-packages/telegram/request/_httpxrequest.py", line 292, in do_request
    raise NetworkError(f"httpx.{err.__class__.__name__}: {err}") from err
telegram.error.NetworkError: httpx.ReadError: 
2026-05-20 14:33:02,979 | INFO | VCPlatform | [8015937475] Stream restarted via set_stream_sources
2026-05-20 14:33:58,781 | INFO | VCPlatform | [6451644278] Stream restarted via set_stream_sources
2026-05-20 14:36:44,215 | INFO | VCPlatform | [7535601861_2] Stream restarted via set_stream_sources
2026-05-20 14:37:27,276 | INFO | VCPlatform | [6444599625] Stream restarted via set_stream_sources
2026-05-20 14:37:27,838 | INFO | VCPlatform | [6444599625_2] Stream restarted via set_stream_sources
2026-05-20 14:37:32,988 | INFO | VCPlatform | [6444599625_3] Stream restarted via set_stream_sources
2026-05-20 14:39:26,082 | INFO | VCPlatform | [8015937475] Stream restarted via set_stream_sources
2026-05-20 14:43:03,319 | INFO | VCPlatform | [7535601861_2] Stream restarted via set_stream_sources
2026-05-20 14:44:45,379 | INFO | VCPlatform | [6444599625] Stream restarted via set_stream_sources
2026-05-20 14:44:45,939 | INFO | VCPlatform | [6444599625_2] Stream restarted via set_stream_sources
2026-05-20 14:44:51,091 | INFO | VCPlatform | [6444599625_3] Stream restarted via set_stream_sources
2026-05-20 14:45:16,883 | INFO | VCPlatform | [6451644278] Stream restarted via set_stream_sources
2026-05-20 14:45:49,185 | INFO | VCPlatform | [8015937475] Stream restarted via set_stream_sources
2026-05-20 14:49:22,421 | INFO | VCPlatform | [7535601861_2] Stream restarted via set_stream_sources
2026-05-20 14:52:03,482 | INFO | VCPlatform | [6444599625] Stream restarted via set_stream_sources
2026-05-20 14:52:04,043 | INFO | VCPlatform | [6444599625_2] Stream restarted via set_stream_sources
2026-05-20 14:52:09,192 | INFO | VCPlatform | [6444599625_3] Stream restarted via set_stream_sources
2026-05-20 14:52:12,288 | INFO | VCPlatform | [8015937475] Stream restarted via set_stream_sources
2026-05-20 14:55:41,550 | INFO | VCPlatform | [7535601861_2] Stream restarted via set_stream_sources
2026-05-20 14:56:34,989 | INFO | VCPlatform | [6451644278] Stream restarted via set_stream_sources
2026-05-20 14:58:35,393 | INFO | VCPlatform | [8015937475] Stream restarted via set_stream_sources
2026-05-20 14:59:21,584 | INFO | VCPlatform | [6444599625] Stream restarted via set_stream_sources
2026-05-20 14:59:22,146 | INFO | VCPlatform | [6444599625_2] Stream restarted via set_stream_sources
2026-05-20 14:59:27,296 | INFO | VCPlatform | [6444599625_3] Stream restarted via set_stream_sources
2026-05-20 15:02:00,659 | INFO | VCPlatform | [7535601861_2] Stream restarted via set_stream_sources
2026-05-20 15:04:58,496 | INFO | VCPlatform | [8015937475] Stream restarted via set_stream_sources
2026-05-20 15:06:39,687 | INFO | VCPlatform | [6444599625] Stream restarted via set_stream_sources
2026-05-20 15:06:40,250 | INFO | VCPlatform | [6444599625_2] Stream restarted via set_stream_sources
2026-05-20 15:06:45,397 | INFO | VCPlatform | [6444599625_3] Stream restarted via set_stream_sources
2026-05-20 15:07:53,097 | INFO | VCPlatform | [6451644278] Stream restarted via set_stream_sources
2026-05-20 15:08:19,761 | INFO | VCPlatform | [7535601861_2] Stream restarted via set_stream_sources
2026-05-20 15:11:21,620 | INFO | VCPlatform | [8015937475] Stream restarted via set_stream_sources
2026-05-20 15:13:57,789 | INFO | VCPlatform | [6444599625] Stream restarted via set_stream_sources
2026-05-20 15:13:58,360 | INFO | VCPlatform | [6444599625_2] Stream restarted via set_stream_sources
2026-05-20 15:14:03,500 | INFO | VCPlatform | [6444599625_3] Stream restarted via set_stream_sources
2026-05-20 15:14:38,864 | INFO | VCPlatform | [7535601861_2] Stream restarted via set_stream_sources
2026-05-20 15:17:44,725 | INFO | VCPlatform | [8015937475] Stream restarted via set_stream_sources
2026-05-20 15:18:54,533 | INFO | VCPlatform | [6444599625] Reminder sent (3 days left)
2026-05-20 15:19:11,201 | INFO | VCPlatform | [6451644278] Stream restarted via set_stream_sources
2026-05-20 15:20:57,966 | INFO | VCPlatform | [7535601861_2] Stream restarted via set_stream_sources
2026-05-20 15:21:15,892 | INFO | VCPlatform | [6444599625] Stream restarted via set_stream_sources
2026-05-20 15:21:16,462 | INFO | VCPlatform | [6444599625_2] Stream restarted via set_stream_sources
2026-05-20 15:21:21,603 | INFO | VCPlatform | [6444599625_3] Stream restarted via set_stream_sources
2026-05-20 15:24:07,830 | INFO | VCPlatform | [8015937475] Stream restarted via set_stream_sources
2026-05-20 15:27:17,069 | INFO | VCPlatform | [7535601861_2] Stream restarted via set_stream_sources
2026-05-20 15:28:33,994 | INFO | VCPlatform | [6444599625] Stream restarted via set_stream_sources
2026-05-20 15:28:34,566 | INFO | VCPlatform | [6444599625_2] Stream restarted via set_stream_sources
2026-05-20 15:28:39,706 | INFO | VCPlatform | [6444599625_3] Stream restarted via set_stream_sources
2026-05-20 15:30:29,314 | INFO | VCPlatform | [6451644278] Stream restarted via set_stream_sources
2026-05-20 15:30:30,953 | INFO | VCPlatform | [8015937475] Stream restarted via set_stream_sources
2026-05-20 15:33:36,172 | INFO | VCPlatform | [7535601861_2] Stream restarted via set_stream_sources
2026-05-20 15:35:52,101 | INFO | VCPlatform | [6444599625] Stream restarted via set_stream_sources
2026-05-20 15:35:52,668 | INFO | VCPlatform | [6444599625_2] Stream restarted via set_stream_sources
2026-05-20 15:35:57,807 | INFO | VCPlatform | [6444599625_3] Stream restarted via set_stream_sources
2026-05-20 15:36:54,054 | INFO | VCPlatform | [8015937475] Stream restarted via set_stream_sources
2026-05-20 15:39:55,276 | INFO | VCPlatform | [7535601861_2] Stream restarted via set_stream_sources
2026-05-20 15:41:47,417 | INFO | VCPlatform | [6451644278] Stream restarted via set_stream_sources
2026-05-20 15:43:10,209 | INFO | VCPlatform | [6444599625] Stream restarted via set_stream_sources
2026-05-20 15:43:10,772 | INFO | VCPlatform | [6444599625_2] Stream restarted via set_stream_sources
2026-05-20 15:43:15,910 | INFO | VCPlatform | [6444599625_3] Stream restarted via set_stream_sources
2026-05-20 15:43:17,155 | INFO | VCPlatform | [8015937475] Stream restarted via set_stream_sources
2026-05-20 15:46:14,379 | INFO | VCPlatform | [7535601861_2] Stream restarted via set_stream_sources
2026-05-20 15:49:40,262 | INFO | VCPlatform | [8015937475] Stream restarted via set_stream_sources
2026-05-20 15:50:28,311 | INFO | VCPlatform | [6444599625] Stream restarted via set_stream_sources
2026-05-20 15:50:28,873 | INFO | VCPlatform | [6444599625_2] Stream restarted via set_stream_sources
2026-05-20 15:50:34,012 | INFO | VCPlatform | [6444599625_3] Stream restarted via set_stream_sources
2026-05-20 15:52:33,482 | INFO | VCPlatform | [7535601861_2] Stream restarted via set_stream_sources
2026-05-20 15:53:05,520 | INFO | VCPlatform | [6451644278] Stream restarted via set_stream_sources
2026-05-20 15:56:03,364 | INFO | VCPlatform | [8015937475] Stream restarted via set_stream_sources
2026-05-20 15:57:46,417 | INFO | VCPlatform | [6444599625] Stream restarted via set_stream_sources
2026-05-20 15:57:46,976 | INFO | VCPlatform | [6444599625_2] Stream restarted via set_stream_sources
2026-05-20 15:57:52,116 | INFO | VCPlatform | [6444599625_3] Stream restarted via set_stream_sources
2026-05-20 15:58:52,583 | INFO | VCPlatform | [7535601861_2] Stream restarted via set_stream_sources
2026-05-20 16:02:26,469 | INFO | VCPlatform | [8015937475] Stream restarted via set_stream_sources
2026-05-20 16:04:23,624 | INFO | VCPlatform | [6451644278] Stream restarted via set_stream_sources
2026-05-20 16:05:04,527 | INFO | VCPlatform | [6444599625] Stream restarted via set_stream_sources
2026-05-20 16:05:05,081 | INFO | VCPlatform | [6444599625_2] Stream restarted via set_stream_sources
2026-05-20 16:05:10,218 | INFO | VCPlatform | [6444599625_3] Stream restarted via set_stream_sources
2026-05-20 16:05:11,685 | INFO | VCPlatform | [7535601861_2] Stream restarted via set_stream_sources
2026-05-20 16:08:49,575 | INFO | VCPlatform | [8015937475] Stream restarted via set_stream_sources
2026-05-20 16:11:09,227 | INFO | VCPlatform | [6444599625_4] Monitor stopped for https://t.me/+Z6J56TI-fZFlZTQ1
2026-05-20 16:11:09,228 | INFO | VCPlatform | [6444599625_4] Monitors restarted: 1 running for 1 channels
2026-05-20 16:11:09,231 | INFO | VCPlatform | [6444599625_4] Monitor started for https://t.me/+Z6J56TI-fZFlZTQ1
2026-05-20 16:11:09,235 | INFO | VCPlatform | [6444599625_4] Channel from cache: '𝐒𝐮𝐫𝐞𝐬𝐡𝐨𝐭 𝐛𝐲 𝐉𝐚𝐜𝐤' (bare_id=2098714715) for https://t.me/+Z6J56TI-fZFlZTQ1
2026-05-20 16:11:09,237 | INFO | VCPlatform | [6444599625_4] VC push update handler registered
2026-05-20 16:11:09,914 | INFO | VCPlatform | [6444599625_4] Live already running in https://t.me/+Z6J56TI-fZFlZTQ1 on startup — joining...
2026-05-20 16:11:12,797 | INFO | VCPlatform | [6444599625_4] NTG: ConnectionState.CONNECTING
2026-05-20 16:11:12,803 | INFO | VCPlatform | [6444599625_4] Joined VC in chat -1002098714715
2026-05-20 16:11:12,804 | INFO | VCPlatform | [6444599625_4] Joined VC on startup in https://t.me/+Z6J56TI-fZFlZTQ1
2026-05-20 16:11:13,172 | INFO | VCPlatform | [6444599625_4] NTG: ConnectionState.CONNECTED
2026-05-20 16:11:30,787 | INFO | VCPlatform | [7535601861_2] Stream restarted via set_stream_sources
2026-05-20 16:12:22,630 | INFO | VCPlatform | [6444599625] Stream restarted via set_stream_sources
2026-05-20 16:12:23,183 | INFO | VCPlatform | [6444599625_2] Stream restarted via set_stream_sources
2026-05-20 16:12:28,320 | INFO | VCPlatform | [6444599625_3] Stream restarted via set_stream_sources
2026-05-20 16:15:12,683 | INFO | VCPlatform | [8015937475] Stream restarted via set_stream_sources
2026-05-20 16:15:41,725 | INFO | VCPlatform | [6451644278] Stream restarted via set_stream_sources
2026-05-20 16:17:49,892 | INFO | VCPlatform | [7535601861_2] Stream restarted via set_stream_sources
2026-05-20 16:18:30,903 | INFO | VCPlatform | [6444599625_4] Stream restarted via set_stream_sources
2026-05-20 16:19:40,732 | INFO | VCPlatform | [6444599625] Stream restarted via set_stream_sources
2026-05-20 16:19:41,285 | INFO | VCPlatform | [6444599625_2] Stream restarted via set_stream_sources
2026-05-20 16:19:46,427 | INFO | VCPlatform | [6444599625_3] Stream restarted via set_stream_sources
2026-05-20 16:21:35,782 | INFO | VCPlatform | [8015937475] Stream restarted via set_stream_sources
2026-05-20 16:24:08,994 | INFO | VCPlatform | [7535601861_2] Stream restarted via set_stream_sources
2026-05-20 16:25:49,017 | INFO | VCPlatform | [6444599625_4] Stream restarted via set_stream_sources
2026-05-20 16:26:58,835 | INFO | VCPlatform | [6444599625] Stream restarted via set_stream_sources
2026-05-20 16:26:59,389 | INFO | VCPlatform | [6444599625_2] Stream restarted via set_stream_sources
2026-05-20 16:26:59,830 | INFO | VCPlatform | [6451644278] Stream restarted via set_stream_sources
2026-05-20 16:27:04,528 | INFO | VCPlatform | [6444599625_3] Stream restarted via set_stream_sources
2026-05-20 16:27:58,884 | INFO | VCPlatform | [8015937475] Stream restarted via set_stream_sources
2026-05-20 16:30:28,100 | INFO | VCPlatform | [7535601861_2] Stream restarted via set_stream_sources
2026-05-20 16:33:07,122 | INFO | VCPlatform | [6444599625_4] Stream restarted via set_stream_sources
2026-05-20 16:34:16,938 | INFO | VCPlatform | [6444599625] Stream restarted via set_stream_sources
2026-05-20 16:34:17,491 | INFO | VCPlatform | [6444599625_2] Stream restarted via set_stream_sources
2026-05-20 16:34:21,987 | INFO | VCPlatform | [8015937475] Stream restarted via set_stream_sources
2026-05-20 16:34:22,633 | INFO | VCPlatform | [6444599625_3] Stream restarted via set_stream_sources
2026-05-20 16:36:47,203 | INFO | VCPlatform | [7535601861_2] Stream restarted via set_stream_sources
2026-05-20 16:38:17,935 | INFO | VCPlatform | [6451644278] Stream restarted via set_stream_sources
2026-05-20 16:40:25,227 | INFO | VCPlatform | [6444599625_4] Stream restarted via set_stream_sources
2026-05-20 16:40:45,104 | INFO | VCPlatform | [8015937475] Stream restarted via set_stream_sources
2026-05-20 16:41:35,046 | INFO | VCPlatform | [6444599625] Stream restarted via set_stream_sources
2026-05-20 16:41:35,596 | INFO | VCPlatform | [6444599625_2] Stream restarted via set_stream_sources
2026-05-20 16:41:40,735 | INFO | VCPlatform | [6444599625_3] Stream restarted via set_stream_sources
2026-05-20 16:43:06,312 | INFO | VCPlatform | [7535601861_2] Stream restarted via set_stream_sources
2026-05-20 16:47:08,205 | INFO | VCPlatform | [8015937475] Stream restarted via set_stream_sources
2026-05-20 16:47:43,329 | INFO | VCPlatform | [6444599625_4] Stream restarted via set_stream_sources
2026-05-20 16:48:53,150 | INFO | VCPlatform | [6444599625] Stream restarted via set_stream_sources
2026-05-20 16:48:53,699 | INFO | VCPlatform | [6444599625_2] Stream restarted via set_stream_sources
2026-05-20 16:48:58,840 | INFO | VCPlatform | [6444599625_3] Stream restarted via set_stream_sources
2026-05-20 16:49:25,414 | INFO | VCPlatform | [7535601861_2] Stream restarted via set_stream_sources
2026-05-20 16:49:36,037 | INFO | VCPlatform | [6451644278] Stream restarted via set_stream_sources
2026-05-20 16:53:31,316 | INFO | VCPlatform | [8015937475] Stream restarted via set_stream_sources
2026-05-20 16:55:01,432 | INFO | VCPlatform | [6444599625_4] Stream restarted via set_stream_sources
2026-05-20 16:55:44,518 | INFO | VCPlatform | [7535601861_2] Stream restarted via set_stream_sources
2026-05-20 16:56:11,254 | INFO | VCPlatform | [6444599625] Stream restarted via set_stream_sources
2026-05-20 16:56:11,801 | INFO | VCPlatform | [6444599625_2] Stream restarted via set_stream_sources
2026-05-20 16:56:16,943 | INFO | VCPlatform | [6444599625_3] Stream restarted via set_stream_sources
2026-05-20 16:59:54,416 | INFO | VCPlatform | [8015937475] Stream restarted via set_stream_sources
2026-05-20 17:00:54,140 | INFO | VCPlatform | [6451644278] Stream restarted via set_stream_sources
2026-05-20 17:02:03,625 | INFO | VCPlatform | [7535601861_2] Stream restarted via set_stream_sources
2026-05-20 17:02:19,535 | INFO | VCPlatform | [6444599625_4] Stream restarted via set_stream_sources
2026-05-20 17:03:29,357 | INFO | VCPlatform | [6444599625] Stream restarted via set_stream_sources
2026-05-20 17:03:29,905 | INFO | VCPlatform | [6444599625_2] Stream restarted via set_stream_sources
2026-05-20 17:03:35,049 | INFO | VCPlatform | [6444599625_3] Stream restarted via set_stream_sources
2026-05-20 17:06:17,522 | INFO | VCPlatform | [8015937475] Stream restarted via set_stream_sources
2026-05-20 17:08:22,732 | INFO | VCPlatform | [7535601861_2] Stream restarted via set_stream_sources
2026-05-20 17:09:37,639 | INFO | VCPlatform | [6444599625_4] Stream restarted via set_stream_sources
2026-05-20 17:10:47,458 | INFO | VCPlatform | [6444599625] Stream restarted via set_stream_sources
2026-05-20 17:10:48,011 | INFO | VCPlatform | [6444599625_2] Stream restarted via set_stream_sources
2026-05-20 17:10:53,152 | INFO | VCPlatform | [6444599625_3] Stream restarted via set_stream_sources
2026-05-20 17:12:12,243 | INFO | VCPlatform | [6451644278] Stream restarted via set_stream_sources
2026-05-20 17:12:40,624 | INFO | VCPlatform | [8015937475] Stream restarted via set_stream_sources
2026-05-20 17:14:41,837 | INFO | VCPlatform | [7535601861_2] Stream restarted via set_stream_sources
2026-05-20 17:16:55,744 | INFO | VCPlatform | [6444599625_4] Stream restarted via set_stream_sources
2026-05-20 17:18:05,561 | INFO | VCPlatform | [6444599625] Stream restarted via set_stream_sources
2026-05-20 17:18:06,111 | INFO | VCPlatform | [6444599625_2] Stream restarted via set_stream_sources
2026-05-20 17:18:11,265 | INFO | VCPlatform | [6444599625_3] Stream restarted via set_stream_sources
2026-05-20 17:19:03,737 | INFO | VCPlatform | [8015937475] Stream restarted via set_stream_sources
2026-05-20 17:21:00,945 | INFO | VCPlatform | [7535601861_2] Stream restarted via set_stream_sources
2026-05-20 17:23:30,348 | INFO | VCPlatform | [6451644278] Stream restarted via set_stream_sources
2026-05-20 17:24:13,844 | INFO | VCPlatform | [6444599625_4] Stream restarted via set_stream_sources
2026-05-20 17:25:23,666 | INFO | VCPlatform | [6444599625] Stream restarted via set_stream_sources
2026-05-20 17:25:24,211 | INFO | VCPlatform | [6444599625_2] Stream restarted via set_stream_sources
2026-05-20 17:25:26,839 | INFO | VCPlatform | [8015937475] Stream restarted via set_stream_sources
2026-05-20 17:25:29,367 | INFO | VCPlatform | [6444599625_3] Stream restarted via set_stream_sources
2026-05-20 17:27:20,049 | INFO | VCPlatform | [7535601861_2] Stream restarted via set_stream_sources
2026-05-20 17:31:31,954 | INFO | VCPlatform | [6444599625_4] Stream restarted via set_stream_sources
2026-05-20 17:31:49,943 | INFO | VCPlatform | [8015937475] Stream restarted via set_stream_sources
2026-05-20 17:32:41,767 | INFO | VCPlatform | [6444599625] Stream restarted via set_stream_sources
2026-05-20 17:32:42,315 | INFO | VCPlatform | [6444599625_2] Stream restarted via set_stream_sources
2026-05-20 17:32:47,470 | INFO | VCPlatform | [6444599625_3] Stream restarted via set_stream_sources
2026-05-20 17:33:39,153 | INFO | VCPlatform | [7535601861_2] Stream restarted via set_stream_sources
2026-05-20 17:34:48,450 | INFO | VCPlatform | [6451644278] Stream restarted via set_stream_sources
2026-05-20 17:38:13,046 | INFO | VCPlatform | [8015937475] Stream restarted via set_stream_sources
2026-05-20 17:38:50,058 | INFO | VCPlatform | [6444599625_4] Stream restarted via set_stream_sources
2026-05-20 17:39:58,258 | INFO | VCPlatform | [7535601861_2] Stream restarted via set_stream_sources
2026-05-20 17:39:59,878 | INFO | VCPlatform | [6444599625] Stream restarted via set_stream_sources
2026-05-20 17:40:00,422 | INFO | VCPlatform | [6444599625_2] Stream restarted via set_stream_sources
2026-05-20 17:40:05,579 | INFO | VCPlatform | [6444599625_3] Stream restarted via set_stream_sources
2026-05-20 17:44:36,150 | INFO | VCPlatform | [8015937475] Stream restarted via set_stream_sources
2026-05-20 17:46:06,554 | INFO | VCPlatform | [6451644278] Stream restarted via set_stream_sources
2026-05-20 17:46:08,161 | INFO | VCPlatform | [6444599625_4] Stream restarted via set_stream_sources
2026-05-20 17:46:17,366 | INFO | VCPlatform | [7535601861_2] Stream restarted via set_stream_sources
2026-05-20 17:47:17,982 | INFO | VCPlatform | [6444599625] Stream restarted via set_stream_sources
2026-05-20 17:47:18,522 | INFO | VCPlatform | [6444599625_2] Stream restarted via set_stream_sources
2026-05-20 17:47:23,686 | INFO | VCPlatform | [6444599625_3] Stream restarted via set_stream_sources
2026-05-20 17:50:59,253 | INFO | VCPlatform | [8015937475] Stream restarted via set_stream_sources
2026-05-20 17:52:31,167 | ERROR | telegram.ext.Updater | Error while getting Updates: httpx.ReadError: 
2026-05-20 17:52:31,168 | ERROR | telegram.ext.Updater | Exception happened while polling for updates.
Traceback (most recent call last):
  File "/root/voiceplay/.venv/lib/python3.10/site-packages/httpx/_transports/default.py", line 66, in map_httpcore_exceptions
    yield
  File "/root/voiceplay/.venv/lib/python3.10/site-packages/httpx/_transports/default.py", line 366, in handle_async_request
    resp = await self._pool.handle_async_request(req)
  File "/root/voiceplay/.venv/lib/python3.10/site-packages/httpcore/_async/connection_pool.py", line 256, in handle_async_request
    raise exc from None
  File "/root/voiceplay/.venv/lib/python3.10/site-packages/httpcore/_async/connection_pool.py", line 236, in handle_async_request
    response = await connection.handle_async_request(
  File "/root/voiceplay/.venv/lib/python3.10/site-packages/httpcore/_async/connection.py", line 103, in handle_async_request
    return await self._connection.handle_async_request(request)
  File "/root/voiceplay/.venv/lib/python3.10/site-packages/httpcore/_async/http11.py", line 136, in handle_async_request
    raise exc
  File "/root/voiceplay/.venv/lib/python3.10/site-packages/httpcore/_async/http11.py", line 106, in handle_async_request
    ) = await self._receive_response_headers(**kwargs)
  File "/root/voiceplay/.venv/lib/python3.10/site-packages/httpcore/_async/http11.py", line 177, in _receive_response_headers
    event = await self._receive_event(timeout=timeout)
  File "/root/voiceplay/.venv/lib/python3.10/site-packages/httpcore/_async/http11.py", line 217, in _receive_event
    data = await self._network_stream.read(
  File "/root/voiceplay/.venv/lib/python3.10/site-packages/httpcore/_backends/anyio.py", line 32, in read
    with map_exceptions(exc_map):
  File "/usr/lib/python3.10/contextlib.py", line 153, in __exit__
    self.gen.throw(typ, value, traceback)
  File "/root/voiceplay/.venv/lib/python3.10/site-packages/httpcore/_exceptions.py", line 14, in map_exceptions
    raise to_exc(exc) from exc
httpcore.ReadError

The above exception was the direct cause of the following exception:

Traceback (most recent call last):
  File "/root/voiceplay/.venv/lib/python3.10/site-packages/telegram/request/_httpxrequest.py", line 268, in do_request
    res = await self._client.request(
  File "/root/voiceplay/.venv/lib/python3.10/site-packages/httpx/_client.py", line 1530, in request
    return await self.send(request, auth=auth, follow_redirects=follow_redirects)
  File "/root/voiceplay/.venv/lib/python3.10/site-packages/httpx/_client.py", line 1617, in send
    response = await self._send_handling_auth(
  File "/root/voiceplay/.venv/lib/python3.10/site-packages/httpx/_client.py", line 1645, in _send_handling_auth
    response = await self._send_handling_redirects(
  File "/root/voiceplay/.venv/lib/python3.10/site-packages/httpx/_client.py", line 1682, in _send_handling_redirects
    response = await self._send_single_request(request)
  File "/root/voiceplay/.venv/lib/python3.10/site-packages/httpx/_client.py", line 1719, in _send_single_request
    response = await transport.handle_async_request(request)
  File "/root/voiceplay/.venv/lib/python3.10/site-packages/httpx/_transports/default.py", line 365, in handle_async_request
    with map_httpcore_exceptions():
  File "/usr/lib/python3.10/contextlib.py", line 153, in __exit__
    self.gen.throw(typ, value, traceback)
  File "/root/voiceplay/.venv/lib/python3.10/site-packages/httpx/_transports/default.py", line 83, in map_httpcore_exceptions
    raise mapped_exc(message) from exc
httpx.ReadError

The above exception was the direct cause of the following exception:

Traceback (most recent call last):
  File "/root/voiceplay/.venv/lib/python3.10/site-packages/telegram/ext/_updater.py", line 688, in _network_loop_retry
    if not await action_cb():
  File "/root/voiceplay/.venv/lib/python3.10/site-packages/telegram/ext/_updater.py", line 384, in polling_action_cb
    raise exc
  File "/root/voiceplay/.venv/lib/python3.10/site-packages/telegram/ext/_updater.py", line 373, in polling_action_cb
    updates = await self.bot.get_updates(
  File "/root/voiceplay/.venv/lib/python3.10/site-packages/telegram/ext/_extbot.py", line 558, in get_updates
    updates = await super().get_updates(
  File "/root/voiceplay/.venv/lib/python3.10/site-packages/telegram/_bot.py", line 525, in decorator
    result = await func(self, *args, **kwargs)  # skipcq: PYL-E1102
  File "/root/voiceplay/.venv/lib/python3.10/site-packages/telegram/_bot.py", line 3584, in get_updates
    await self._post(
  File "/root/voiceplay/.venv/lib/python3.10/site-packages/telegram/_bot.py", line 613, in _post
    return await self._do_post(
  File "/root/voiceplay/.venv/lib/python3.10/site-packages/telegram/ext/_extbot.py", line 340, in _do_post
    return await super()._do_post(
  File "/root/voiceplay/.venv/lib/python3.10/site-packages/telegram/_bot.py", line 641, in _do_post
    return await request.post(
  File "/root/voiceplay/.venv/lib/python3.10/site-packages/telegram/request/_baserequest.py", line 200, in post
    result = await self._request_wrapper(
  File "/root/voiceplay/.venv/lib/python3.10/site-packages/telegram/request/_baserequest.py", line 340, in _request_wrapper
    raise exc
  File "/root/voiceplay/.venv/lib/python3.10/site-packages/telegram/request/_baserequest.py", line 330, in _request_wrapper
    code, payload = await self.do_request(
  File "/root/voiceplay/.venv/lib/python3.10/site-packages/telegram/request/_httpxrequest.py", line 292, in do_request
    raise NetworkError(f"httpx.{err.__class__.__name__}: {err}") from err
telegram.error.NetworkError: httpx.ReadError: 
2026-05-20 17:52:31,976 | ERROR | telegram.ext.Updater | Error while getting Updates: httpx.ReadError: 
2026-05-20 17:52:31,976 | ERROR | telegram.ext.Updater | Exception happened while polling for updates.
Traceback (most recent call last):
  File "/root/voiceplay/.venv/lib/python3.10/site-packages/httpx/_transports/default.py", line 66, in map_httpcore_exceptions
    yield
  File "/root/voiceplay/.venv/lib/python3.10/site-packages/httpx/_transports/default.py", line 366, in handle_async_request
    resp = await self._pool.handle_async_request(req)
  File "/root/voiceplay/.venv/lib/python3.10/site-packages/httpcore/_async/connection_pool.py", line 256, in handle_async_request
    raise exc from None
  File "/root/voiceplay/.venv/lib/python3.10/site-packages/httpcore/_async/connection_pool.py", line 236, in handle_async_request
    response = await connection.handle_async_request(
  File "/root/voiceplay/.venv/lib/python3.10/site-packages/httpcore/_async/connection.py", line 103, in handle_async_request
    return await self._connection.handle_async_request(request)
  File "/root/voiceplay/.venv/lib/python3.10/site-packages/httpcore/_async/http11.py", line 136, in handle_async_request
    raise exc
  File "/root/voiceplay/.venv/lib/python3.10/site-packages/httpcore/_async/http11.py", line 106, in handle_async_request
    ) = await self._receive_response_headers(**kwargs)
  File "/root/voiceplay/.venv/lib/python3.10/site-packages/httpcore/_async/http11.py", line 177, in _receive_response_headers
    event = await self._receive_event(timeout=timeout)
  File "/root/voiceplay/.venv/lib/python3.10/site-packages/httpcore/_async/http11.py", line 217, in _receive_event
    data = await self._network_stream.read(
  File "/root/voiceplay/.venv/lib/python3.10/site-packages/httpcore/_backends/anyio.py", line 32, in read
    with map_exceptions(exc_map):
  File "/usr/lib/python3.10/contextlib.py", line 153, in __exit__
    self.gen.throw(typ, value, traceback)
  File "/root/voiceplay/.venv/lib/python3.10/site-packages/httpcore/_exceptions.py", line 14, in map_exceptions
    raise to_exc(exc) from exc
httpcore.ReadError

The above exception was the direct cause of the following exception:

Traceback (most recent call last):
  File "/root/voiceplay/.venv/lib/python3.10/site-packages/telegram/request/_httpxrequest.py", line 268, in do_request
    res = await self._client.request(
  File "/root/voiceplay/.venv/lib/python3.10/site-packages/httpx/_client.py", line 1530, in request
    return await self.send(request, auth=auth, follow_redirects=follow_redirects)
  File "/root/voiceplay/.venv/lib/python3.10/site-packages/httpx/_client.py", line 1617, in send
    response = await self._send_handling_auth(
  File "/root/voiceplay/.venv/lib/python3.10/site-packages/httpx/_client.py", line 1645, in _send_handling_auth
    response = await self._send_handling_redirects(
  File "/root/voiceplay/.venv/lib/python3.10/site-packages/httpx/_client.py", line 1682, in _send_handling_redirects
    response = await self._send_single_request(request)
  File "/root/voiceplay/.venv/lib/python3.10/site-packages/httpx/_client.py", line 1719, in _send_single_request
    response = await transport.handle_async_request(request)
  File "/root/voiceplay/.venv/lib/python3.10/site-packages/httpx/_transports/default.py", line 365, in handle_async_request
    with map_httpcore_exceptions():
  File "/usr/lib/python3.10/contextlib.py", line 153, in __exit__
    self.gen.throw(typ, value, traceback)
  File "/root/voiceplay/.venv/lib/python3.10/site-packages/httpx/_transports/default.py", line 83, in map_httpcore_exceptions
    raise mapped_exc(message) from exc
httpx.ReadError

The above exception was the direct cause of the following exception:

Traceback (most recent call last):
  File "/root/voiceplay/.venv/lib/python3.10/site-packages/telegram/ext/_updater.py", line 688, in _network_loop_retry
    if not await action_cb():
  File "/root/voiceplay/.venv/lib/python3.10/site-packages/telegram/ext/_updater.py", line 384, in polling_action_cb
    raise exc
  File "/root/voiceplay/.venv/lib/python3.10/site-packages/telegram/ext/_updater.py", line 373, in polling_action_cb
    updates = await self.bot.get_updates(
  File "/root/voiceplay/.venv/lib/python3.10/site-packages/telegram/ext/_extbot.py", line 558, in get_updates
    updates = await super().get_updates(
  File "/root/voiceplay/.venv/lib/python3.10/site-packages/telegram/_bot.py", line 525, in decorator
    result = await func(self, *args, **kwargs)  # skipcq: PYL-E1102
  File "/root/voiceplay/.venv/lib/python3.10/site-packages/telegram/_bot.py", line 3584, in get_updates
    await self._post(
  File "/root/voiceplay/.venv/lib/python3.10/site-packages/telegram/_bot.py", line 613, in _post
    return await self._do_post(
  File "/root/voiceplay/.venv/lib/python3.10/site-packages/telegram/ext/_extbot.py", line 340, in _do_post
    return await super()._do_post(
  File "/root/voiceplay/.venv/lib/python3.10/site-packages/telegram/_bot.py", line 641, in _do_post
    return await request.post(
  File "/root/voiceplay/.venv/lib/python3.10/site-packages/telegram/request/_baserequest.py", line 200, in post
    result = await self._request_wrapper(
  File "/root/voiceplay/.venv/lib/python3.10/site-packages/telegram/request/_baserequest.py", line 340, in _request_wrapper
    raise exc
  File "/root/voiceplay/.venv/lib/python3.10/site-packages/telegram/request/_baserequest.py", line 330, in _request_wrapper
    code, payload = await self.do_request(
  File "/root/voiceplay/.venv/lib/python3.10/site-packages/telegram/request/_httpxrequest.py", line 292, in do_request
    raise NetworkError(f"httpx.{err.__class__.__name__}: {err}") from err
telegram.error.NetworkError: httpx.ReadError: 
2026-05-20 17:52:36,469 | INFO | VCPlatform | [7535601861_2] Stream restarted via set_stream_sources
2026-05-20 17:53:26,263 | INFO | VCPlatform | [6444599625_4] Stream restarted via set_stream_sources
2026-05-20 17:54:36,088 | INFO | VCPlatform | [6444599625] Stream restarted via set_stream_sources
2026-05-20 17:54:36,636 | INFO | VCPlatform | [6444599625_2] Stream restarted via set_stream_sources
2026-05-20 17:54:41,790 | INFO | VCPlatform | [6444599625_3] Stream restarted via set_stream_sources
2026-05-20 17:57:22,358 | INFO | VCPlatform | [8015937475] Stream restarted via set_stream_sources
2026-05-20 17:57:24,656 | INFO | VCPlatform | [6451644278] Stream restarted via set_stream_sources
2026-05-20 17:58:55,571 | INFO | VCPlatform | [7535601861_2] Stream restarted via set_stream_sources
2026-05-20 18:00:44,368 | INFO | VCPlatform | [6444599625_4] Stream restarted via set_stream_sources
2026-05-20 18:01:54,194 | INFO | VCPlatform | [6444599625] Stream restarted via set_stream_sources
2026-05-20 18:01:54,737 | INFO | VCPlatform | [6444599625_2] Stream restarted via set_stream_sources
2026-05-20 18:01:59,892 | INFO | VCPlatform | [6444599625_3] Stream restarted via set_stream_sources
2026-05-20 18:03:45,463 | INFO | VCPlatform | [8015937475] Stream restarted via set_stream_sources
2026-05-20 18:05:14,676 | INFO | VCPlatform | [7535601861_2] Stream restarted via set_stream_sources
2026-05-20 18:08:02,474 | INFO | VCPlatform | [6444599625_4] Stream restarted via set_stream_sources
2026-05-20 18:08:42,758 | INFO | VCPlatform | [6451644278] Stream restarted via set_stream_sources
2026-05-20 18:09:12,297 | INFO | VCPlatform | [6444599625] Stream restarted via set_stream_sources
2026-05-20 18:09:12,840 | INFO | VCPlatform | [6444599625_2] Stream restarted via set_stream_sources
2026-05-20 18:09:17,998 | INFO | VCPlatform | [6444599625_3] Stream restarted via set_stream_sources
2026-05-20 18:10:08,564 | INFO | VCPlatform | [8015937475] Stream restarted via set_stream_sources
2026-05-20 18:11:33,778 | INFO | VCPlatform | [7535601861_2] Stream restarted via set_stream_sources
2026-05-20 18:15:20,577 | INFO | VCPlatform | [6444599625_4] Stream restarted via set_stream_sources
2026-05-20 18:16:30,402 | INFO | VCPlatform | [6444599625] Stream restarted via set_stream_sources
2026-05-20 18:16:30,941 | INFO | VCPlatform | [6444599625_2] Stream restarted via set_stream_sources
2026-05-20 18:16:31,670 | INFO | VCPlatform | [8015937475] Stream restarted via set_stream_sources
2026-05-20 18:16:36,099 | INFO | VCPlatform | [6444599625_3] Stream restarted via set_stream_sources
2026-05-20 18:17:52,881 | INFO | VCPlatform | [7535601861_2] Stream restarted via set_stream_sources
2026-05-20 18:20:00,863 | INFO | VCPlatform | [6451644278] Stream restarted via set_stream_sources
2026-05-20 18:22:38,686 | INFO | VCPlatform | [6444599625_4] Stream restarted via set_stream_sources
2026-05-20 18:22:54,778 | INFO | VCPlatform | [8015937475] Stream restarted via set_stream_sources
2026-05-20 18:23:48,505 | INFO | VCPlatform | [6444599625] Stream restarted via set_stream_sources
2026-05-20 18:23:49,047 | INFO | VCPlatform | [6444599625_2] Stream restarted via set_stream_sources
2026-05-20 18:23:54,201 | INFO | VCPlatform | [6444599625_3] Stream restarted via set_stream_sources
2026-05-20 18:24:11,987 | INFO | VCPlatform | [7535601861_2] Stream restarted via set_stream_sources
2026-05-20 18:29:17,882 | INFO | VCPlatform | [8015937475] Stream restarted via set_stream_sources
2026-05-20 18:29:56,787 | INFO | VCPlatform | [6444599625_4] Stream restarted via set_stream_sources
2026-05-20 18:30:31,089 | INFO | VCPlatform | [7535601861_2] Stream restarted via set_stream_sources
2026-05-20 18:31:06,609 | INFO | VCPlatform | [6444599625] Stream restarted via set_stream_sources
2026-05-20 18:31:07,149 | INFO | VCPlatform | [6444599625_2] Stream restarted via set_stream_sources
2026-05-20 18:31:12,306 | INFO | VCPlatform | [6444599625_3] Stream restarted via set_stream_sources
2026-05-20 18:31:18,965 | INFO | VCPlatform | [6451644278] Stream restarted via set_stream_sources
2026-05-20 18:35:40,993 | INFO | VCPlatform | [8015937475] Stream restarted via set_stream_sources
2026-05-20 18:36:50,192 | INFO | VCPlatform | [7535601861_2] Stream restarted via set_stream_sources
2026-05-20 18:37:14,891 | INFO | VCPlatform | [6444599625_4] Stream restarted via set_stream_sources
2026-05-20 18:38:24,713 | INFO | VCPlatform | [6444599625] Stream restarted via set_stream_sources
2026-05-20 18:38:25,252 | INFO | VCPlatform | [6444599625_2] Stream restarted via set_stream_sources
2026-05-20 18:38:28,534 | INFO | VCPlatform | [6444599625] Reminder sent (3 days left)
2026-05-20 18:38:30,408 | INFO | VCPlatform | [6444599625_3] Stream restarted via set_stream_sources
2026-05-20 18:42:04,092 | INFO | VCPlatform | [8015937475] Stream restarted via set_stream_sources
2026-05-20 18:42:37,075 | INFO | VCPlatform | [6451644278] Stream restarted via set_stream_sources
2026-05-20 18:43:09,294 | INFO | VCPlatform | [7535601861_2] Stream restarted via set_stream_sources
2026-05-20 18:44:32,998 | INFO | VCPlatform | [6444599625_4] Stream restarted via set_stream_sources
2026-05-20 18:45:42,816 | INFO | VCPlatform | [6444599625] Stream restarted via set_stream_sources
2026-05-20 18:45:43,354 | INFO | VCPlatform | [6444599625_2] Stream restarted via set_stream_sources
2026-05-20 18:45:48,509 | INFO | VCPlatform | [6444599625_3] Stream restarted via set_stream_sources
2026-05-20 18:48:27,195 | INFO | VCPlatform | [8015937475] Stream restarted via set_stream_sources
2026-05-20 18:49:28,397 | INFO | VCPlatform | [7535601861_2] Stream restarted via set_stream_sources
2026-05-20 18:51:51,101 | INFO | VCPlatform | [6444599625_4] Stream restarted via set_stream_sources
2026-05-20 18:53:00,922 | INFO | VCPlatform | [6444599625] Stream restarted via set_stream_sources
2026-05-20 18:53:01,461 | INFO | VCPlatform | [6444599625_2] Stream restarted via set_stream_sources
2026-05-20 18:53:06,611 | INFO | VCPlatform | [6444599625_3] Stream restarted via set_stream_sources
2026-05-20 18:53:55,173 | INFO | VCPlatform | [6451644278] Stream restarted via set_stream_sources
2026-05-20 18:54:50,300 | INFO | VCPlatform | [8015937475] Stream restarted via set_stream_sources
2026-05-20 18:55:47,501 | INFO | VCPlatform | [7535601861_2] Stream restarted via set_stream_sources
2026-05-20 18:59:09,209 | INFO | VCPlatform | [6444599625_4] Stream restarted via set_stream_sources
2026-05-20 19:00:19,033 | INFO | VCPlatform | [6444599625] Stream restarted via set_stream_sources
2026-05-20 19:00:19,566 | INFO | VCPlatform | [6444599625_2] Stream restarted via set_stream_sources
2026-05-20 19:00:24,717 | INFO | VCPlatform | [6444599625_3] Stream restarted via set_stream_sources
2026-05-20 19:01:13,403 | INFO | VCPlatform | [8015937475] Stream restarted via set_stream_sources
2026-05-20 19:02:06,604 | INFO | VCPlatform | [7535601861_2] Stream restarted via set_stream_sources
2026-05-20 19:05:13,276 | INFO | VCPlatform | [6451644278] Stream restarted via set_stream_sources
2026-05-20 19:06:27,313 | INFO | VCPlatform | [6444599625_4] Stream restarted via set_stream_sources
2026-05-20 19:07:36,506 | INFO | VCPlatform | [8015937475] Stream restarted via set_stream_sources
2026-05-20 19:07:37,132 | INFO | VCPlatform | [6444599625] Stream restarted via set_stream_sources
2026-05-20 19:07:37,669 | INFO | VCPlatform | [6444599625_2] Stream restarted via set_stream_sources
2026-05-20 19:07:42,817 | INFO | VCPlatform | [6444599625_3] Stream restarted via set_stream_sources
2026-05-20 19:08:25,707 | INFO | VCPlatform | [7535601861_2] Stream restarted via set_stream_sources
2026-05-20 19:13:45,414 | INFO | VCPlatform | [6444599625_4] Stream restarted via set_stream_sources
2026-05-20 19:13:59,608 | INFO | VCPlatform | [8015937475] Stream restarted via set_stream_sources
2026-05-20 19:14:44,810 | INFO | VCPlatform | [7535601861_2] Stream restarted via set_stream_sources
2026-05-20 19:14:55,235 | INFO | VCPlatform | [6444599625] Stream restarted via set_stream_sources
2026-05-20 19:14:55,771 | INFO | VCPlatform | [6444599625_2] Stream restarted via set_stream_sources
2026-05-20 19:15:00,924 | INFO | VCPlatform | [6444599625_3] Stream restarted via set_stream_sources
2026-05-20 19:16:31,381 | INFO | VCPlatform | [6451644278] Stream restarted via set_stream_sources
2026-05-20 19:20:22,711 | INFO | VCPlatform | [8015937475] Stream restarted via set_stream_sources
2026-05-20 19:21:03,519 | INFO | VCPlatform | [6444599625_4] Stream restarted via set_stream_sources
2026-05-20 19:21:03,915 | INFO | VCPlatform | [7535601861_2] Stream restarted via set_stream_sources
2026-05-20 19:22:13,339 | INFO | VCPlatform | [6444599625] Stream restarted via set_stream_sources
2026-05-20 19:22:13,885 | INFO | VCPlatform | [6444599625_2] Stream restarted via set_stream_sources
2026-05-20 19:22:19,046 | INFO | VCPlatform | [6444599625_3] Stream restarted via set_stream_sources
2026-05-20 19:26:45,813 | INFO | VCPlatform | [8015937475] Stream restarted via set_stream_sources
2026-05-20 19:27:23,029 | INFO | VCPlatform | [7535601861_2] Stream restarted via set_stream_sources
2026-05-20 19:27:49,484 | INFO | VCPlatform | [6451644278] Stream restarted via set_stream_sources
2026-05-20 19:28:21,630 | INFO | VCPlatform | [6444599625_4] Stream restarted via set_stream_sources
2026-05-20 19:29:31,442 | INFO | VCPlatform | [6444599625] Stream restarted via set_stream_sources
2026-05-20 19:29:31,987 | INFO | VCPlatform | [6444599625_2] Stream restarted via set_stream_sources
2026-05-20 19:29:37,148 | INFO | VCPlatform | [6444599625_3] Stream restarted via set_stream_sources
2026-05-20 19:33:08,921 | INFO | VCPlatform | [8015937475] Stream restarted via set_stream_sources
2026-05-20 19:33:42,128 | INFO | VCPlatform | [7535601861_2] Stream restarted via set_stream_sources
2026-05-20 19:35:39,732 | INFO | VCPlatform | [6444599625_4] Stream restarted via set_stream_sources
2026-05-20 19:36:49,546 | INFO | VCPlatform | [6444599625] Stream restarted via set_stream_sources
2026-05-20 19:36:50,089 | INFO | VCPlatform | [6444599625_2] Stream restarted via set_stream_sources
2026-05-20 19:36:55,252 | INFO | VCPlatform | [6444599625_3] Stream restarted via set_stream_sources
2026-05-20 19:39:07,586 | INFO | VCPlatform | [6451644278] Stream restarted via set_stream_sources
2026-05-20 19:39:32,020 | INFO | VCPlatform | [8015937475] Stream restarted via set_stream_sources
2026-05-20 19:40:01,245 | INFO | VCPlatform | [7535601861_2] Stream restarted via set_stream_sources
2026-05-20 19:42:57,836 | INFO | VCPlatform | [6444599625_4] Stream restarted via set_stream_sources
2026-05-20 19:44:07,656 | INFO | VCPlatform | [6444599625] Stream restarted via set_stream_sources
2026-05-20 19:44:08,203 | INFO | VCPlatform | [6444599625_2] Stream restarted via set_stream_sources
2026-05-20 19:44:13,354 | INFO | VCPlatform | [6444599625_3] Stream restarted via set_stream_sources
2026-05-20 19:45:55,123 | INFO | VCPlatform | [8015937475] Stream restarted via set_stream_sources
2026-05-20 19:46:20,348 | INFO | VCPlatform | [7535601861_2] Stream restarted via set_stream_sources
2026-05-20 19:50:15,941 | INFO | VCPlatform | [6444599625_4] Stream restarted via set_stream_sources
2026-05-20 19:50:25,690 | INFO | VCPlatform | [6451644278] Stream restarted via set_stream_sources
2026-05-20 19:51:25,756 | INFO | VCPlatform | [6444599625] Stream restarted via set_stream_sources
2026-05-20 19:51:26,306 | INFO | VCPlatform | [6444599625_2] Stream restarted via set_stream_sources
2026-05-20 19:51:31,456 | INFO | VCPlatform | [6444599625_3] Stream restarted via set_stream_sources
2026-05-20 19:52:18,225 | INFO | VCPlatform | [8015937475] Stream restarted via set_stream_sources
2026-05-20 19:52:39,452 | INFO | VCPlatform | [7535601861_2] Stream restarted via set_stream_sources
2026-05-20 19:57:34,044 | INFO | VCPlatform | [6444599625_4] Stream restarted via set_stream_sources
2026-05-20 19:58:41,328 | INFO | VCPlatform | [8015937475] Stream restarted via set_stream_sources
2026-05-20 19:58:43,859 | INFO | VCPlatform | [6444599625] Stream restarted via set_stream_sources
2026-05-20 19:58:44,412 | INFO | VCPlatform | [6444599625_2] Stream restarted via set_stream_sources
2026-05-20 19:58:49,562 | INFO | VCPlatform | [6444599625_3] Stream restarted via set_stream_sources
2026-05-20 19:58:58,552 | INFO | VCPlatform | [7535601861_2] Stream restarted via set_stream_sources
2026-05-20 20:01:43,796 | INFO | VCPlatform | [6451644278] Stream restarted via set_stream_sources
2026-05-20 20:02:21,508 | INFO | VCPlatform | [6444599625] Reminder sent (3 days left)
2026-05-20 20:04:52,150 | INFO | VCPlatform | [6444599625_4] Stream restarted via set_stream_sources
2026-05-20 20:05:04,431 | INFO | VCPlatform | [8015937475] Stream restarted via set_stream_sources
2026-05-20 20:05:17,658 | INFO | VCPlatform | [7535601861_2] Stream restarted via set_stream_sources
2026-05-20 20:06:02,046 | INFO | VCPlatform | [6444599625] Stream restarted via set_stream_sources
2026-05-20 20:06:02,534 | INFO | VCPlatform | [6444599625_2] Stream restarted via set_stream_sources
2026-05-20 20:06:07,664 | INFO | VCPlatform | [6444599625_3] Stream restarted via set_stream_sources
2026-05-20 20:11:27,536 | INFO | VCPlatform | [8015937475] Stream restarted via set_stream_sources
2026-05-20 20:11:36,760 | INFO | VCPlatform | [7535601861_2] Stream restarted via set_stream_sources
2026-05-20 20:12:10,251 | INFO | VCPlatform | [6444599625_4] Stream restarted via set_stream_sources
2026-05-20 20:13:01,905 | INFO | VCPlatform | [6451644278] Stream restarted via set_stream_sources
2026-05-20 20:13:20,150 | INFO | VCPlatform | [6444599625] Stream restarted via set_stream_sources
2026-05-20 20:13:20,624 | INFO | VCPlatform | [6444599625_2] Stream restarted via set_stream_sources
2026-05-20 20:13:25,765 | INFO | VCPlatform | [6444599625_3] Stream restarted via set_stream_sources
2026-05-20 20:17:50,638 | INFO | VCPlatform | [8015937475] Stream restarted via set_stream_sources
2026-05-20 20:17:55,862 | INFO | VCPlatform | [7535601861_2] Stream restarted via set_stream_sources
2026-05-20 20:19:28,359 | INFO | VCPlatform | [6444599625_4] Stream restarted via set_stream_sources
2026-05-20 20:20:38,255 | INFO | VCPlatform | [6444599625] Stream restarted via set_stream_sources
2026-05-20 20:20:38,727 | INFO | VCPlatform | [6444599625_2] Stream restarted via set_stream_sources
2026-05-20 20:20:43,869 | INFO | VCPlatform | [6444599625_3] Stream restarted via set_stream_sources
2026-05-20 20:24:13,741 | INFO | VCPlatform | [8015937475] Stream restarted via set_stream_sources
2026-05-20 20:24:14,966 | INFO | VCPlatform | [7535601861_2] Stream restarted via set_stream_sources
2026-05-20 20:24:20,006 | INFO | VCPlatform | [6451644278] Stream restarted via set_stream_sources
2026-05-20 20:26:46,465 | INFO | VCPlatform | [6444599625_4] Stream restarted via set_stream_sources
2026-05-20 20:27:56,361 | INFO | VCPlatform | [6444599625] Stream restarted via set_stream_sources
2026-05-20 20:27:56,830 | INFO | VCPlatform | [6444599625_2] Stream restarted via set_stream_sources
2026-05-20 20:28:01,976 | INFO | VCPlatform | [6444599625_3] Stream restarted via set_stream_sources
2026-05-20 20:30:34,086 | INFO | VCPlatform | [7535601861_2] Stream restarted via set_stream_sources
2026-05-20 20:30:36,852 | INFO | VCPlatform | [8015937475] Stream restarted via set_stream_sources
2026-05-20 20:34:04,568 | INFO | VCPlatform | [6444599625_4] Stream restarted via set_stream_sources
2026-05-20 20:35:14,463 | INFO | VCPlatform | [6444599625] Stream restarted via set_stream_sources
2026-05-20 20:35:14,933 | INFO | VCPlatform | [6444599625_2] Stream restarted via set_stream_sources
2026-05-20 20:35:20,077 | INFO | VCPlatform | [6444599625_3] Stream restarted via set_stream_sources
2026-05-20 20:35:38,108 | INFO | VCPlatform | [6451644278] Stream restarted via set_stream_sources
2026-05-20 20:36:53,190 | INFO | VCPlatform | [7535601861_2] Stream restarted via set_stream_sources
2026-05-20 20:36:59,962 | INFO | VCPlatform | [8015937475] Stream restarted via set_stream_sources
2026-05-20 20:41:22,670 | INFO | VCPlatform | [6444599625_4] Stream restarted via set_stream_sources
2026-05-20 20:42:32,565 | INFO | VCPlatform | [6444599625] Stream restarted via set_stream_sources
2026-05-20 20:42:33,036 | INFO | VCPlatform | [6444599625_2] Stream restarted via set_stream_sources
2026-05-20 20:42:38,178 | INFO | VCPlatform | [6444599625_3] Stream restarted via set_stream_sources
2026-05-20 20:43:12,293 | INFO | VCPlatform | [7535601861_2] Stream restarted via set_stream_sources
2026-05-20 20:43:23,067 | INFO | VCPlatform | [8015937475] Stream restarted via set_stream_sources
2026-05-20 20:46:56,212 | INFO | VCPlatform | [6451644278] Stream restarted via set_stream_sources
2026-05-20 20:48:40,778 | INFO | VCPlatform | [6444599625_4] Stream restarted via set_stream_sources
2026-05-20 20:49:31,395 | INFO | VCPlatform | [7535601861_2] Stream restarted via set_stream_sources
2026-05-20 20:49:46,169 | INFO | VCPlatform | [8015937475] Stream restarted via set_stream_sources
2026-05-20 20:49:50,668 | INFO | VCPlatform | [6444599625] Stream restarted via set_stream_sources
2026-05-20 20:49:51,137 | INFO | VCPlatform | [6444599625_2] Stream restarted via set_stream_sources
2026-05-20 20:49:56,281 | INFO | VCPlatform | [6444599625_3] Stream restarted via set_stream_sources
2026-05-20 20:55:50,501 | INFO | VCPlatform | [7535601861_2] Stream restarted via set_stream_sources
2026-05-20 20:55:58,883 | INFO | VCPlatform | [6444599625_4] Stream restarted via set_stream_sources
2026-05-20 20:56:09,275 | INFO | VCPlatform | [8015937475] Stream restarted via set_stream_sources
2026-05-20 20:57:08,777 | INFO | VCPlatform | [6444599625] Stream restarted via set_stream_sources
2026-05-20 20:57:09,240 | INFO | VCPlatform | [6444599625_2] Stream restarted via set_stream_sources
2026-05-20 20:57:14,382 | INFO | VCPlatform | [6444599625_3] Stream restarted via set_stream_sources
2026-05-20 20:58:14,317 | INFO | VCPlatform | [6451644278] Stream restarted via set_stream_sources
2026-05-20 21:02:09,607 | INFO | VCPlatform | [7535601861_2] Stream restarted via set_stream_sources
2026-05-20 21:02:32,374 | INFO | VCPlatform | [8015937475] Stream restarted via set_stream_sources
2026-05-20 21:03:16,988 | INFO | VCPlatform | [6444599625_4] Stream restarted via set_stream_sources
2026-05-20 21:04:26,879 | INFO | VCPlatform | [6444599625] Stream restarted via set_stream_sources
2026-05-20 21:04:27,351 | INFO | VCPlatform | [6444599625_2] Stream restarted via set_stream_sources
2026-05-20 21:04:32,484 | INFO | VCPlatform | [6444599625_3] Stream restarted via set_stream_sources
2026-05-20 21:08:28,709 | INFO | VCPlatform | [7535601861_2] Stream restarted via set_stream_sources
2026-05-20 21:08:55,481 | INFO | VCPlatform | [8015937475] Stream restarted via set_stream_sources
2026-05-20 21:09:32,418 | INFO | VCPlatform | [6451644278] Stream restarted via set_stream_sources
2026-05-20 21:10:35,093 | INFO | VCPlatform | [6444599625_4] Stream restarted via set_stream_sources
2026-05-20 21:11:44,984 | INFO | VCPlatform | [6444599625] Stream restarted via set_stream_sources
2026-05-20 21:11:45,452 | INFO | VCPlatform | [6444599625_2] Stream restarted via set_stream_sources
2026-05-20 21:11:50,587 | INFO | VCPlatform | [6444599625_3] Stream restarted via set_stream_sources
2026-05-20 21:14:47,817 | INFO | VCPlatform | [7535601861_2] Stream restarted via set_stream_sources
2026-05-20 21:15:18,582 | INFO | VCPlatform | [8015937475] Stream restarted via set_stream_sources
2026-05-20 21:17:53,206 | INFO | VCPlatform | [6444599625_4] Stream restarted via set_stream_sources
2026-05-20 21:19:03,091 | INFO | VCPlatform | [6444599625] Stream restarted via set_stream_sources
2026-05-20 21:19:03,555 | INFO | VCPlatform | [6444599625_2] Stream restarted via set_stream_sources
2026-05-20 21:19:08,691 | INFO | VCPlatform | [6444599625_3] Stream restarted via set_stream_sources
2026-05-20 21:20:50,524 | INFO | VCPlatform | [6451644278] Stream restarted via set_stream_sources
2026-05-20 21:21:06,918 | INFO | VCPlatform | [7535601861_2] Stream restarted via set_stream_sources
2026-05-20 21:21:41,691 | INFO | VCPlatform | [8015937475] Stream restarted via set_stream_sources
2026-05-20 21:25:11,314 | INFO | VCPlatform | [6444599625_4] Stream restarted via set_stream_sources
2026-05-20 21:26:21,189 | INFO | VCPlatform | [6444599625] Stream restarted via set_stream_sources
2026-05-20 21:26:21,657 | INFO | VCPlatform | [6444599625_2] Stream restarted via set_stream_sources
2026-05-20 21:26:26,796 | INFO | VCPlatform | [6444599625_3] Stream restarted via set_stream_sources
2026-05-20 21:27:26,023 | INFO | VCPlatform | [7535601861_2] Stream restarted via set_stream_sources
2026-05-20 21:28:04,787 | INFO | VCPlatform | [8015937475] Stream restarted via set_stream_sources
2026-05-20 21:32:08,632 | INFO | VCPlatform | [6451644278] Stream restarted via set_stream_sources
2026-05-20 21:32:29,414 | INFO | VCPlatform | [6444599625_4] Stream restarted via set_stream_sources
2026-05-20 21:33:39,296 | INFO | VCPlatform | [6444599625] Stream restarted via set_stream_sources
2026-05-20 21:33:39,761 | INFO | VCPlatform | [6444599625_2] Stream restarted via set_stream_sources
2026-05-20 21:33:44,897 | INFO | VCPlatform | [6444599625_3] Stream restarted via set_stream_sources
2026-05-20 21:33:45,126 | INFO | VCPlatform | [7535601861_2] Stream restarted via set_stream_sources
2026-05-20 21:34:27,893 | INFO | VCPlatform | [8015937475] Stream restarted via set_stream_sources
2026-05-20 21:39:47,521 | INFO | VCPlatform | [6444599625_4] Stream restarted via set_stream_sources
2026-05-20 21:40:04,229 | INFO | VCPlatform | [7535601861_2] Stream restarted via set_stream_sources
2026-05-20 21:40:50,995 | INFO | VCPlatform | [8015937475] Stream restarted via set_stream_sources
2026-05-20 21:40:57,401 | INFO | VCPlatform | [6444599625] Stream restarted via set_stream_sources
2026-05-20 21:40:57,863 | INFO | VCPlatform | [6444599625_2] Stream restarted via set_stream_sources
2026-05-20 21:41:03,030 | INFO | VCPlatform | [6444599625_3] Stream restarted via set_stream_sources
2026-05-20 21:43:26,733 | INFO | VCPlatform | [6451644278] Stream restarted via set_stream_sources
2026-05-20 21:46:23,332 | INFO | VCPlatform | [7535601861_2] Stream restarted via set_stream_sources
2026-05-20 21:47:05,635 | INFO | VCPlatform | [6444599625_4] Stream restarted via set_stream_sources
2026-05-20 21:47:14,097 | INFO | VCPlatform | [8015937475] Stream restarted via set_stream_sources
2026-05-20 21:48:15,505 | INFO | VCPlatform | [6444599625] Stream restarted via set_stream_sources
2026-05-20 21:48:15,965 | INFO | VCPlatform | [6444599625_2] Stream restarted via set_stream_sources
2026-05-20 21:48:21,134 | INFO | VCPlatform | [6444599625_3] Stream restarted via set_stream_sources
2026-05-20 21:52:42,435 | INFO | VCPlatform | [7535601861_2] Stream restarted via set_stream_sources
2026-05-20 21:53:37,199 | INFO | VCPlatform | [8015937475] Stream restarted via set_stream_sources
2026-05-20 21:54:23,736 | INFO | VCPlatform | [6444599625_4] Stream restarted via set_stream_sources
2026-05-20 21:54:44,835 | INFO | VCPlatform | [6451644278] Stream restarted via set_stream_sources
2026-05-20 21:55:33,611 | INFO | VCPlatform | [6444599625] Stream restarted via set_stream_sources
2026-05-20 21:55:34,067 | INFO | VCPlatform | [6444599625_2] Stream restarted via set_stream_sources
2026-05-20 21:55:39,237 | INFO | VCPlatform | [6444599625_3] Stream restarted via set_stream_sources
2026-05-20 21:59:01,539 | INFO | VCPlatform | [7535601861_2] Stream restarted via set_stream_sources
2026-05-20 22:00:00,315 | INFO | VCPlatform | [8015937475] Stream restarted via set_stream_sources
2026-05-20 22:01:41,840 | INFO | VCPlatform | [6444599625_4] Stream restarted via set_stream_sources
2026-05-20 22:02:51,714 | INFO | VCPlatform | [6444599625] Stream restarted via set_stream_sources
2026-05-20 22:02:52,170 | INFO | VCPlatform | [6444599625_2] Stream restarted via set_stream_sources
2026-05-20 22:02:57,337 | INFO | VCPlatform | [6444599625_3] Stream restarted via set_stream_sources
2026-05-20 22:05:20,643 | INFO | VCPlatform | [7535601861_2] Stream restarted via set_stream_sources
2026-05-20 22:06:02,938 | INFO | VCPlatform | [6451644278] Stream restarted via set_stream_sources
2026-05-20 22:06:23,418 | INFO | VCPlatform | [8015937475] Stream restarted via set_stream_sources
2026-05-20 22:08:59,945 | INFO | VCPlatform | [6444599625_4] Stream restarted via set_stream_sources
2026-05-20 22:10:09,819 | INFO | VCPlatform | [6444599625] Stream restarted via set_stream_sources
2026-05-20 22:10:10,272 | INFO | VCPlatform | [6444599625_2] Stream restarted via set_stream_sources
2026-05-20 22:10:15,440 | INFO | VCPlatform | [6444599625_3] Stream restarted via set_stream_sources
2026-05-20 22:11:39,745 | INFO | VCPlatform | [7535601861_2] Stream restarted via set_stream_sources
2026-05-20 22:12:46,520 | INFO | VCPlatform | [8015937475] Stream restarted via set_stream_sources
2026-05-20 22:16:18,050 | INFO | VCPlatform | [6444599625_4] Stream restarted via set_stream_sources
2026-05-20 22:17:21,043 | INFO | VCPlatform | [6451644278] Stream restarted via set_stream_sources
2026-05-20 22:17:27,921 | INFO | VCPlatform | [6444599625] Stream restarted via set_stream_sources
2026-05-20 22:17:28,377 | INFO | VCPlatform | [6444599625_2] Stream restarted via set_stream_sources
2026-05-20 22:17:33,541 | INFO | VCPlatform | [6444599625_3] Stream restarted via set_stream_sources
2026-05-20 22:17:58,847 | INFO | VCPlatform | [7535601861_2] Stream restarted via set_stream_sources
2026-05-20 22:19:09,625 | INFO | VCPlatform | [8015937475] Stream restarted via set_stream_sources
2026-05-20 22:23:36,153 | INFO | VCPlatform | [6444599625_4] Stream restarted via set_stream_sources
2026-05-20 22:24:17,950 | INFO | VCPlatform | [7535601861_2] Stream restarted via set_stream_sources
2026-05-20 22:24:46,023 | INFO | VCPlatform | [6444599625] Stream restarted via set_stream_sources
2026-05-20 22:24:46,479 | INFO | VCPlatform | [6444599625_2] Stream restarted via set_stream_sources
2026-05-20 22:24:51,645 | INFO | VCPlatform | [6444599625_3] Stream restarted via set_stream_sources
2026-05-20 22:25:32,729 | INFO | VCPlatform | [8015937475] Stream restarted via set_stream_sources
2026-05-20 22:28:39,146 | INFO | VCPlatform | [6451644278] Stream restarted via set_stream_sources
2026-05-20 22:30:37,055 | INFO | VCPlatform | [7535601861_2] Stream restarted via set_stream_sources
2026-05-20 22:30:54,256 | INFO | VCPlatform | [6444599625_4] Stream restarted via set_stream_sources
2026-05-20 22:31:55,834 | INFO | VCPlatform | [8015937475] Stream restarted via set_stream_sources
2026-05-20 22:32:04,127 | INFO | VCPlatform | [6444599625] Stream restarted via set_stream_sources
2026-05-20 22:32:04,582 | INFO | VCPlatform | [6444599625_2] Stream restarted via set_stream_sources
2026-05-20 22:32:09,747 | INFO | VCPlatform | [6444599625_3] Stream restarted via set_stream_sources
2026-05-20 22:36:56,157 | INFO | VCPlatform | [7535601861_2] Stream restarted via set_stream_sources
2026-05-20 22:38:12,361 | INFO | VCPlatform | [6444599625_4] Stream restarted via set_stream_sources
2026-05-20 22:38:18,935 | INFO | VCPlatform | [8015937475] Stream restarted via set_stream_sources
2026-05-20 22:39:22,227 | INFO | VCPlatform | [6444599625] Stream restarted via set_stream_sources
2026-05-20 22:39:22,683 | INFO | VCPlatform | [6444599625_2] Stream restarted via set_stream_sources
2026-05-20 22:39:27,859 | INFO | VCPlatform | [6444599625_3] Stream restarted via set_stream_sources
2026-05-20 22:39:57,251 | INFO | VCPlatform | [6451644278] Stream restarted via set_stream_sources
2026-05-20 22:43:15,262 | INFO | VCPlatform | [7535601861_2] Stream restarted via set_stream_sources
2026-05-20 22:44:42,038 | INFO | VCPlatform | [8015937475] Stream restarted via set_stream_sources
2026-05-20 22:45:30,463 | INFO | VCPlatform | [6444599625_4] Stream restarted via set_stream_sources
2026-05-20 22:46:40,335 | INFO | VCPlatform | [6444599625] Stream restarted via set_stream_sources
2026-05-20 22:46:40,785 | INFO | VCPlatform | [6444599625_2] Stream restarted via set_stream_sources
2026-05-20 22:46:45,961 | INFO | VCPlatform | [6444599625_3] Stream restarted via set_stream_sources
2026-05-20 22:49:34,366 | INFO | VCPlatform | [7535601861_2] Stream restarted via set_stream_sources
2026-05-20 22:51:05,143 | INFO | VCPlatform | [8015937475] Stream restarted via set_stream_sources
2026-05-20 22:51:15,360 | INFO | VCPlatform | [6451644278] Stream restarted via set_stream_sources
2026-05-20 22:52:48,565 | INFO | VCPlatform | [6444599625_4] Stream restarted via set_stream_sources
2026-05-20 22:53:58,441 | INFO | VCPlatform | [6444599625] Stream restarted via set_stream_sources
2026-05-20 22:53:58,887 | INFO | VCPlatform | [6444599625_2] Stream restarted via set_stream_sources
2026-05-20 22:54:04,063 | INFO | VCPlatform | [6444599625_3] Stream restarted via set_stream_sources
2026-05-20 22:55:53,467 | INFO | VCPlatform | [7535601861_2] Stream restarted via set_stream_sources
2026-05-20 22:57:28,248 | INFO | VCPlatform | [8015937475] Stream restarted via set_stream_sources
2026-05-20 23:00:06,670 | INFO | VCPlatform | [6444599625_4] Stream restarted via set_stream_sources
2026-05-20 23:01:16,543 | INFO | VCPlatform | [6444599625] Stream restarted via set_stream_sources
2026-05-20 23:01:16,989 | INFO | VCPlatform | [6444599625_2] Stream restarted via set_stream_sources
2026-05-20 23:01:22,166 | INFO | VCPlatform | [6444599625_3] Stream restarted via set_stream_sources
2026-05-20 23:02:12,572 | INFO | VCPlatform | [7535601861_2] Stream restarted via set_stream_sources
2026-05-20 23:02:33,455 | INFO | VCPlatform | [6451644278] Stream restarted via set_stream_sources
2026-05-20 23:03:51,350 | INFO | VCPlatform | [8015937475] Stream restarted via set_stream_sources
2026-05-20 23:07:24,774 | INFO | VCPlatform | [6444599625_4] Stream restarted via set_stream_sources
2026-05-20 23:08:31,674 | INFO | VCPlatform | [7535601861_2] Stream restarted via set_stream_sources
2026-05-20 23:08:34,647 | INFO | VCPlatform | [6444599625] Stream restarted via set_stream_sources
2026-05-20 23:08:35,091 | INFO | VCPlatform | [6444599625_2] Stream restarted via set_stream_sources
2026-05-20 23:08:40,268 | INFO | VCPlatform | [6444599625_3] Stream restarted via set_stream_sources
2026-05-20 23:10:14,454 | INFO | VCPlatform | [8015937475] Stream restarted via set_stream_sources
2026-05-20 23:13:51,558 | INFO | VCPlatform | [6451644278] Stream restarted via set_stream_sources
2026-05-20 23:14:42,879 | INFO | VCPlatform | [6444599625_4] Stream restarted via set_stream_sources
2026-05-20 23:14:50,776 | INFO | VCPlatform | [7535601861_2] Stream restarted via set_stream_sources
2026-05-20 23:15:52,749 | INFO | VCPlatform | [6444599625] Stream restarted via set_stream_sources
2026-05-20 23:15:53,193 | INFO | VCPlatform | [6444599625_2] Stream restarted via set_stream_sources
2026-05-20 23:15:58,376 | INFO | VCPlatform | [6444599625_3] Stream restarted via set_stream_sources
2026-05-20 23:16:37,557 | INFO | VCPlatform | [8015937475] Stream restarted via set_stream_sources
2026-05-20 23:21:09,880 | INFO | VCPlatform | [7535601861_2] Stream restarted via set_stream_sources
2026-05-20 23:22:00,981 | INFO | VCPlatform | [6444599625_4] Stream restarted via set_stream_sources
2026-05-20 23:23:00,661 | INFO | VCPlatform | [8015937475] Stream restarted via set_stream_sources
2026-05-20 23:23:10,853 | INFO | VCPlatform | [6444599625] Stream restarted via set_stream_sources
2026-05-20 23:23:11,297 | INFO | VCPlatform | [6444599625_2] Stream restarted via set_stream_sources
2026-05-20 23:23:16,479 | INFO | VCPlatform | [6444599625_3] Stream restarted via set_stream_sources
2026-05-20 23:25:09,664 | INFO | VCPlatform | [6451644278] Stream restarted via set_stream_sources
2026-05-20 23:25:57,000 | INFO | VCPlatform | [6444599625_3] VC ENDED (push update) in https://t.me/+hnGoxIQ1wj83NGVl
2026-05-20 23:27:28,985 | INFO | VCPlatform | [7535601861_2] Stream restarted via set_stream_sources
2026-05-20 23:29:19,085 | INFO | VCPlatform | [6444599625_4] Stream restarted via set_stream_sources
2026-05-20 23:29:23,764 | INFO | VCPlatform | [8015937475] Stream restarted via set_stream_sources
2026-05-20 23:30:28,959 | INFO | VCPlatform | [6444599625] Stream restarted via set_stream_sources
2026-05-20 23:30:29,399 | INFO | VCPlatform | [6444599625_2] Stream restarted via set_stream_sources
2026-05-20 23:33:48,088 | INFO | VCPlatform | [7535601861_2] Stream restarted via set_stream_sources
2026-05-20 23:35:46,868 | INFO | VCPlatform | [8015937475] Stream restarted via set_stream_sources
2026-05-20 23:36:27,767 | INFO | VCPlatform | [6451644278] Stream restarted via set_stream_sources
2026-05-20 23:36:37,188 | INFO | VCPlatform | [6444599625_4] Stream restarted via set_stream_sources
2026-05-20 23:37:47,060 | INFO | VCPlatform | [6444599625] Stream restarted via set_stream_sources
2026-05-20 23:37:47,500 | INFO | VCPlatform | [6444599625_2] Stream restarted via set_stream_sources
2026-05-20 23:40:07,191 | INFO | VCPlatform | [7535601861_2] Stream restarted via set_stream_sources
2026-05-20 23:42:09,970 | INFO | VCPlatform | [8015937475] Stream restarted via set_stream_sources
2026-05-20 23:43:55,291 | INFO | VCPlatform | [6444599625_4] Stream restarted via set_stream_sources
2026-05-20 23:45:05,175 | INFO | VCPlatform | [6444599625] Stream restarted via set_stream_sources
2026-05-20 23:45:05,602 | INFO | VCPlatform | [6444599625_2] Stream restarted via set_stream_sources
2026-05-20 23:46:26,295 | INFO | VCPlatform | [7535601861_2] Stream restarted via set_stream_sources
2026-05-20 23:47:45,869 | INFO | VCPlatform | [6451644278] Stream restarted via set_stream_sources
2026-05-20 23:48:33,075 | INFO | VCPlatform | [8015937475] Stream restarted via set_stream_sources
2026-05-20 23:51:13,395 | INFO | VCPlatform | [6444599625_4] Stream restarted via set_stream_sources
2026-05-20 23:52:23,278 | INFO | VCPlatform | [6444599625] Stream restarted via set_stream_sources
2026-05-20 23:52:23,713 | INFO | VCPlatform | [6444599625_2] Stream restarted via set_stream_sources
2026-05-20 23:52:45,396 | INFO | VCPlatform | [7535601861_2] Stream restarted via set_stream_sources
2026-05-20 23:54:56,176 | INFO | VCPlatform | [8015937475] Stream restarted via set_stream_sources
2026-05-20 23:58:31,497 | INFO | VCPlatform | [6444599625_4] Stream restarted via set_stream_sources
2026-05-20 23:59:03,970 | INFO | VCPlatform | [6451644278] Stream restarted via set_stream_sources
2026-05-20 23:59:04,499 | INFO | VCPlatform | [7535601861_2] Stream restarted via set_stream_sources
2026-05-20 23:59:41,382 | INFO | VCPlatform | [6444599625] Stream restarted via set_stream_sources
2026-05-20 23:59:41,811 | INFO | VCPlatform | [6444599625_2] Stream restarted via set_stream_sources
2026-05-21 00:01:19,279 | INFO | VCPlatform | [8015937475] Stream restarted via set_stream_sources
2026-05-21 00:05:23,603 | INFO | VCPlatform | [7535601861_2] Stream restarted via set_stream_sources
2026-05-21 00:05:49,599 | INFO | VCPlatform | [6444599625_4] Stream restarted via set_stream_sources
2026-05-21 00:06:59,485 | INFO | VCPlatform | [6444599625] Stream restarted via set_stream_sources
2026-05-21 00:06:59,913 | INFO | VCPlatform | [6444599625_2] Stream restarted via set_stream_sources
2026-05-21 00:07:42,383 | INFO | VCPlatform | [8015937475] Stream restarted via set_stream_sources
2026-05-21 00:10:22,075 | INFO | VCPlatform | [6451644278] Stream restarted via set_stream_sources
2026-05-21 00:11:42,705 | INFO | VCPlatform | [7535601861_2] Stream restarted via set_stream_sources
2026-05-21 00:13:07,706 | INFO | VCPlatform | [6444599625_4] Stream restarted via set_stream_sources
2026-05-21 00:14:05,486 | INFO | VCPlatform | [8015937475] Stream restarted via set_stream_sources
2026-05-21 00:14:17,585 | INFO | VCPlatform | [6444599625] Stream restarted via set_stream_sources
2026-05-21 00:14:18,017 | INFO | VCPlatform | [6444599625_2] Stream restarted via set_stream_sources
2026-05-21 00:18:01,810 | INFO | VCPlatform | [7535601861_2] Stream restarted via set_stream_sources
2026-05-21 00:20:25,808 | INFO | VCPlatform | [6444599625_4] Stream restarted via set_stream_sources
2026-05-21 00:20:28,588 | INFO | VCPlatform | [8015937475] Stream restarted via set_stream_sources
2026-05-21 00:21:35,689 | INFO | VCPlatform | [6444599625] Stream restarted via set_stream_sources
2026-05-21 00:21:36,128 | INFO | VCPlatform | [6444599625_2] Stream restarted via set_stream_sources
2026-05-21 00:21:40,176 | INFO | VCPlatform | [6451644278] Stream restarted via set_stream_sources
2026-05-21 00:24:20,914 | INFO | VCPlatform | [7535601861_2] Stream restarted via set_stream_sources
2026-05-21 00:26:51,703 | INFO | VCPlatform | [8015937475] Stream restarted via set_stream_sources
2026-05-21 00:27:43,919 | INFO | VCPlatform | [6444599625_4] Stream restarted via set_stream_sources
2026-05-21 00:28:53,794 | INFO | VCPlatform | [6444599625] Stream restarted via set_stream_sources
2026-05-21 00:28:54,231 | INFO | VCPlatform | [6444599625_2] Stream restarted via set_stream_sources
2026-05-21 00:30:40,017 | INFO | VCPlatform | [7535601861_2] Stream restarted via set_stream_sources
2026-05-21 00:32:58,280 | INFO | VCPlatform | [6451644278] Stream restarted via set_stream_sources
2026-05-21 00:33:14,819 | INFO | VCPlatform | [8015937475] Stream restarted via set_stream_sources
2026-05-21 00:35:02,049 | INFO | VCPlatform | [6444599625_4] Stream restarted via set_stream_sources
2026-05-21 00:36:11,901 | INFO | VCPlatform | [6444599625] Stream restarted via set_stream_sources
2026-05-21 00:36:12,332 | INFO | VCPlatform | [6444599625_2] Stream restarted via set_stream_sources
2026-05-21 00:36:59,122 | INFO | VCPlatform | [7535601861_2] Stream restarted via set_stream_sources
2026-05-21 00:39:37,922 | INFO | VCPlatform | [8015937475] Stream restarted via set_stream_sources
2026-05-21 00:42:20,175 | INFO | VCPlatform | [6444599625_4] Stream restarted via set_stream_sources
2026-05-21 00:43:18,224 | INFO | VCPlatform | [7535601861_2] Stream restarted via set_stream_sources
2026-05-21 00:43:29,998 | INFO | VCPlatform | [6444599625] Stream restarted via set_stream_sources
2026-05-21 00:43:30,434 | INFO | VCPlatform | [6444599625_2] Stream restarted via set_stream_sources
2026-05-21 00:44:16,386 | INFO | VCPlatform | [6451644278] Stream restarted via set_stream_sources
2026-05-21 00:46:01,025 | INFO | VCPlatform | [8015937475] Stream restarted via set_stream_sources
2026-05-21 00:49:37,329 | INFO | VCPlatform | [7535601861_2] Stream restarted via set_stream_sources
2026-05-21 00:49:38,277 | INFO | VCPlatform | [6444599625_4] Stream restarted via set_stream_sources
2026-05-21 00:50:48,101 | INFO | VCPlatform | [6444599625] Stream restarted via set_stream_sources
2026-05-21 00:50:48,536 | INFO | VCPlatform | [6444599625_2] Stream restarted via set_stream_sources
2026-05-21 00:52:24,128 | INFO | VCPlatform | [8015937475] Stream restarted via set_stream_sources
2026-05-21 00:55:34,488 | INFO | VCPlatform | [6451644278] Stream restarted via set_stream_sources
2026-05-21 00:55:56,432 | INFO | VCPlatform | [7535601861_2] Stream restarted via set_stream_sources
2026-05-21 00:56:56,385 | INFO | VCPlatform | [6444599625_4] Stream restarted via set_stream_sources
2026-05-21 00:58:06,205 | INFO | VCPlatform | [6444599625] Stream restarted via set_stream_sources
2026-05-21 00:58:06,637 | INFO | VCPlatform | [6444599625_2] Stream restarted via set_stream_sources
2026-05-21 00:58:47,230 | INFO | VCPlatform | [8015937475] Stream restarted via set_stream_sources
2026-05-21 01:02:15,536 | INFO | VCPlatform | [7535601861_2] Stream restarted via set_stream_sources
2026-05-21 01:04:14,488 | INFO | VCPlatform | [6444599625_4] Stream restarted via set_stream_sources
2026-05-21 01:05:10,337 | INFO | VCPlatform | [8015937475] Stream restarted via set_stream_sources
2026-05-21 01:05:24,305 | INFO | VCPlatform | [6444599625] Stream restarted via set_stream_sources
2026-05-21 01:05:24,745 | INFO | VCPlatform | [6444599625_2] Stream restarted via set_stream_sources
2026-05-21 01:06:52,591 | INFO | VCPlatform | [6451644278] Stream restarted via set_stream_sources
2026-05-21 01:08:34,639 | INFO | VCPlatform | [7535601861_2] Stream restarted via set_stream_sources
2026-05-21 01:11:32,593 | INFO | VCPlatform | [6444599625_4] Stream restarted via set_stream_sources
2026-05-21 01:11:33,437 | INFO | VCPlatform | [8015937475] Stream restarted via set_stream_sources
2026-05-21 01:12:42,407 | INFO | VCPlatform | [6444599625] Stream restarted via set_stream_sources
2026-05-21 01:12:42,847 | INFO | VCPlatform | [6444599625_2] Stream restarted via set_stream_sources
2026-05-21 01:14:53,742 | INFO | VCPlatform | [7535601861_2] Stream restarted via set_stream_sources
2026-05-21 01:17:56,540 | INFO | VCPlatform | [8015937475] Stream restarted via set_stream_sources
2026-05-21 01:18:10,695 | INFO | VCPlatform | [6451644278] Stream restarted via set_stream_sources
2026-05-21 01:18:50,695 | INFO | VCPlatform | [6444599625_4] Stream restarted via set_stream_sources
2026-05-21 01:20:00,542 | INFO | VCPlatform | [6444599625] Stream restarted via set_stream_sources
2026-05-21 01:20:00,949 | INFO | VCPlatform | [6444599625_2] Stream restarted via set_stream_sources
2026-05-21 01:21:12,845 | INFO | VCPlatform | [7535601861_2] Stream restarted via set_stream_sources
2026-05-21 01:24:19,643 | INFO | VCPlatform | [8015937475] Stream restarted via set_stream_sources
2026-05-21 01:26:08,798 | INFO | VCPlatform | [6444599625_4] Stream restarted via set_stream_sources
2026-05-21 01:27:18,631 | INFO | VCPlatform | [6444599625] Stream restarted via set_stream_sources
2026-05-21 01:27:19,052 | INFO | VCPlatform | [6444599625_2] Stream restarted via set_stream_sources
2026-05-21 01:27:31,950 | INFO | VCPlatform | [7535601861_2] Stream restarted via set_stream_sources
2026-05-21 01:29:28,803 | INFO | VCPlatform | [6451644278] Stream restarted via set_stream_sources
2026-05-21 01:30:42,753 | INFO | VCPlatform | [8015937475] Stream restarted via set_stream_sources
2026-05-21 01:33:26,904 | INFO | VCPlatform | [6444599625_4] Stream restarted via set_stream_sources
2026-05-21 01:33:51,057 | INFO | VCPlatform | [7535601861_2] Stream restarted via set_stream_sources
2026-05-21 01:34:36,734 | INFO | VCPlatform | [6444599625] Stream restarted via set_stream_sources
2026-05-21 01:34:37,155 | INFO | VCPlatform | [6444599625_2] Stream restarted via set_stream_sources
2026-05-21 01:37:05,857 | INFO | VCPlatform | [8015937475] Stream restarted via set_stream_sources
2026-05-21 01:40:10,162 | INFO | VCPlatform | [7535601861_2] Stream restarted via set_stream_sources
2026-05-21 01:40:45,007 | INFO | VCPlatform | [6444599625_4] Stream restarted via set_stream_sources
2026-05-21 01:40:46,902 | INFO | VCPlatform | [6451644278] Stream restarted via set_stream_sources
2026-05-21 01:41:54,837 | INFO | VCPlatform | [6444599625] Stream restarted via set_stream_sources
2026-05-21 01:41:55,257 | INFO | VCPlatform | [6444599625_2] Stream restarted via set_stream_sources
2026-05-21 01:43:28,958 | INFO | VCPlatform | [8015937475] Stream restarted via set_stream_sources
2026-05-21 01:46:29,264 | INFO | VCPlatform | [7535601861_2] Stream restarted via set_stream_sources
2026-05-21 01:48:03,110 | INFO | VCPlatform | [6444599625_4] Stream restarted via set_stream_sources
2026-05-21 01:49:12,940 | INFO | VCPlatform | [6444599625] Stream restarted via set_stream_sources
2026-05-21 01:49:13,359 | INFO | VCPlatform | [6444599625_2] Stream restarted via set_stream_sources
2026-05-21 01:49:52,062 | INFO | VCPlatform | [8015937475] Stream restarted via set_stream_sources
2026-05-21 01:52:05,006 | INFO | VCPlatform | [6451644278] Stream restarted via set_stream_sources
2026-05-21 01:52:48,365 | INFO | VCPlatform | [7535601861_2] Stream restarted via set_stream_sources
2026-05-21 01:55:21,219 | INFO | VCPlatform | [6444599625_4] Stream restarted via set_stream_sources
2026-05-21 01:56:15,164 | INFO | VCPlatform | [8015937475] Stream restarted via set_stream_sources
2026-05-21 01:56:31,043 | INFO | VCPlatform | [6444599625] Stream restarted via set_stream_sources
2026-05-21 01:56:31,461 | INFO | VCPlatform | [6444599625_2] Stream restarted via set_stream_sources
2026-05-21 01:59:07,469 | INFO | VCPlatform | [7535601861_2] Stream restarted via set_stream_sources
2026-05-21 02:02:38,267 | INFO | VCPlatform | [8015937475] Stream restarted via set_stream_sources
2026-05-21 02:02:39,318 | INFO | VCPlatform | [6444599625_4] Stream restarted via set_stream_sources
2026-05-21 02:03:23,110 | INFO | VCPlatform | [6451644278] Stream restarted via set_stream_sources
2026-05-21 02:03:49,146 | INFO | VCPlatform | [6444599625] Stream restarted via set_stream_sources
2026-05-21 02:03:49,564 | INFO | VCPlatform | [6444599625_2] Stream restarted via set_stream_sources
2026-05-21 02:05:26,572 | INFO | VCPlatform | [7535601861_2] Stream restarted via set_stream_sources
2026-05-21 02:09:01,377 | INFO | VCPlatform | [8015937475] Stream restarted via set_stream_sources
2026-05-21 02:09:57,424 | INFO | VCPlatform | [6444599625_4] Stream restarted via set_stream_sources
2026-05-21 02:11:07,249 | INFO | VCPlatform | [6444599625] Stream restarted via set_stream_sources
2026-05-21 02:11:07,667 | INFO | VCPlatform | [6444599625_2] Stream restarted via set_stream_sources
2026-05-21 02:11:45,683 | INFO | VCPlatform | [7535601861_2] Stream restarted via set_stream_sources
2026-05-21 02:14:41,222 | INFO | VCPlatform | [6451644278] Stream restarted via set_stream_sources
2026-05-21 02:15:24,479 | INFO | VCPlatform | [8015937475] Stream restarted via set_stream_sources
2026-05-21 02:17:15,532 | INFO | VCPlatform | [6444599625_4] Stream restarted via set_stream_sources
2026-05-21 02:18:04,787 | INFO | VCPlatform | [7535601861_2] Stream restarted via set_stream_sources
2026-05-21 02:18:25,356 | INFO | VCPlatform | [6444599625] Stream restarted via set_stream_sources
2026-05-21 02:18:25,773 | INFO | VCPlatform | [6444599625_2] Stream restarted via set_stream_sources
2026-05-21 02:21:47,582 | INFO | VCPlatform | [8015937475] Stream restarted via set_stream_sources
2026-05-21 02:24:23,895 | INFO | VCPlatform | [7535601861_2] Stream restarted via set_stream_sources
2026-05-21 02:24:33,633 | INFO | VCPlatform | [6444599625_4] Stream restarted via set_stream_sources
2026-05-21 02:25:43,459 | INFO | VCPlatform | [6444599625] Stream restarted via set_stream_sources
2026-05-21 02:25:43,875 | INFO | VCPlatform | [6444599625_2] Stream restarted via set_stream_sources
2026-05-21 02:25:59,324 | INFO | VCPlatform | [6451644278] Stream restarted via set_stream_sources
2026-05-21 02:28:10,685 | INFO | VCPlatform | [8015937475] Stream restarted via set_stream_sources
2026-05-21 02:30:43,002 | INFO | VCPlatform | [7535601861_2] Stream restarted via set_stream_sources
2026-05-21 02:31:51,739 | INFO | VCPlatform | [6444599625_4] Stream restarted via set_stream_sources
2026-05-21 02:33:01,572 | INFO | VCPlatform | [6444599625] Stream restarted via set_stream_sources
2026-05-21 02:33:01,979 | INFO | VCPlatform | [6444599625_2] Stream restarted via set_stream_sources
2026-05-21 02:34:33,788 | INFO | VCPlatform | [8015937475] Stream restarted via set_stream_sources
2026-05-21 02:37:02,126 | INFO | VCPlatform | [7535601861_2] Stream restarted via set_stream_sources
2026-05-21 02:37:17,428 | INFO | VCPlatform | [6451644278] Stream restarted via set_stream_sources
2026-05-21 02:39:09,844 | INFO | VCPlatform | [6444599625_4] Stream restarted via set_stream_sources
2026-05-21 02:40:19,670 | INFO | VCPlatform | [6444599625] Stream restarted via set_stream_sources
2026-05-21 02:40:20,083 | INFO | VCPlatform | [6444599625_2] Stream restarted via set_stream_sources
2026-05-21 02:40:56,889 | INFO | VCPlatform | [8015937475] Stream restarted via set_stream_sources
2026-05-21 02:43:21,245 | INFO | VCPlatform | [7535601861_2] Stream restarted via set_stream_sources
2026-05-21 02:46:27,947 | INFO | VCPlatform | [6444599625_4] Stream restarted via set_stream_sources
2026-05-21 02:47:19,991 | INFO | VCPlatform | [8015937475] Stream restarted via set_stream_sources
2026-05-21 02:47:37,774 | INFO | VCPlatform | [6444599625] Stream restarted via set_stream_sources
2026-05-21 02:47:38,186 | INFO | VCPlatform | [6444599625_2] Stream restarted via set_stream_sources
2026-05-21 02:48:35,531 | INFO | VCPlatform | [6451644278] Stream restarted via set_stream_sources
2026-05-21 02:49:04,491 | INFO | VCPlatform | [6444599625] Reminder sent (3 days left)
2026-05-21 02:49:40,345 | INFO | VCPlatform | [7535601861_2] Stream restarted via set_stream_sources
2026-05-21 02:53:43,094 | INFO | VCPlatform | [8015937475] Stream restarted via set_stream_sources
2026-05-21 02:53:46,055 | INFO | VCPlatform | [6444599625_4] Stream restarted via set_stream_sources
2026-05-21 02:54:55,878 | INFO | VCPlatform | [6444599625] Stream restarted via set_stream_sources
2026-05-21 02:54:56,289 | INFO | VCPlatform | [6444599625_2] Stream restarted via set_stream_sources
2026-05-21 02:55:59,447 | INFO | VCPlatform | [7535601861_2] Stream restarted via set_stream_sources
2026-05-21 02:59:53,636 | INFO | VCPlatform | [6451644278] Stream restarted via set_stream_sources
2026-05-21 03:00:06,198 | INFO | VCPlatform | [8015937475] Stream restarted via set_stream_sources
2026-05-21 03:01:04,155 | INFO | VCPlatform | [6444599625_4] Stream restarted via set_stream_sources
2026-05-21 03:02:13,992 | INFO | VCPlatform | [6444599625] Stream restarted via set_stream_sources
2026-05-21 03:02:14,390 | INFO | VCPlatform | [6444599625_2] Stream restarted via set_stream_sources
2026-05-21 03:02:18,549 | INFO | VCPlatform | [7535601861_2] Stream restarted via set_stream_sources
2026-05-21 03:06:29,301 | INFO | VCPlatform | [8015937475] Stream restarted via set_stream_sources
2026-05-21 03:08:22,260 | INFO | VCPlatform | [6444599625_4] Stream restarted via set_stream_sources
2026-05-21 03:08:37,651 | INFO | VCPlatform | [7535601861_2] Stream restarted via set_stream_sources
2026-05-21 03:09:32,094 | INFO | VCPlatform | [6444599625] Stream restarted via set_stream_sources
2026-05-21 03:09:32,492 | INFO | VCPlatform | [6444599625_2] Stream restarted via set_stream_sources
2026-05-21 03:11:11,740 | INFO | VCPlatform | [6451644278] Stream restarted via set_stream_sources
2026-05-21 03:12:52,404 | INFO | VCPlatform | [8015937475] Stream restarted via set_stream_sources
2026-05-21 03:14:56,758 | INFO | VCPlatform | [7535601861_2] Stream restarted via set_stream_sources
2026-05-21 03:15:40,361 | INFO | VCPlatform | [6444599625_4] Stream restarted via set_stream_sources
2026-05-21 03:16:50,196 | INFO | VCPlatform | [6444599625] Stream restarted via set_stream_sources
2026-05-21 03:16:50,595 | INFO | VCPlatform | [6444599625_2] Stream restarted via set_stream_sources
2026-05-21 03:19:15,507 | INFO | VCPlatform | [8015937475] Stream restarted via set_stream_sources
2026-05-21 03:21:15,859 | INFO | VCPlatform | [7535601861_2] Stream restarted via set_stream_sources
2026-05-21 03:22:29,843 | INFO | VCPlatform | [6451644278] Stream restarted via set_stream_sources
2026-05-21 03:22:58,465 | INFO | VCPlatform | [6444599625_4] Stream restarted via set_stream_sources
2026-05-21 03:24:08,300 | INFO | VCPlatform | [6444599625] Stream restarted via set_stream_sources
2026-05-21 03:24:08,697 | INFO | VCPlatform | [6444599625_2] Stream restarted via set_stream_sources
2026-05-21 03:25:38,619 | INFO | VCPlatform | [8015937475] Stream restarted via set_stream_sources
2026-05-21 03:27:34,962 | INFO | VCPlatform | [7535601861_2] Stream restarted via set_stream_sources
2026-05-21 03:30:16,568 | INFO | VCPlatform | [6444599625_4] Stream restarted via set_stream_sources
2026-05-21 03:31:26,403 | INFO | VCPlatform | [6444599625] Stream restarted via set_stream_sources
2026-05-21 03:31:26,799 | INFO | VCPlatform | [6444599625_2] Stream restarted via set_stream_sources
2026-05-21 03:32:01,795 | INFO | VCPlatform | [8015937475] Stream restarted via set_stream_sources
2026-05-21 03:33:47,946 | INFO | VCPlatform | [6451644278] Stream restarted via set_stream_sources
2026-05-21 03:33:54,077 | INFO | VCPlatform | [7535601861_2] Stream restarted via set_stream_sources
2026-05-21 03:37:34,672 | INFO | VCPlatform | [6444599625_4] Stream restarted via set_stream_sources
2026-05-21 03:38:24,894 | INFO | VCPlatform | [8015937475] Stream restarted via set_stream_sources
2026-05-21 03:38:44,505 | INFO | VCPlatform | [6444599625] Stream restarted via set_stream_sources
2026-05-21 03:38:44,900 | INFO | VCPlatform | [6444599625_2] Stream restarted via set_stream_sources
2026-05-21 03:40:13,181 | INFO | VCPlatform | [7535601861_2] Stream restarted via set_stream_sources
2026-05-21 03:44:47,998 | INFO | VCPlatform | [8015937475] Stream restarted via set_stream_sources
2026-05-21 03:44:52,780 | INFO | VCPlatform | [6444599625_4] Stream restarted via set_stream_sources
2026-05-21 03:45:06,064 | INFO | VCPlatform | [6451644278] Stream restarted via set_stream_sources
2026-05-21 03:46:02,706 | INFO | VCPlatform | [6444599625] Stream restarted via set_stream_sources
2026-05-21 03:46:03,029 | INFO | VCPlatform | [6444599625_2] Stream restarted via set_stream_sources
2026-05-21 03:46:32,283 | INFO | VCPlatform | [7535601861_2] Stream restarted via set_stream_sources
2026-05-21 03:51:11,103 | INFO | VCPlatform | [8015937475] Stream restarted via set_stream_sources
2026-05-21 03:52:10,880 | INFO | VCPlatform | [6444599625_4] Stream restarted via set_stream_sources
2026-05-21 03:52:51,385 | INFO | VCPlatform | [7535601861_2] Stream restarted via set_stream_sources
2026-05-21 03:53:20,812 | INFO | VCPlatform | [6444599625] Stream restarted via set_stream_sources
2026-05-21 03:53:21,132 | INFO | VCPlatform | [6444599625_2] Stream restarted via set_stream_sources
2026-05-21 03:56:24,169 | INFO | VCPlatform | [6451644278] Stream restarted via set_stream_sources
2026-05-21 03:57:34,206 | INFO | VCPlatform | [8015937475] Stream restarted via set_stream_sources
2026-05-21 03:59:10,489 | INFO | VCPlatform | [7535601861_2] Stream restarted via set_stream_sources
2026-05-21 03:59:28,983 | INFO | VCPlatform | [6444599625_4] Stream restarted via set_stream_sources
2026-05-21 04:00:38,919 | INFO | VCPlatform | [6444599625] Stream restarted via set_stream_sources
2026-05-21 04:00:39,234 | INFO | VCPlatform | [6444599625_2] Stream restarted via set_stream_sources
2026-05-21 04:03:57,309 | INFO | VCPlatform | [8015937475] Stream restarted via set_stream_sources
2026-05-21 04:05:29,591 | INFO | VCPlatform | [7535601861_2] Stream restarted via set_stream_sources
2026-05-21 04:06:47,089 | INFO | VCPlatform | [6444599625_4] Stream restarted via set_stream_sources
2026-05-21 04:07:42,271 | INFO | VCPlatform | [6451644278] Stream restarted via set_stream_sources
2026-05-21 04:07:57,022 | INFO | VCPlatform | [6444599625] Stream restarted via set_stream_sources
2026-05-21 04:07:57,337 | INFO | VCPlatform | [6444599625_2] Stream restarted via set_stream_sources
2026-05-21 04:10:20,416 | INFO | VCPlatform | [8015937475] Stream restarted via set_stream_sources
2026-05-21 04:11:48,700 | INFO | VCPlatform | [7535601861_2] Stream restarted via set_stream_sources
2026-05-21 04:14:05,192 | INFO | VCPlatform | [6444599625_4] Stream restarted via set_stream_sources
2026-05-21 04:15:15,127 | INFO | VCPlatform | [6444599625] Stream restarted via set_stream_sources
2026-05-21 04:15:15,442 | INFO | VCPlatform | [6444599625_2] Stream restarted via set_stream_sources
2026-05-21 04:16:43,522 | INFO | VCPlatform | [8015937475] Stream restarted via set_stream_sources
2026-05-21 04:18:07,807 | INFO | VCPlatform | [7535601861_2] Stream restarted via set_stream_sources
2026-05-21 04:19:00,413 | INFO | VCPlatform | [6451644278] Stream restarted via set_stream_sources
2026-05-21 04:21:23,299 | INFO | VCPlatform | [6444599625_4] Stream restarted via set_stream_sources
2026-05-21 04:22:33,233 | INFO | VCPlatform | [6444599625] Stream restarted via set_stream_sources
2026-05-21 04:22:33,545 | INFO | VCPlatform | [6444599625_2] Stream restarted via set_stream_sources
2026-05-21 04:23:06,626 | INFO | VCPlatform | [8015937475] Stream restarted via set_stream_sources
2026-05-21 04:23:43,464 | INFO | VCPlatform | [6444599625] Reminder sent (3 days left)
2026-05-21 04:24:26,922 | INFO | VCPlatform | [7535601861_2] Stream restarted via set_stream_sources
2026-05-21 04:28:41,401 | INFO | VCPlatform | [6444599625_4] Stream restarted via set_stream_sources
2026-05-21 04:29:29,729 | INFO | VCPlatform | [8015937475] Stream restarted via set_stream_sources
2026-05-21 04:29:51,341 | INFO | VCPlatform | [6444599625] Stream restarted via set_stream_sources
2026-05-21 04:29:51,658 | INFO | VCPlatform | [6444599625_2] Stream restarted via set_stream_sources
2026-05-21 04:30:18,526 | INFO | VCPlatform | [6451644278] Stream restarted via set_stream_sources
2026-05-21 04:30:46,022 | INFO | VCPlatform | [7535601861_2] Stream restarted via set_stream_sources
2026-05-21 04:35:52,832 | INFO | VCPlatform | [8015937475] Stream restarted via set_stream_sources
2026-05-21 04:35:59,505 | INFO | VCPlatform | [6444599625_4] Stream restarted via set_stream_sources
2026-05-21 04:37:05,125 | INFO | VCPlatform | [7535601861_2] Stream restarted via set_stream_sources
2026-05-21 04:37:09,442 | INFO | VCPlatform | [6444599625] Stream restarted via set_stream_sources
2026-05-21 04:37:09,759 | INFO | VCPlatform | [6444599625_2] Stream restarted via set_stream_sources
2026-05-21 04:41:36,628 | INFO | VCPlatform | [6451644278] Stream restarted via set_stream_sources
2026-05-21 04:42:15,933 | INFO | VCPlatform | [8015937475] Stream restarted via set_stream_sources
2026-05-21 04:43:17,620 | INFO | VCPlatform | [6444599625_4] Stream restarted via set_stream_sources
2026-05-21 04:43:24,229 | INFO | VCPlatform | [7535601861_2] Stream restarted via set_stream_sources
2026-05-21 04:44:27,542 | INFO | VCPlatform | [6444599625] Stream restarted via set_stream_sources
2026-05-21 04:44:27,863 | INFO | VCPlatform | [6444599625_2] Stream restarted via set_stream_sources
2026-05-21 04:48:39,044 | INFO | VCPlatform | [8015937475] Stream restarted via set_stream_sources
2026-05-21 04:49:43,331 | INFO | VCPlatform | [7535601861_2] Stream restarted via set_stream_sources
2026-05-21 04:50:35,733 | INFO | VCPlatform | [6444599625_4] Stream restarted via set_stream_sources
2026-05-21 04:51:45,646 | INFO | VCPlatform | [6444599625] Stream restarted via set_stream_sources
2026-05-21 04:51:45,964 | INFO | VCPlatform | [6444599625_2] Stream restarted via set_stream_sources
2026-05-21 04:52:54,740 | INFO | VCPlatform | [6451644278] Stream restarted via set_stream_sources
2026-05-21 04:55:02,147 | INFO | VCPlatform | [8015937475] Stream restarted via set_stream_sources
2026-05-21 04:56:02,434 | INFO | VCPlatform | [7535601861_2] Stream restarted via set_stream_sources
2026-05-21 04:57:53,836 | INFO | VCPlatform | [6444599625_4] Stream restarted via set_stream_sources
2026-05-21 04:59:03,748 | INFO | VCPlatform | [6444599625] Stream restarted via set_stream_sources
2026-05-21 04:59:04,066 | INFO | VCPlatform | [6444599625_2] Stream restarted via set_stream_sources
2026-05-21 05:01:25,250 | INFO | VCPlatform | [8015937475] Stream restarted via set_stream_sources
2026-05-21 05:02:21,537 | INFO | VCPlatform | [7535601861_2] Stream restarted via set_stream_sources
2026-05-21 05:04:12,848 | INFO | VCPlatform | [6451644278] Stream restarted via set_stream_sources
2026-05-21 05:05:11,943 | INFO | VCPlatform | [6444599625_4] Stream restarted via set_stream_sources
2026-05-21 05:06:21,850 | INFO | VCPlatform | [6444599625] Stream restarted via set_stream_sources
2026-05-21 05:06:22,173 | INFO | VCPlatform | [6444599625_2] Stream restarted via set_stream_sources
2026-05-21 05:07:48,354 | INFO | VCPlatform | [8015937475] Stream restarted via set_stream_sources
2026-05-21 05:08:40,640 | INFO | VCPlatform | [7535601861_2] Stream restarted via set_stream_sources
2026-05-21 05:12:30,046 | INFO | VCPlatform | [6444599625_4] Stream restarted via set_stream_sources
2026-05-21 05:13:39,956 | INFO | VCPlatform | [6444599625] Stream restarted via set_stream_sources
2026-05-21 05:13:40,279 | INFO | VCPlatform | [6444599625_2] Stream restarted via set_stream_sources
2026-05-21 05:14:11,455 | INFO | VCPlatform | [8015937475] Stream restarted via set_stream_sources
2026-05-21 05:14:59,743 | INFO | VCPlatform | [7535601861_2] Stream restarted via set_stream_sources
2026-05-21 05:15:30,949 | INFO | VCPlatform | [6451644278] Stream restarted via set_stream_sources
2026-05-21 05:19:48,150 | INFO | VCPlatform | [6444599625_4] Stream restarted via set_stream_sources
2026-05-21 05:20:34,560 | INFO | VCPlatform | [8015937475] Stream restarted via set_stream_sources
2026-05-21 05:20:58,060 | INFO | VCPlatform | [6444599625] Stream restarted via set_stream_sources
2026-05-21 05:20:58,380 | INFO | VCPlatform | [6444599625_2] Stream restarted via set_stream_sources
2026-05-21 05:21:18,846 | INFO | VCPlatform | [7535601861_2] Stream restarted via set_stream_sources
2026-05-21 05:26:49,052 | INFO | VCPlatform | [6451644278] Stream restarted via set_stream_sources
2026-05-21 05:26:57,660 | INFO | VCPlatform | [8015937475] Stream restarted via set_stream_sources
2026-05-21 05:27:06,251 | INFO | VCPlatform | [6444599625_4] Stream restarted via set_stream_sources
2026-05-21 05:27:37,948 | INFO | VCPlatform | [7535601861_2] Stream restarted via set_stream_sources
2026-05-21 05:28:16,162 | INFO | VCPlatform | [6444599625] Stream restarted via set_stream_sources
2026-05-21 05:28:16,481 | INFO | VCPlatform | [6444599625_2] Stream restarted via set_stream_sources
2026-05-21 05:33:20,765 | INFO | VCPlatform | [8015937475] Stream restarted via set_stream_sources
2026-05-21 05:33:57,051 | INFO | VCPlatform | [7535601861_2] Stream restarted via set_stream_sources
2026-05-21 05:34:24,353 | INFO | VCPlatform | [6444599625_4] Stream restarted via set_stream_sources
2026-05-21 05:35:34,265 | INFO | VCPlatform | [6444599625] Stream restarted via set_stream_sources
2026-05-21 05:35:34,587 | INFO | VCPlatform | [6444599625_2] Stream restarted via set_stream_sources
2026-05-21 05:38:07,154 | INFO | VCPlatform | [6451644278] Stream restarted via set_stream_sources
2026-05-21 05:39:43,867 | INFO | VCPlatform | [8015937475] Stream restarted via set_stream_sources
2026-05-21 05:40:16,153 | INFO | VCPlatform | [7535601861_2] Stream restarted via set_stream_sources
2026-05-21 05:41:42,456 | INFO | VCPlatform | [6444599625_4] Stream restarted via set_stream_sources
2026-05-21 05:42:52,372 | INFO | VCPlatform | [6444599625] Stream restarted via set_stream_sources
2026-05-21 05:42:52,687 | INFO | VCPlatform | [6444599625_2] Stream restarted via set_stream_sources
2026-05-21 05:46:06,970 | INFO | VCPlatform | [8015937475] Stream restarted via set_stream_sources
2026-05-21 05:46:35,255 | INFO | VCPlatform | [7535601861_2] Stream restarted via set_stream_sources
2026-05-21 05:48:16,486 | INFO | VCPlatform | [6444599625] Reminder sent (3 days left)
2026-05-21 05:49:00,562 | INFO | VCPlatform | [6444599625_4] Stream restarted via set_stream_sources
2026-05-21 05:49:25,259 | INFO | VCPlatform | [6451644278] Stream restarted via set_stream_sources
2026-05-21 05:50:10,506 | INFO | VCPlatform | [6444599625] Stream restarted via set_stream_sources
2026-05-21 05:50:10,789 | INFO | VCPlatform | [6444599625_2] Stream restarted via set_stream_sources
2026-05-21 05:52:30,072 | INFO | VCPlatform | [8015937475] Stream restarted via set_stream_sources
2026-05-21 05:52:54,358 | INFO | VCPlatform | [7535601861_2] Stream restarted via set_stream_sources
2026-05-21 05:56:18,666 | INFO | VCPlatform | [6444599625_4] Stream restarted via set_stream_sources
2026-05-21 05:57:28,610 | INFO | VCPlatform | [6444599625] Stream restarted via set_stream_sources
2026-05-21 05:57:28,891 | INFO | VCPlatform | [6444599625_2] Stream restarted via set_stream_sources
2026-05-21 05:58:53,175 | INFO | VCPlatform | [8015937475] Stream restarted via set_stream_sources
2026-05-21 05:59:13,461 | INFO | VCPlatform | [7535601861_2] Stream restarted via set_stream_sources
2026-05-21 06:00:43,366 | INFO | VCPlatform | [6451644278] Stream restarted via set_stream_sources
2026-05-21 06:03:36,770 | INFO | VCPlatform | [6444599625_4] Stream restarted via set_stream_sources
2026-05-21 06:04:46,713 | INFO | VCPlatform | [6444599625] Stream restarted via set_stream_sources
2026-05-21 06:04:47,000 | INFO | VCPlatform | [6444599625_2] Stream restarted via set_stream_sources
2026-05-21 06:05:16,276 | INFO | VCPlatform | [8015937475] Stream restarted via set_stream_sources
2026-05-21 06:05:32,563 | INFO | VCPlatform | [7535601861_2] Stream restarted via set_stream_sources
2026-05-21 06:10:54,873 | INFO | VCPlatform | [6444599625_4] Stream restarted via set_stream_sources
2026-05-21 06:11:39,380 | INFO | VCPlatform | [8015937475] Stream restarted via set_stream_sources
2026-05-21 06:11:51,669 | INFO | VCPlatform | [7535601861_2] Stream restarted via set_stream_sources
2026-05-21 06:12:01,472 | INFO | VCPlatform | [6451644278] Stream restarted via set_stream_sources
2026-05-21 06:12:04,816 | INFO | VCPlatform | [6444599625] Stream restarted via set_stream_sources
2026-05-21 06:12:05,103 | INFO | VCPlatform | [6444599625_2] Stream restarted via set_stream_sources
2026-05-21 06:18:02,485 | INFO | VCPlatform | [8015937475] Stream restarted via set_stream_sources
2026-05-21 06:18:10,770 | INFO | VCPlatform | [7535601861_2] Stream restarted via set_stream_sources
2026-05-21 06:18:12,976 | INFO | VCPlatform | [6444599625_4] Stream restarted via set_stream_sources
2026-05-21 06:19:22,918 | INFO | VCPlatform | [6444599625] Stream restarted via set_stream_sources
2026-05-21 06:19:23,206 | INFO | VCPlatform | [6444599625_2] Stream restarted via set_stream_sources
2026-05-21 06:23:19,574 | INFO | VCPlatform | [6451644278] Stream restarted via set_stream_sources
2026-05-21 06:24:25,592 | INFO | VCPlatform | [8015937475] Stream restarted via set_stream_sources
2026-05-21 06:24:29,878 | INFO | VCPlatform | [7535601861_2] Stream restarted via set_stream_sources
2026-05-21 06:25:31,081 | INFO | VCPlatform | [6444599625_4] Stream restarted via set_stream_sources
2026-05-21 06:26:41,040 | INFO | VCPlatform | [6444599625] Stream restarted via set_stream_sources
2026-05-21 06:26:41,308 | INFO | VCPlatform | [6444599625_2] Stream restarted via set_stream_sources
2026-05-21 06:30:48,695 | INFO | VCPlatform | [8015937475] Stream restarted via set_stream_sources
2026-05-21 06:30:48,980 | INFO | VCPlatform | [7535601861_2] Stream restarted via set_stream_sources
2026-05-21 06:32:49,185 | INFO | VCPlatform | [6444599625_4] Stream restarted via set_stream_sources
2026-05-21 06:33:59,142 | INFO | VCPlatform | [6444599625] Stream restarted via set_stream_sources
2026-05-21 06:33:59,410 | INFO | VCPlatform | [6444599625_2] Stream restarted via set_stream_sources
2026-05-21 06:34:37,676 | INFO | VCPlatform | [6451644278] Stream restarted via set_stream_sources
2026-05-21 06:37:08,082 | INFO | VCPlatform | [7535601861_2] Stream restarted via set_stream_sources
2026-05-21 06:37:11,796 | INFO | VCPlatform | [8015937475] Stream restarted via set_stream_sources
2026-05-21 06:40:07,290 | INFO | VCPlatform | [6444599625_4] Stream restarted via set_stream_sources
2026-05-21 06:41:17,249 | INFO | VCPlatform | [6444599625] Stream restarted via set_stream_sources
2026-05-21 06:41:17,514 | INFO | VCPlatform | [6444599625_2] Stream restarted via set_stream_sources
2026-05-21 06:43:27,185 | INFO | VCPlatform | [7535601861_2] Stream restarted via set_stream_sources
2026-05-21 06:43:34,900 | INFO | VCPlatform | [8015937475] Stream restarted via set_stream_sources
2026-05-21 06:45:55,780 | INFO | VCPlatform | [6451644278] Stream restarted via set_stream_sources
2026-05-21 06:47:25,395 | INFO | VCPlatform | [6444599625_4] Stream restarted via set_stream_sources
2026-05-21 06:48:35,352 | INFO | VCPlatform | [6444599625] Stream restarted via set_stream_sources
2026-05-21 06:48:35,630 | INFO | VCPlatform | [6444599625_2] Stream restarted via set_stream_sources
2026-05-21 06:49:46,291 | INFO | VCPlatform | [7535601861_2] Stream restarted via set_stream_sources
2026-05-21 06:49:58,007 | INFO | VCPlatform | [8015937475] Stream restarted via set_stream_sources
2026-05-21 06:54:43,496 | INFO | VCPlatform | [6444599625_4] Stream restarted via set_stream_sources
2026-05-21 06:55:53,461 | INFO | VCPlatform | [6444599625] Stream restarted via set_stream_sources
2026-05-21 06:55:53,736 | INFO | VCPlatform | [6444599625_2] Stream restarted via set_stream_sources
2026-05-21 06:56:05,397 | INFO | VCPlatform | [7535601861_2] Stream restarted via set_stream_sources
2026-05-21 06:56:21,107 | INFO | VCPlatform | [8015937475] Stream restarted via set_stream_sources
2026-05-21 06:57:13,885 | INFO | VCPlatform | [6451644278] Stream restarted via set_stream_sources
2026-05-21 07:02:01,608 | INFO | VCPlatform | [6444599625_4] Stream restarted via set_stream_sources
2026-05-21 07:02:24,498 | INFO | VCPlatform | [7535601861_2] Stream restarted via set_stream_sources
2026-05-21 07:02:44,211 | INFO | VCPlatform | [8015937475] Stream restarted via set_stream_sources
2026-05-21 07:03:11,563 | INFO | VCPlatform | [6444599625] Stream restarted via set_stream_sources
2026-05-21 07:03:11,840 | INFO | VCPlatform | [6444599625_2] Stream restarted via set_stream_sources
2026-05-21 07:08:31,997 | INFO | VCPlatform | [6451644278] Stream restarted via set_stream_sources
2026-05-21 07:08:43,605 | INFO | VCPlatform | [7535601861_2] Stream restarted via set_stream_sources
2026-05-21 07:09:07,315 | INFO | VCPlatform | [8015937475] Stream restarted via set_stream_sources
2026-05-21 07:09:19,711 | INFO | VCPlatform | [6444599625_4] Stream restarted via set_stream_sources
2026-05-21 07:10:29,667 | INFO | VCPlatform | [6444599625] Stream restarted via set_stream_sources
2026-05-21 07:10:29,955 | INFO | VCPlatform | [6444599625_2] Stream restarted via set_stream_sources
2026-05-21 07:15:02,738 | INFO | VCPlatform | [7535601861_2] Stream restarted via set_stream_sources
2026-05-21 07:15:30,422 | INFO | VCPlatform | [8015937475] Stream restarted via set_stream_sources
2026-05-21 07:16:37,844 | INFO | VCPlatform | [6444599625_4] Stream restarted via set_stream_sources
2026-05-21 07:17:47,786 | INFO | VCPlatform | [6444599625] Stream restarted via set_stream_sources
2026-05-21 07:17:48,056 | INFO | VCPlatform | [6444599625_2] Stream restarted via set_stream_sources
2026-05-21 07:19:50,097 | INFO | VCPlatform | [6451644278] Stream restarted via set_stream_sources
2026-05-21 07:21:21,839 | INFO | VCPlatform | [7535601861_2] Stream restarted via set_stream_sources
2026-05-21 07:21:53,525 | INFO | VCPlatform | [8015937475] Stream restarted via set_stream_sources
2026-05-21 07:23:55,961 | INFO | VCPlatform | [6444599625_4] Stream restarted via set_stream_sources
2026-05-21 07:25:05,905 | INFO | VCPlatform | [6444599625] Stream restarted via set_stream_sources
2026-05-21 07:25:06,164 | INFO | VCPlatform | [6444599625_2] Stream restarted via set_stream_sources
2026-05-21 07:27:40,943 | INFO | VCPlatform | [7535601861_2] Stream restarted via set_stream_sources
2026-05-21 07:28:16,629 | INFO | VCPlatform | [8015937475] Stream restarted via set_stream_sources
2026-05-21 07:31:08,201 | INFO | VCPlatform | [6451644278] Stream restarted via set_stream_sources
2026-05-21 07:31:14,061 | INFO | VCPlatform | [6444599625_4] Stream restarted via set_stream_sources
2026-05-21 07:32:10,517 | INFO | VCPlatform | [6444599625] Reminder sent (3 days left)
2026-05-21 07:32:24,015 | INFO | VCPlatform | [6444599625] Stream restarted via set_stream_sources
2026-05-21 07:32:24,268 | INFO | VCPlatform | [6444599625_2] Stream restarted via set_stream_sources
2026-05-21 07:34:00,068 | INFO | VCPlatform | [7535601861_2] Stream restarted via set_stream_sources
2026-05-21 07:34:39,733 | INFO | VCPlatform | [8015937475] Stream restarted via set_stream_sources
2026-05-21 07:38:32,165 | INFO | VCPlatform | [6444599625_4] Stream restarted via set_stream_sources
2026-05-21 07:39:42,115 | INFO | VCPlatform | [6444599625] Stream restarted via set_stream_sources
2026-05-21 07:39:42,371 | INFO | VCPlatform | [6444599625_2] Stream restarted via set_stream_sources
2026-05-21 07:40:19,170 | INFO | VCPlatform | [7535601861_2] Stream restarted via set_stream_sources
2026-05-21 07:41:02,840 | INFO | VCPlatform | [8015937475] Stream restarted via set_stream_sources
2026-05-21 07:42:26,315 | INFO | VCPlatform | [6451644278] Stream restarted via set_stream_sources
2026-05-21 07:45:50,269 | INFO | VCPlatform | [6444599625_4] Stream restarted via set_stream_sources
2026-05-21 07:46:38,271 | INFO | VCPlatform | [7535601861_2] Stream restarted via set_stream_sources
2026-05-21 07:47:00,220 | INFO | VCPlatform | [6444599625] Stream restarted via set_stream_sources
2026-05-21 07:47:00,475 | INFO | VCPlatform | [6444599625_2] Stream restarted via set_stream_sources
2026-05-21 07:47:25,944 | INFO | VCPlatform | [8015937475] Stream restarted via set_stream_sources
2026-05-21 07:49:57,818 | WARNING | asyncio | socket.send() raised exception.
2026-05-21 07:50:07,489 | WARNING | asyncio | socket.send() raised exception.
2026-05-21 07:50:07,489 | WARNING | asyncio | socket.send() raised exception.
2026-05-21 07:50:08,549 | WARNING | asyncio | socket.send() raised exception.
2026-05-21 07:50:08,557 | WARNING | asyncio | socket.send() raised exception.
2026-05-21 07:50:08,560 | WARNING | asyncio | socket.send() raised exception.
2026-05-21 07:50:09,384 | WARNING | asyncio | socket.send() raised exception.
2026-05-21 07:50:09,929 | WARNING | asyncio | socket.send() raised exception.
2026-05-21 07:50:09,931 | WARNING | asyncio | socket.send() raised exception.
2026-05-21 07:50:10,416 | WARNING | asyncio | socket.send() raised exception.
2026-05-21 07:50:10,417 | WARNING | asyncio | socket.send() raised exception.
2026-05-21 07:50:10,723 | WARNING | asyncio | socket.send() raised exception.
2026-05-21 07:50:13,210 | WARNING | asyncio | socket.send() raised exception.
2026-05-21 07:50:13,220 | WARNING | asyncio | socket.send() raised exception.
2026-05-21 07:50:13,221 | WARNING | asyncio | socket.send() raised exception.
2026-05-21 07:50:15,043 | WARNING | asyncio | socket.send() raised exception.
2026-05-21 07:50:15,045 | WARNING | asyncio | socket.send() raised exception.
2026-05-21 07:50:15,993 | WARNING | asyncio | socket.send() raised exception.
2026-05-21 07:50:15,994 | WARNING | asyncio | socket.send() raised exception.
2026-05-21 07:50:15,995 | WARNING | asyncio | socket.send() raised exception.
2026-05-21 07:50:17,696 | WARNING | asyncio | socket.send() raised exception.
2026-05-21 07:50:17,698 | WARNING | asyncio | socket.send() raised exception.
2026-05-21 07:50:18,568 | WARNING | asyncio | socket.send() raised exception.
2026-05-21 07:50:18,569 | WARNING | asyncio | socket.send() raised exception.
2026-05-21 07:50:18,569 | WARNING | asyncio | socket.send() raised exception.
2026-05-21 07:50:18,570 | WARNING | asyncio | socket.send() raised exception.
2026-05-21 07:50:19,499 | WARNING | asyncio | socket.send() raised exception.
2026-05-21 07:50:19,500 | WARNING | asyncio | socket.send() raised exception.
2026-05-21 07:50:19,500 | WARNING | asyncio | socket.send() raised exception.
2026-05-21 07:50:19,500 | WARNING | asyncio | socket.send() raised exception.
2026-05-21 07:50:19,500 | WARNING | asyncio | socket.send() raised exception.
2026-05-21 07:50:20,325 | WARNING | asyncio | socket.send() raised exception.
2026-05-21 07:50:20,327 | WARNING | asyncio | socket.send() raised exception.
2026-05-21 07:50:20,338 | WARNING | asyncio | socket.send() raised exception.
2026-05-21 07:50:20,339 | WARNING | asyncio | socket.send() raised exception.
2026-05-21 07:50:20,340 | WARNING | asyncio | socket.send() raised exception.
2026-05-21 07:50:22,537 | WARNING | asyncio | socket.send() raised exception.
2026-05-21 07:50:22,539 | WARNING | asyncio | socket.send() raised exception.
2026-05-21 07:50:22,539 | WARNING | asyncio | socket.send() raised exception.
2026-05-21 07:50:22,540 | WARNING | asyncio | socket.send() raised exception.
2026-05-21 07:50:22,540 | WARNING | asyncio | socket.send() raised exception.
2026-05-21 07:50:22,540 | WARNING | asyncio | socket.send() raised exception.
2026-05-21 07:50:23,186 | WARNING | asyncio | socket.send() raised exception.
2026-05-21 07:50:24,769 | WARNING | asyncio | socket.send() raised exception.
2026-05-21 07:50:24,769 | WARNING | asyncio | socket.send() raised exception.
2026-05-21 07:50:24,773 | WARNING | asyncio | socket.send() raised exception.
2026-05-21 07:50:24,852 | WARNING | asyncio | socket.send() raised exception.
2026-05-21 07:50:24,852 | WARNING | asyncio | socket.send() raised exception.
2026-05-21 07:50:24,852 | WARNING | asyncio | socket.send() raised exception.
2026-05-21 07:50:24,852 | WARNING | asyncio | socket.send() raised exception.
2026-05-21 07:50:28,087 | WARNING | asyncio | socket.send() raised exception.
2026-05-21 07:50:28,093 | WARNING | asyncio | socket.send() raised exception.
2026-05-21 07:50:28,094 | WARNING | asyncio | socket.send() raised exception.
2026-05-21 07:50:28,094 | WARNING | asyncio | socket.send() raised exception.
2026-05-21 07:50:28,095 | WARNING | asyncio | socket.send() raised exception.
2026-05-21 07:50:28,629 | WARNING | asyncio | socket.send() raised exception.
2026-05-21 07:50:28,831 | WARNING | asyncio | socket.send() raised exception.
2026-05-21 07:50:28,832 | WARNING | asyncio | socket.send() raised exception.
2026-05-21 07:50:28,834 | WARNING | asyncio | socket.send() raised exception.
2026-05-21 07:50:28,834 | WARNING | asyncio | socket.send() raised exception.
2026-05-21 07:51:12,395 | WARNING | asyncio | socket.send() raised exception.
2026-05-21 07:51:12,649 | WARNING | asyncio | socket.send() raised exception.
2026-05-21 07:51:13,169 | WARNING | asyncio | socket.send() raised exception.
2026-05-21 07:51:14,032 | WARNING | asyncio | socket.send() raised exception.
2026-05-21 07:51:14,798 | WARNING | asyncio | socket.send() raised exception.
2026-05-21 07:51:15,701 | WARNING | asyncio | socket.send() raised exception.
2026-05-21 07:52:57,384 | INFO | VCPlatform | [7535601861_2] Stream restarted via set_stream_sources
2026-05-21 07:53:08,372 | INFO | VCPlatform | [6444599625_4] Stream restarted via set_stream_sources
2026-05-21 07:53:44,417 | INFO | VCPlatform | [6451644278] Stream restarted via set_stream_sources
2026-05-21 07:53:49,054 | INFO | VCPlatform | [8015937475] Stream restarted via set_stream_sources
2026-05-21 07:54:18,342 | INFO | VCPlatform | [6444599625] Stream restarted via set_stream_sources
2026-05-21 07:54:18,586 | INFO | VCPlatform | [6444599625_2] Stream restarted via set_stream_sources
2026-05-21 07:59:16,538 | INFO | VCPlatform | [7535601861_2] Stream restarted via set_stream_sources
2026-05-21 08:00:12,191 | INFO | VCPlatform | [8015937475] Stream restarted via set_stream_sources
2026-05-21 08:00:26,502 | INFO | VCPlatform | [6444599625_4] Stream restarted via set_stream_sources
2026-05-21 08:01:36,504 | INFO | VCPlatform | [6444599625] Stream restarted via set_stream_sources
2026-05-21 08:01:36,688 | INFO | VCPlatform | [6444599625_2] Stream restarted via set_stream_sources
2026-05-21 08:05:03,409 | INFO | VCPlatform | [6451644278] Stream restarted via set_stream_sources
2026-05-21 08:05:35,641 | INFO | VCPlatform | [7535601861_2] Stream restarted via set_stream_sources
2026-05-21 08:06:35,301 | INFO | VCPlatform | [8015937475] Stream restarted via set_stream_sources
2026-05-21 08:07:44,615 | INFO | VCPlatform | [6444599625_4] Stream restarted via set_stream_sources
2026-05-21 08:08:54,603 | INFO | VCPlatform | [6444599625] Stream restarted via set_stream_sources
2026-05-21 08:08:54,803 | INFO | VCPlatform | [6444599625_2] Stream restarted via set_stream_sources
2026-05-21 08:11:54,754 | INFO | VCPlatform | [7535601861_2] Stream restarted via set_stream_sources
2026-05-21 08:12:58,404 | INFO | VCPlatform | [8015937475] Stream restarted via set_stream_sources
2026-05-21 08:15:02,743 | INFO | VCPlatform | [6444599625_4] Stream restarted via set_stream_sources
2026-05-21 08:16:12,712 | INFO | VCPlatform | [6444599625] Stream restarted via set_stream_sources
2026-05-21 08:16:12,907 | INFO | VCPlatform | [6444599625_2] Stream restarted via set_stream_sources
2026-05-21 08:16:21,464 | INFO | VCPlatform | [6451644278] Stream restarted via set_stream_sources
2026-05-21 08:18:13,857 | INFO | VCPlatform | [7535601861_2] Stream restarted via set_stream_sources
2026-05-21 08:19:21,509 | INFO | VCPlatform | [8015937475] Stream restarted via set_stream_sources
2026-05-21 08:22:20,920 | INFO | VCPlatform | [6444599625_4] Stream restarted via set_stream_sources
2026-05-21 08:23:30,816 | INFO | VCPlatform | [6444599625] Stream restarted via set_stream_sources
2026-05-21 08:23:31,011 | INFO | VCPlatform | [6444599625_2] Stream restarted via set_stream_sources
2026-05-21 08:24:32,971 | INFO | VCPlatform | [7535601861_2] Stream restarted via set_stream_sources
2026-05-21 08:25:44,670 | INFO | VCPlatform | [8015937475] Stream restarted via set_stream_sources
2026-05-21 08:26:43,190 | INFO | VCPlatform | [6444599625_3] VC STARTED (push update) in https://t.me/+hnGoxIQ1wj83NGVl — joining immediately...
2026-05-21 08:26:47,408 | WARNING | pyrogram.session.session | [+16624828164] Waiting for 3 seconds before continuing (required by "phone.JoinGroupCall")
2026-05-21 08:26:51,030 | INFO | VCPlatform | [6444599625_3] NTG: ConnectionState.CONNECTING
2026-05-21 08:26:51,038 | INFO | VCPlatform | [6444599625_3] Joined VC in chat -1002408551846
2026-05-21 08:26:51,038 | INFO | VCPlatform | [6444599625_3] Joined VC via push update in https://t.me/+hnGoxIQ1wj83NGVl
2026-05-21 08:26:51,365 | INFO | VCPlatform | [6444599625_3] NTG: ConnectionState.CONNECTED
2026-05-21 08:27:39,568 | INFO | VCPlatform | [6451644278] Stream restarted via set_stream_sources
2026-05-21 08:27:44,285 | INFO | VCPlatform | [6444599625_3] VC ENDED (push update) in https://t.me/+hnGoxIQ1wj83NGVl
2026-05-21 08:29:38,994 | INFO | VCPlatform | [6444599625_4] Stream restarted via set_stream_sources
2026-05-21 08:30:48,920 | INFO | VCPlatform | [6444599625] Stream restarted via set_stream_sources
2026-05-21 08:30:49,115 | INFO | VCPlatform | [6444599625_2] Stream restarted via set_stream_sources
2026-05-21 08:30:52,109 | INFO | VCPlatform | [7535601861_2] Stream restarted via set_stream_sources
2026-05-21 08:32:07,818 | INFO | VCPlatform | [8015937475] Stream restarted via set_stream_sources
2026-05-21 08:36:57,102 | INFO | VCPlatform | [6444599625_4] Stream restarted via set_stream_sources
2026-05-21 08:37:11,208 | INFO | VCPlatform | [7535601861_2] Stream restarted via set_stream_sources
2026-05-21 08:38:07,024 | INFO | VCPlatform | [6444599625] Stream restarted via set_stream_sources
2026-05-21 08:38:07,217 | INFO | VCPlatform | [6444599625_2] Stream restarted via set_stream_sources
2026-05-21 08:38:30,918 | INFO | VCPlatform | [8015937475] Stream restarted via set_stream_sources
2026-05-21 08:38:57,668 | INFO | VCPlatform | [6451644278] Stream restarted via set_stream_sources
2026-05-21 08:43:30,321 | INFO | VCPlatform | [7535601861_2] Stream restarted via set_stream_sources
2026-05-21 08:44:15,205 | INFO | VCPlatform | [6444599625_4] Stream restarted via set_stream_sources
2026-05-21 08:44:54,034 | INFO | VCPlatform | [8015937475] Stream restarted via set_stream_sources
2026-05-21 08:45:25,130 | INFO | VCPlatform | [6444599625] Stream restarted via set_stream_sources
2026-05-21 08:45:25,320 | INFO | VCPlatform | [6444599625_2] Stream restarted via set_stream_sources
2026-05-21 08:49:49,427 | INFO | VCPlatform | [7535601861_2] Stream restarted via set_stream_sources
2026-05-21 08:50:15,770 | INFO | VCPlatform | [6451644278] Stream restarted via set_stream_sources
2026-05-21 08:51:17,136 | INFO | VCPlatform | [8015937475] Stream restarted via set_stream_sources
2026-05-21 08:51:33,306 | INFO | VCPlatform | [6444599625_4] Stream restarted via set_stream_sources
2026-05-21 08:52:43,232 | INFO | VCPlatform | [6444599625] Stream restarted via set_stream_sources
2026-05-21 08:52:43,425 | INFO | VCPlatform | [6444599625_2] Stream restarted via set_stream_sources
2026-05-21 08:56:08,614 | INFO | VCPlatform | [7535601861_2] Stream restarted via set_stream_sources
2026-05-21 08:57:40,239 | INFO | VCPlatform | [8015937475] Stream restarted via set_stream_sources
2026-05-21 08:58:51,410 | INFO | VCPlatform | [6444599625_4] Stream restarted via set_stream_sources
2026-05-21 09:00:01,401 | INFO | VCPlatform | [6444599625] Stream restarted via set_stream_sources
2026-05-21 09:00:01,834 | INFO | VCPlatform | [6444599625_2] Stream restarted via set_stream_sources
2026-05-21 09:01:33,876 | INFO | VCPlatform | [6451644278] Stream restarted via set_stream_sources
2026-05-21 09:02:27,652 | INFO | VCPlatform | [7535601861_2] Stream restarted via set_stream_sources
2026-05-21 09:04:03,343 | INFO | VCPlatform | [8015937475] Stream restarted via set_stream_sources
2026-05-21 09:06:09,513 | INFO | VCPlatform | [6444599625_4] Stream restarted via set_stream_sources
2026-05-21 09:07:19,527 | INFO | VCPlatform | [6444599625] Stream restarted via set_stream_sources
2026-05-21 09:07:19,937 | INFO | VCPlatform | [6444599625_2] Stream restarted via set_stream_sources
2026-05-21 09:08:46,751 | INFO | VCPlatform | [7535601861_2] Stream restarted via set_stream_sources
2026-05-21 09:10:26,446 | INFO | VCPlatform | [8015937475] Stream restarted via set_stream_sources
2026-05-21 09:12:51,979 | INFO | VCPlatform | [6451644278] Stream restarted via set_stream_sources
2026-05-21 09:13:27,618 | INFO | VCPlatform | [6444599625_4] Stream restarted via set_stream_sources
2026-05-21 09:14:37,640 | INFO | VCPlatform | [6444599625] Stream restarted via set_stream_sources
2026-05-21 09:14:38,038 | INFO | VCPlatform | [6444599625_2] Stream restarted via set_stream_sources
2026-05-21 09:15:05,948 | INFO | VCPlatform | [7535601861_2] Stream restarted via set_stream_sources
2026-05-21 09:16:49,552 | INFO | VCPlatform | [8015937475] Stream restarted via set_stream_sources
2026-05-21 09:20:45,721 | INFO | VCPlatform | [6444599625_4] Stream restarted via set_stream_sources
2026-05-21 09:21:25,044 | INFO | VCPlatform | [7535601861_2] Stream restarted via set_stream_sources
2026-05-21 09:21:55,760 | INFO | VCPlatform | [6444599625] Stream restarted via set_stream_sources
2026-05-21 09:21:56,140 | INFO | VCPlatform | [6444599625_2] Stream restarted via set_stream_sources
2026-05-21 09:23:12,657 | INFO | VCPlatform | [8015937475] Stream restarted via set_stream_sources
2026-05-21 09:24:10,082 | INFO | VCPlatform | [6451644278] Stream restarted via set_stream_sources
2026-05-21 09:27:44,154 | INFO | VCPlatform | [7535601861_2] Stream restarted via set_stream_sources
2026-05-21 09:28:03,857 | INFO | VCPlatform | [6444599625_4] Stream restarted via set_stream_sources
2026-05-21 09:29:13,863 | INFO | VCPlatform | [6444599625] Stream restarted via set_stream_sources
2026-05-21 09:29:14,245 | INFO | VCPlatform | [6444599625_2] Stream restarted via set_stream_sources
2026-05-21 09:29:35,771 | INFO | VCPlatform | [8015937475] Stream restarted via set_stream_sources
2026-05-21 09:34:03,258 | INFO | VCPlatform | [7535601861_2] Stream restarted via set_stream_sources
2026-05-21 09:35:21,943 | INFO | VCPlatform | [6444599625_4] Stream restarted via set_stream_sources
2026-05-21 09:35:28,188 | INFO | VCPlatform | [6451644278] Stream restarted via set_stream_sources
2026-05-21 09:35:58,871 | INFO | VCPlatform | [8015937475] Stream restarted via set_stream_sources
2026-05-21 09:36:31,965 | INFO | VCPlatform | [6444599625] Stream restarted via set_stream_sources
2026-05-21 09:36:32,347 | INFO | VCPlatform | [6444599625_2] Stream restarted via set_stream_sources
2026-05-21 09:40:22,360 | INFO | VCPlatform | [7535601861_2] Stream restarted via set_stream_sources
2026-05-21 09:42:21,978 | INFO | VCPlatform | [8015937475] Stream restarted via set_stream_sources
2026-05-21 09:42:40,043 | INFO | VCPlatform | [6444599625_4] Stream restarted via set_stream_sources
2026-05-21 09:43:50,066 | INFO | VCPlatform | [6444599625] Stream restarted via set_stream_sources
2026-05-21 09:43:50,449 | INFO | VCPlatform | [6444599625_2] Stream restarted via set_stream_sources
2026-05-21 09:46:41,463 | INFO | VCPlatform | [7535601861_2] Stream restarted via set_stream_sources
2026-05-21 09:46:46,286 | INFO | VCPlatform | [6451644278] Stream restarted via set_stream_sources
2026-05-21 09:48:45,081 | INFO | VCPlatform | [8015937475] Stream restarted via set_stream_sources
2026-05-21 09:49:58,152 | INFO | VCPlatform | [6444599625_4] Stream restarted via set_stream_sources
2026-05-21 09:51:08,168 | INFO | VCPlatform | [6444599625] Stream restarted via set_stream_sources
2026-05-21 09:51:08,552 | INFO | VCPlatform | [6444599625_2] Stream restarted via set_stream_sources
2026-05-21 09:53:00,566 | INFO | VCPlatform | [7535601861_2] Stream restarted via set_stream_sources
2026-05-21 09:55:08,187 | INFO | VCPlatform | [8015937475] Stream restarted via set_stream_sources
2026-05-21 09:57:16,256 | INFO | VCPlatform | [6444599625_4] Stream restarted via set_stream_sources
2026-05-21 09:58:04,393 | INFO | VCPlatform | [6451644278] Stream restarted via set_stream_sources
2026-05-21 09:58:26,289 | INFO | VCPlatform | [6444599625] Stream restarted via set_stream_sources
2026-05-21 09:58:26,656 | INFO | VCPlatform | [6444599625_2] Stream restarted via set_stream_sources
2026-05-21 09:59:19,669 | INFO | VCPlatform | [7535601861_2] Stream restarted via set_stream_sources
2026-05-21 10:01:31,291 | INFO | VCPlatform | [8015937475] Stream restarted via set_stream_sources
2026-05-21 10:04:34,360 | INFO | VCPlatform | [6444599625_4] Stream restarted via set_stream_sources
2026-05-21 10:05:38,774 | INFO | VCPlatform | [7535601861_2] Stream restarted via set_stream_sources
2026-05-21 10:05:44,393 | INFO | VCPlatform | [6444599625] Stream restarted via set_stream_sources
2026-05-21 10:05:44,756 | INFO | VCPlatform | [6444599625_2] Stream restarted via set_stream_sources
2026-05-21 10:07:54,393 | INFO | VCPlatform | [8015937475] Stream restarted via set_stream_sources
2026-05-21 10:09:22,496 | INFO | VCPlatform | [6451644278] Stream restarted via set_stream_sources
2026-05-21 10:11:52,470 | INFO | VCPlatform | [6444599625_4] Stream restarted via set_stream_sources
2026-05-21 10:11:57,875 | INFO | VCPlatform | [7535601861_2] Stream restarted via set_stream_sources
2026-05-21 10:13:02,497 | INFO | VCPlatform | [6444599625] Stream restarted via set_stream_sources
2026-05-21 10:13:02,866 | INFO | VCPlatform | [6444599625_2] Stream restarted via set_stream_sources
2026-05-21 10:14:17,500 | INFO | VCPlatform | [8015937475] Stream restarted via set_stream_sources
2026-05-21 10:17:35,365 | INFO | VCPlatform | [6444599625_3] VC STARTED (push update) in https://t.me/+hnGoxIQ1wj83NGVl — joining immediately...
2026-05-21 10:17:38,382 | WARNING | pyrogram.session.session | [+16624828164] Waiting for 3 seconds before continuing (required by "phone.JoinGroupCall")
2026-05-21 10:17:41,850 | WARNING | pyrogram.session.session | [+16624828164] Waiting for 3 seconds before continuing (required by "phone.JoinGroupCall")
2026-05-21 10:17:45,480 | INFO | VCPlatform | [6444599625_3] NTG: ConnectionState.CONNECTING
2026-05-21 10:17:45,486 | INFO | VCPlatform | [6444599625_3] Joined VC in chat -1002408551846
2026-05-21 10:17:45,486 | INFO | VCPlatform | [6444599625_3] Joined VC via push update in https://t.me/+hnGoxIQ1wj83NGVl
2026-05-21 10:17:45,870 | INFO | VCPlatform | [6444599625_3] NTG: ConnectionState.CONNECTED
2026-05-21 10:18:16,977 | INFO | VCPlatform | [7535601861_2] Stream restarted via set_stream_sources
2026-05-21 10:19:10,571 | INFO | VCPlatform | [6444599625_4] Stream restarted via set_stream_sources
2026-05-21 10:19:34,070 | INFO | VCPlatform | [6444599625_3] VC ENDED (push update) in https://t.me/+hnGoxIQ1wj83NGVl
2026-05-21 10:19:37,611 | INFO | VCPlatform | [6444599625_3] VC STARTED (push update) in https://t.me/+hnGoxIQ1wj83NGVl — joining immediately...
2026-05-21 10:19:39,313 | INFO | VCPlatform | [6444599625_3] NTG: ConnectionState.CONNECTING
2026-05-21 10:19:39,315 | INFO | VCPlatform | [6444599625_3] Joined VC in chat -1002408551846
2026-05-21 10:19:39,315 | INFO | VCPlatform | [6444599625_3] Joined VC via push update in https://t.me/+hnGoxIQ1wj83NGVl
2026-05-21 10:19:39,692 | INFO | VCPlatform | [6444599625_3] NTG: ConnectionState.CONNECTED
2026-05-21 10:20:20,599 | INFO | VCPlatform | [6444599625] Stream restarted via set_stream_sources
2026-05-21 10:20:20,966 | INFO | VCPlatform | [6444599625_2] Stream restarted via set_stream_sources
2026-05-21 10:20:40,602 | INFO | VCPlatform | [8015937475] Stream restarted via set_stream_sources
2026-05-21 10:20:40,604 | INFO | VCPlatform | [6451644278] Stream restarted via set_stream_sources
2026-05-21 10:24:36,081 | INFO | VCPlatform | [7535601861_2] Stream restarted via set_stream_sources
2026-05-21 10:26:28,679 | INFO | VCPlatform | [6444599625_4] Stream restarted via set_stream_sources
2026-05-21 10:26:57,418 | INFO | VCPlatform | [6444599625_3] Stream restarted via set_stream_sources
2026-05-21 10:27:03,706 | INFO | VCPlatform | [8015937475] Stream restarted via set_stream_sources
2026-05-21 10:27:38,701 | INFO | VCPlatform | [6444599625] Stream restarted via set_stream_sources
2026-05-21 10:27:39,068 | INFO | VCPlatform | [6444599625_2] Stream restarted via set_stream_sources
2026-05-21 10:30:55,185 | INFO | VCPlatform | [7535601861_2] Stream restarted via set_stream_sources
2026-05-21 10:31:58,707 | INFO | VCPlatform | [6451644278] Stream restarted via set_stream_sources
2026-05-21 10:33:26,809 | INFO | VCPlatform | [8015937475] Stream restarted via set_stream_sources
2026-05-21 10:33:46,778 | INFO | VCPlatform | [6444599625_4] Stream restarted via set_stream_sources
2026-05-21 10:34:15,523 | INFO | VCPlatform | [6444599625_3] Stream restarted via set_stream_sources
2026-05-21 10:34:56,803 | INFO | VCPlatform | [6444599625] Stream restarted via set_stream_sources
2026-05-21 10:34:57,171 | INFO | VCPlatform | [6444599625_2] Stream restarted via set_stream_sources
2026-05-21 10:37:14,288 | INFO | VCPlatform | [7535601861_2] Stream restarted via set_stream_sources
2026-05-21 10:39:49,912 | INFO | VCPlatform | [8015937475] Stream restarted via set_stream_sources
2026-05-21 10:41:04,883 | INFO | VCPlatform | [6444599625_4] Stream restarted via set_stream_sources
2026-05-21 10:41:33,628 | INFO | VCPlatform | [6444599625_3] Stream restarted via set_stream_sources
2026-05-21 10:42:14,907 | INFO | VCPlatform | [6444599625] Stream restarted via set_stream_sources
2026-05-21 10:42:15,274 | INFO | VCPlatform | [6444599625_2] Stream restarted via set_stream_sources
2026-05-21 10:43:16,811 | INFO | VCPlatform | [6451644278] Stream restarted via set_stream_sources
2026-05-21 10:43:33,390 | INFO | VCPlatform | [7535601861_2] Stream restarted via set_stream_sources
2026-05-21 10:46:13,016 | INFO | VCPlatform | [8015937475] Stream restarted via set_stream_sources
2026-05-21 10:48:22,986 | INFO | VCPlatform | [6444599625_4] Stream restarted via set_stream_sources
2026-05-21 10:48:51,731 | INFO | VCPlatform | [6444599625_3] Stream restarted via set_stream_sources
2026-05-21 10:49:33,013 | INFO | VCPlatform | [6444599625] Stream restarted via set_stream_sources
2026-05-21 10:49:33,374 | INFO | VCPlatform | [6444599625_2] Stream restarted via set_stream_sources
2026-05-21 10:49:52,492 | INFO | VCPlatform | [7535601861_2] Stream restarted via set_stream_sources
2026-05-21 10:52:36,119 | INFO | VCPlatform | [8015937475] Stream restarted via set_stream_sources
2026-05-21 10:54:34,913 | INFO | VCPlatform | [6451644278] Stream restarted via set_stream_sources
2026-05-21 10:55:41,088 | INFO | VCPlatform | [6444599625_4] Stream restarted via set_stream_sources
2026-05-21 10:56:09,834 | INFO | VCPlatform | [6444599625_3] Stream restarted via set_stream_sources
2026-05-21 10:56:11,594 | INFO | VCPlatform | [7535601861_2] Stream restarted via set_stream_sources
2026-05-21 10:56:51,114 | INFO | VCPlatform | [6444599625] Stream restarted via set_stream_sources
2026-05-21 10:56:51,476 | INFO | VCPlatform | [6444599625_2] Stream restarted via set_stream_sources
2026-05-21 10:58:59,227 | INFO | VCPlatform | [8015937475] Stream restarted via set_stream_sources
2026-05-21 11:02:30,735 | INFO | VCPlatform | [7535601861_2] Stream restarted via set_stream_sources
2026-05-21 11:02:59,192 | INFO | VCPlatform | [6444599625_4] Stream restarted via set_stream_sources
2026-05-21 11:03:27,968 | INFO | VCPlatform | [6444599625_3] Stream restarted via set_stream_sources
2026-05-21 11:04:09,216 | INFO | VCPlatform | [6444599625] Stream restarted via set_stream_sources
2026-05-21 11:04:09,580 | INFO | VCPlatform | [6444599625_2] Stream restarted via set_stream_sources
2026-05-21 11:05:22,331 | INFO | VCPlatform | [8015937475] Stream restarted via set_stream_sources
2026-05-21 11:05:53,014 | INFO | VCPlatform | [6451644278] Stream restarted via set_stream_sources
2026-05-21 11:08:49,838 | INFO | VCPlatform | [7535601861_2] Stream restarted via set_stream_sources
2026-05-21 11:10:17,293 | INFO | VCPlatform | [6444599625_4] Stream restarted via set_stream_sources
2026-05-21 11:10:46,070 | INFO | VCPlatform | [6444599625_3] Stream restarted via set_stream_sources
2026-05-21 11:11:27,320 | INFO | VCPlatform | [6444599625] Stream restarted via set_stream_sources
2026-05-21 11:11:27,683 | INFO | VCPlatform | [6444599625_2] Stream restarted via set_stream_sources
2026-05-21 11:11:45,435 | INFO | VCPlatform | [8015937475] Stream restarted via set_stream_sources
2026-05-21 11:15:08,943 | INFO | VCPlatform | [7535601861_2] Stream restarted via set_stream_sources
2026-05-21 11:17:11,153 | INFO | VCPlatform | [6451644278] Stream restarted via set_stream_sources
2026-05-21 11:17:35,400 | INFO | VCPlatform | [6444599625_4] Stream restarted via set_stream_sources
2026-05-21 11:18:04,201 | INFO | VCPlatform | [6444599625_3] Stream restarted via set_stream_sources
2026-05-21 11:18:08,540 | INFO | VCPlatform | [8015937475] Stream restarted via set_stream_sources
2026-05-21 11:18:45,462 | INFO | VCPlatform | [6444599625] Stream restarted via set_stream_sources
2026-05-21 11:18:45,789 | INFO | VCPlatform | [6444599625_2] Stream restarted via set_stream_sources
2026-05-21 11:21:28,044 | INFO | VCPlatform | [7535601861_2] Stream restarted via set_stream_sources
2026-05-21 11:24:31,643 | INFO | VCPlatform | [8015937475] Stream restarted via set_stream_sources
2026-05-21 11:24:53,503 | INFO | VCPlatform | [6444599625_4] Stream restarted via set_stream_sources
2026-05-21 11:25:22,297 | INFO | VCPlatform | [6444599625_3] Stream restarted via set_stream_sources
2026-05-21 11:26:03,556 | INFO | VCPlatform | [6444599625] Stream restarted via set_stream_sources
2026-05-21 11:26:03,894 | INFO | VCPlatform | [6444599625_2] Stream restarted via set_stream_sources
2026-05-21 11:27:47,148 | INFO | VCPlatform | [7535601861_2] Stream restarted via set_stream_sources
2026-05-21 11:28:29,257 | INFO | VCPlatform | [6451644278] Stream restarted via set_stream_sources
2026-05-21 11:30:54,745 | INFO | VCPlatform | [8015937475] Stream restarted via set_stream_sources
2026-05-21 11:32:11,606 | INFO | VCPlatform | [6444599625_4] Stream restarted via set_stream_sources
2026-05-21 11:32:40,399 | INFO | VCPlatform | [6444599625_3] Stream restarted via set_stream_sources
2026-05-21 11:33:21,657 | INFO | VCPlatform | [6444599625] Stream restarted via set_stream_sources
2026-05-21 11:33:21,996 | INFO | VCPlatform | [6444599625_2] Stream restarted via set_stream_sources
2026-05-21 11:34:06,421 | INFO | VCPlatform | [7535601861_2] Stream restarted via set_stream_sources
2026-05-21 11:37:17,848 | INFO | VCPlatform | [8015937475] Stream restarted via set_stream_sources
2026-05-21 11:39:29,743 | INFO | VCPlatform | [6444599625_4] Stream restarted via set_stream_sources
2026-05-21 11:39:47,360 | INFO | VCPlatform | [6451644278] Stream restarted via set_stream_sources
2026-05-21 11:39:58,500 | INFO | VCPlatform | [6444599625_3] Stream restarted via set_stream_sources
2026-05-21 11:40:25,497 | INFO | VCPlatform | [7535601861_2] Stream restarted via set_stream_sources
2026-05-21 11:40:39,760 | INFO | VCPlatform | [6444599625] Stream restarted via set_stream_sources
2026-05-21 11:40:40,112 | INFO | VCPlatform | [6444599625_2] Stream restarted via set_stream_sources
2026-05-21 11:43:40,952 | INFO | VCPlatform | [8015937475] Stream restarted via set_stream_sources
2026-05-21 11:46:44,601 | INFO | VCPlatform | [7535601861_2] Stream restarted via set_stream_sources
2026-05-21 11:46:47,837 | INFO | VCPlatform | [6444599625_4] Stream restarted via set_stream_sources
2026-05-21 11:47:16,605 | INFO | VCPlatform | [6444599625_3] Stream restarted via set_stream_sources
2026-05-21 11:47:57,861 | INFO | VCPlatform | [6444599625] Stream restarted via set_stream_sources
2026-05-21 11:47:58,214 | INFO | VCPlatform | [6444599625_2] Stream restarted via set_stream_sources
2026-05-21 11:50:04,937 | INFO | VCPlatform | [8015937475] Stream restarted via set_stream_sources
2026-05-21 11:51:05,468 | INFO | VCPlatform | [6451644278] Stream restarted via set_stream_sources
2026-05-21 11:53:03,704 | INFO | VCPlatform | [7535601861_2] Stream restarted via set_stream_sources
2026-05-21 11:54:05,941 | INFO | VCPlatform | [6444599625_4] Stream restarted via set_stream_sources
2026-05-21 11:54:34,717 | INFO | VCPlatform | [6444599625_3] Stream restarted via set_stream_sources
2026-05-21 11:55:15,965 | INFO | VCPlatform | [6444599625] Stream restarted via set_stream_sources
2026-05-21 11:55:16,318 | INFO | VCPlatform | [6444599625_2] Stream restarted via set_stream_sources
2026-05-21 11:56:28,066 | INFO | VCPlatform | [8015937475] Stream restarted via set_stream_sources
2026-05-21 11:59:22,807 | INFO | VCPlatform | [7535601861_2] Stream restarted via set_stream_sources
2026-05-21 12:01:24,046 | INFO | VCPlatform | [6444599625_4] Stream restarted via set_stream_sources
2026-05-21 12:01:52,827 | INFO | VCPlatform | [6444599625_3] Stream restarted via set_stream_sources
2026-05-21 12:02:23,568 | INFO | VCPlatform | [6451644278] Stream restarted via set_stream_sources
2026-05-21 12:02:34,068 | INFO | VCPlatform | [6444599625] Stream restarted via set_stream_sources
2026-05-21 12:02:34,421 | INFO | VCPlatform | [6444599625_2] Stream restarted via set_stream_sources
2026-05-21 12:02:51,327 | INFO | VCPlatform | [8015937475] Stream restarted via set_stream_sources
2026-05-21 12:05:41,910 | INFO | VCPlatform | [7535601861_2] Stream restarted via set_stream_sources
2026-05-21 12:08:42,147 | INFO | VCPlatform | [6444599625_4] Stream restarted via set_stream_sources
2026-05-21 12:09:10,928 | INFO | VCPlatform | [6444599625_3] Stream restarted via set_stream_sources
2026-05-21 12:09:14,424 | INFO | VCPlatform | [8015937475] Stream restarted via set_stream_sources
2026-05-21 12:09:52,172 | INFO | VCPlatform | [6444599625] Stream restarted via set_stream_sources
2026-05-21 12:09:52,527 | INFO | VCPlatform | [6444599625_2] Stream restarted via set_stream_sources
2026-05-21 12:12:01,029 | INFO | VCPlatform | [7535601861_2] Stream restarted via set_stream_sources
2026-05-21 12:13:41,674 | INFO | VCPlatform | [6451644278] Stream restarted via set_stream_sources
2026-05-21 12:15:37,530 | INFO | VCPlatform | [8015937475] Stream restarted via set_stream_sources
2026-05-21 12:16:00,251 | INFO | VCPlatform | [6444599625_4] Stream restarted via set_stream_sources
2026-05-21 12:16:29,031 | INFO | VCPlatform | [6444599625_3] Stream restarted via set_stream_sources
2026-05-21 12:17:10,285 | INFO | VCPlatform | [6444599625] Stream restarted via set_stream_sources
2026-05-21 12:17:10,629 | INFO | VCPlatform | [6444599625_2] Stream restarted via set_stream_sources
2026-05-21 12:18:20,133 | INFO | VCPlatform | [7535601861_2] Stream restarted via set_stream_sources
2026-05-21 12:22:00,634 | INFO | VCPlatform | [8015937475] Stream restarted via set_stream_sources
2026-05-21 12:23:18,355 | INFO | VCPlatform | [6444599625_4] Stream restarted via set_stream_sources
2026-05-21 12:23:47,133 | INFO | VCPlatform | [6444599625_3] Stream restarted via set_stream_sources
2026-05-21 12:24:28,388 | INFO | VCPlatform | [6444599625] Stream restarted via set_stream_sources
2026-05-21 12:24:28,732 | INFO | VCPlatform | [6444599625_2] Stream restarted via set_stream_sources
2026-05-21 12:24:39,243 | INFO | VCPlatform | [7535601861_2] Stream restarted via set_stream_sources
2026-05-21 12:24:59,779 | INFO | VCPlatform | [6451644278] Stream restarted via set_stream_sources
2026-05-21 12:28:23,750 | INFO | VCPlatform | [8015937475] Stream restarted via set_stream_sources
2026-05-21 12:30:36,464 | INFO | VCPlatform | [6444599625_4] Stream restarted via set_stream_sources
2026-05-21 12:30:58,344 | INFO | VCPlatform | [7535601861_2] Stream restarted via set_stream_sources
2026-05-21 12:31:05,237 | INFO | VCPlatform | [6444599625_3] Stream restarted via set_stream_sources
2026-05-21 12:31:24,934 | INFO | VCPlatform | [6444599625_4] Monitor stopped for https://t.me/+Z6J56TI-fZFlZTQ1
2026-05-21 12:31:24,935 | INFO | VCPlatform | [6444599625_4] Monitors restarted: 1 running for 1 channels
2026-05-21 12:31:24,939 | INFO | VCPlatform | [6444599625_4] Monitor started for https://t.me/+Z6J56TI-fZFlZTQ1
2026-05-21 12:31:24,945 | INFO | VCPlatform | [6444599625_4] Channel from cache: '𝐒𝐮𝐫𝐞𝐬𝐡𝐨𝐭 𝐛𝐲 𝐉𝐚𝐜𝐤' (bare_id=2098714715) for https://t.me/+Z6J56TI-fZFlZTQ1
2026-05-21 12:31:24,947 | INFO | VCPlatform | [6444599625_4] VC push update handler registered
2026-05-21 12:31:46,491 | INFO | VCPlatform | [6444599625] Stream restarted via set_stream_sources
2026-05-21 12:31:46,833 | INFO | VCPlatform | [6444599625_2] Stream restarted via set_stream_sources
2026-05-21 12:34:46,854 | INFO | VCPlatform | [8015937475] Stream restarted via set_stream_sources
2026-05-21 12:35:14,883 | INFO | VCPlatform | [6444599625_4] Monitor stopped for https://t.me/+Z6J56TI-fZFlZTQ1
2026-05-21 12:35:14,884 | INFO | VCPlatform | [6444599625_4] Monitors restarted: 1 running for 1 channels
2026-05-21 12:35:14,886 | INFO | VCPlatform | [6444599625_4] Monitor started for https://t.me/+Z6J56TI-fZFlZTQ1
2026-05-21 12:35:14,887 | INFO | VCPlatform | [6444599625_4] Channel from cache: '𝐒𝐮𝐫𝐞𝐬𝐡𝐨𝐭 𝐛𝐲 𝐉𝐚𝐜𝐤' (bare_id=2098714715) for https://t.me/+Z6J56TI-fZFlZTQ1
2026-05-21 12:35:14,887 | INFO | VCPlatform | [6444599625_4] VC push update handler registered
2026-05-21 12:36:17,881 | INFO | VCPlatform | [6451644278] Stream restarted via set_stream_sources
2026-05-21 12:37:17,448 | INFO | VCPlatform | [7535601861_2] Stream restarted via set_stream_sources
2026-05-21 12:37:54,568 | INFO | VCPlatform | [6444599625_4] Stream restarted via set_stream_sources
2026-05-21 12:38:23,341 | INFO | VCPlatform | [6444599625_3] Stream restarted via set_stream_sources
2026-05-21 12:39:04,593 | INFO | VCPlatform | [6444599625] Stream restarted via set_stream_sources
2026-05-21 12:39:04,935 | INFO | VCPlatform | [6444599625_2] Stream restarted via set_stream_sources
2026-05-21 12:41:09,957 | INFO | VCPlatform | [8015937475] Stream restarted via set_stream_sources
2026-05-21 12:43:36,557 | INFO | VCPlatform | [7535601861_2] Stream restarted via set_stream_sources
2026-05-21 12:45:41,445 | INFO | VCPlatform | [6444599625_3] Stream restarted via set_stream_sources
2026-05-21 12:46:22,697 | INFO | VCPlatform | [6444599625] Stream restarted via set_stream_sources
2026-05-21 12:46:23,039 | INFO | VCPlatform | [6444599625_2] Stream restarted via set_stream_sources
2026-05-21 12:47:33,060 | INFO | VCPlatform | [8015937475] Stream restarted via set_stream_sources
2026-05-21 12:47:35,982 | INFO | VCPlatform | [6451644278] Stream restarted via set_stream_sources
2026-05-21 12:49:55,661 | INFO | VCPlatform | [7535601861_2] Stream restarted via set_stream_sources
2026-05-21 12:52:59,551 | INFO | VCPlatform | [6444599625_3] Stream restarted via set_stream_sources
2026-05-21 12:53:40,799 | INFO | VCPlatform | [6444599625] Stream restarted via set_stream_sources
2026-05-21 12:53:41,142 | INFO | VCPlatform | [6444599625_2] Stream restarted via set_stream_sources
2026-05-21 12:53:56,162 | INFO | VCPlatform | [8015937475] Stream restarted via set_stream_sources
2026-05-21 12:56:14,764 | INFO | VCPlatform | [7535601861_2] Stream restarted via set_stream_sources
2026-05-21 12:58:54,086 | INFO | VCPlatform | [6451644278] Stream restarted via set_stream_sources
2026-05-21 13:00:17,658 | INFO | VCPlatform | [6444599625_3] Stream restarted via set_stream_sources
2026-05-21 13:00:19,266 | INFO | VCPlatform | [8015937475] Stream restarted via set_stream_sources
2026-05-21 13:00:58,902 | INFO | VCPlatform | [6444599625] Stream restarted via set_stream_sources
2026-05-21 13:00:59,243 | INFO | VCPlatform | [6444599625_2] Stream restarted via set_stream_sources
2026-05-21 13:02:33,869 | INFO | VCPlatform | [7535601861_2] Stream restarted via set_stream_sources
2026-05-21 13:06:42,370 | INFO | VCPlatform | [8015937475] Stream restarted via set_stream_sources
2026-05-21 13:07:35,762 | INFO | VCPlatform | [6444599625_3] Stream restarted via set_stream_sources
2026-05-21 13:08:17,008 | INFO | VCPlatform | [6444599625] Stream restarted via set_stream_sources
2026-05-21 13:08:17,346 | INFO | VCPlatform | [6444599625_2] Stream restarted via set_stream_sources
2026-05-21 13:08:52,971 | INFO | VCPlatform | [7535601861_2] Stream restarted via set_stream_sources
2026-05-21 13:10:12,193 | INFO | VCPlatform | [6451644278] Stream restarted via set_stream_sources
2026-05-21 13:13:05,478 | INFO | VCPlatform | [8015937475] Stream restarted via set_stream_sources
2026-05-21 13:14:53,865 | INFO | VCPlatform | [6444599625_3] Stream restarted via set_stream_sources
2026-05-21 13:15:12,074 | INFO | VCPlatform | [7535601861_2] Stream restarted via set_stream_sources
2026-05-21 13:15:35,110 | INFO | VCPlatform | [6444599625] Stream restarted via set_stream_sources
2026-05-21 13:15:35,448 | INFO | VCPlatform | [6444599625_2] Stream restarted via set_stream_sources
2026-05-21 13:19:28,580 | INFO | VCPlatform | [8015937475] Stream restarted via set_stream_sources
2026-05-21 13:21:30,295 | INFO | VCPlatform | [6451644278] Stream restarted via set_stream_sources
2026-05-21 13:21:31,177 | INFO | VCPlatform | [7535601861_2] Stream restarted via set_stream_sources
2026-05-21 13:22:11,967 | INFO | VCPlatform | [6444599625_3] Stream restarted via set_stream_sources
2026-05-21 13:22:53,211 | INFO | VCPlatform | [6444599625] Stream restarted via set_stream_sources
2026-05-21 13:22:53,551 | INFO | VCPlatform | [6444599625_2] Stream restarted via set_stream_sources
2026-05-21 13:25:51,683 | INFO | VCPlatform | [8015937475] Stream restarted via set_stream_sources
2026-05-21 13:27:50,280 | INFO | VCPlatform | [7535601861_2] Stream restarted via set_stream_sources
2026-05-21 13:29:30,069 | INFO | VCPlatform | [6444599625_3] Stream restarted via set_stream_sources
2026-05-21 13:30:11,316 | INFO | VCPlatform | [6444599625] Stream restarted via set_stream_sources
2026-05-21 13:30:11,652 | INFO | VCPlatform | [6444599625_2] Stream restarted via set_stream_sources
2026-05-21 13:32:14,791 | INFO | VCPlatform | [8015937475] Stream restarted via set_stream_sources
2026-05-21 13:32:48,397 | INFO | VCPlatform | [6451644278] Stream restarted via set_stream_sources
2026-05-21 13:34:09,383 | INFO | VCPlatform | [7535601861_2] Stream restarted via set_stream_sources
2026-05-21 13:36:48,176 | INFO | VCPlatform | [6444599625_3] Stream restarted via set_stream_sources
2026-05-21 13:37:29,421 | INFO | VCPlatform | [6444599625] Stream restarted via set_stream_sources
2026-05-21 13:37:29,755 | INFO | VCPlatform | [6444599625_2] Stream restarted via set_stream_sources
2026-05-21 13:38:37,893 | INFO | VCPlatform | [8015937475] Stream restarted via set_stream_sources
2026-05-21 13:40:28,488 | INFO | VCPlatform | [7535601861_2] Stream restarted via set_stream_sources
2026-05-21 13:44:06,279 | INFO | VCPlatform | [6444599625_3] Stream restarted via set_stream_sources
2026-05-21 13:44:06,499 | INFO | VCPlatform | [6451644278] Stream restarted via set_stream_sources
2026-05-21 13:44:47,523 | INFO | VCPlatform | [6444599625] Stream restarted via set_stream_sources
2026-05-21 13:44:47,858 | INFO | VCPlatform | [6444599625_2] Stream restarted via set_stream_sources
2026-05-21 13:45:00,998 | INFO | VCPlatform | [8015937475] Stream restarted via set_stream_sources
2026-05-21 13:46:47,593 | INFO | VCPlatform | [7535601861_2] Stream restarted via set_stream_sources
2026-05-21 13:51:24,103 | INFO | VCPlatform | [8015937475] Stream restarted via set_stream_sources
2026-05-21 13:51:24,384 | INFO | VCPlatform | [6444599625_3] Stream restarted via set_stream_sources
2026-05-21 13:52:05,627 | INFO | VCPlatform | [6444599625] Stream restarted via set_stream_sources
2026-05-21 13:52:05,961 | INFO | VCPlatform | [6444599625_2] Stream restarted via set_stream_sources
2026-05-21 13:53:06,695 | INFO | VCPlatform | [7535601861_2] Stream restarted via set_stream_sources
2026-05-21 13:55:24,606 | INFO | VCPlatform | [6451644278] Stream restarted via set_stream_sources
2026-05-21 13:57:47,207 | INFO | VCPlatform | [8015937475] Stream restarted via set_stream_sources
2026-05-21 13:58:42,484 | INFO | VCPlatform | [6444599625_3] Stream restarted via set_stream_sources
2026-05-21 13:59:23,730 | INFO | VCPlatform | [6444599625] Stream restarted via set_stream_sources
2026-05-21 13:59:24,064 | INFO | VCPlatform | [6444599625_2] Stream restarted via set_stream_sources
2026-05-21 13:59:25,796 | INFO | VCPlatform | [7535601861_2] Stream restarted via set_stream_sources
2026-05-21 14:04:10,312 | INFO | VCPlatform | [8015937475] Stream restarted via set_stream_sources
2026-05-21 14:05:44,900 | INFO | VCPlatform | [7535601861_2] Stream restarted via set_stream_sources
2026-05-21 14:06:00,596 | INFO | VCPlatform | [6444599625_3] Stream restarted via set_stream_sources
2026-05-21 14:06:41,832 | INFO | VCPlatform | [6444599625] Stream restarted via set_stream_sources
2026-05-21 14:06:42,165 | INFO | VCPlatform | [6444599625_2] Stream restarted via set_stream_sources
2026-05-21 14:06:42,707 | INFO | VCPlatform | [6451644278] Stream restarted via set_stream_sources
2026-05-21 14:10:33,430 | INFO | VCPlatform | [8015937475] Stream restarted via set_stream_sources
2026-05-21 14:12:04,007 | INFO | VCPlatform | [7535601861_2] Stream restarted via set_stream_sources
2026-05-21 14:13:18,697 | INFO | VCPlatform | [6444599625_3] Stream restarted via set_stream_sources
2026-05-21 14:13:59,936 | INFO | VCPlatform | [6444599625] Stream restarted via set_stream_sources
2026-05-21 14:14:00,269 | INFO | VCPlatform | [6444599625_2] Stream restarted via set_stream_sources
2026-05-21 14:16:56,541 | INFO | VCPlatform | [8015937475] Stream restarted via set_stream_sources
2026-05-21 14:18:00,830 | INFO | VCPlatform | [6451644278] Stream restarted via set_stream_sources
2026-05-21 14:18:23,107 | INFO | VCPlatform | [7535601861_2] Stream restarted via set_stream_sources
2026-05-21 14:20:36,800 | INFO | VCPlatform | [6444599625_3] Stream restarted via set_stream_sources
2026-05-21 14:21:18,039 | INFO | VCPlatform | [6444599625] Stream restarted via set_stream_sources
2026-05-21 14:21:18,372 | INFO | VCPlatform | [6444599625_2] Stream restarted via set_stream_sources
2026-05-21 14:23:19,642 | INFO | VCPlatform | [8015937475] Stream restarted via set_stream_sources
2026-05-21 14:24:42,211 | INFO | VCPlatform | [7535601861_2] Stream restarted via set_stream_sources
2026-05-21 14:27:54,904 | INFO | VCPlatform | [6444599625_3] Stream restarted via set_stream_sources
2026-05-21 14:28:36,144 | INFO | VCPlatform | [6444599625] Stream restarted via set_stream_sources
2026-05-21 14:28:36,474 | INFO | VCPlatform | [6444599625_2] Stream restarted via set_stream_sources
2026-05-21 14:29:18,932 | INFO | VCPlatform | [6451644278] Stream restarted via set_stream_sources
2026-05-21 14:29:42,748 | INFO | VCPlatform | [8015937475] Stream restarted via set_stream_sources
2026-05-21 14:31:01,330 | INFO | VCPlatform | [7535601861_2] Stream restarted via set_stream_sources
2026-05-21 14:35:13,008 | INFO | VCPlatform | [6444599625_3] Stream restarted via set_stream_sources
2026-05-21 14:35:54,244 | INFO | VCPlatform | [6444599625] Stream restarted via set_stream_sources
2026-05-21 14:35:54,578 | INFO | VCPlatform | [6444599625_2] Stream restarted via set_stream_sources
2026-05-21 14:36:05,849 | INFO | VCPlatform | [8015937475] Stream restarted via set_stream_sources
2026-05-21 14:37:20,432 | INFO | VCPlatform | [7535601861_2] Stream restarted via set_stream_sources
2026-05-21 14:40:37,038 | INFO | VCPlatform | [6451644278] Stream restarted via set_stream_sources
2026-05-21 14:42:28,953 | INFO | VCPlatform | [8015937475] Stream restarted via set_stream_sources
2026-05-21 14:42:31,111 | INFO | VCPlatform | [6444599625_3] Stream restarted via set_stream_sources
2026-05-21 14:43:12,347 | INFO | VCPlatform | [6444599625] Stream restarted via set_stream_sources
2026-05-21 14:43:12,703 | INFO | VCPlatform | [6444599625_2] Stream restarted via set_stream_sources
2026-05-21 14:43:39,534 | INFO | VCPlatform | [7535601861_2] Stream restarted via set_stream_sources
2026-05-21 14:48:52,056 | INFO | VCPlatform | [8015937475] Stream restarted via set_stream_sources
2026-05-21 14:49:49,219 | INFO | VCPlatform | [6444599625_3] Stream restarted via set_stream_sources
2026-05-21 14:49:58,637 | INFO | VCPlatform | [7535601861_2] Stream restarted via set_stream_sources
2026-05-21 14:50:30,449 | INFO | VCPlatform | [6444599625] Stream restarted via set_stream_sources
2026-05-21 14:50:30,806 | INFO | VCPlatform | [6444599625_2] Stream restarted via set_stream_sources
2026-05-21 14:51:55,140 | INFO | VCPlatform | [6451644278] Stream restarted via set_stream_sources
2026-05-21 14:55:15,162 | INFO | VCPlatform | [8015937475] Stream restarted via set_stream_sources
2026-05-21 14:56:17,741 | INFO | VCPlatform | [7535601861_2] Stream restarted via set_stream_sources
2026-05-21 14:57:07,321 | INFO | VCPlatform | [6444599625_3] Stream restarted via set_stream_sources
2026-05-21 14:57:48,555 | INFO | VCPlatform | [6444599625] Stream restarted via set_stream_sources
2026-05-21 14:57:48,907 | INFO | VCPlatform | [6444599625_2] Stream restarted via set_stream_sources
2026-05-21 15:01:38,265 | INFO | VCPlatform | [8015937475] Stream restarted via set_stream_sources
2026-05-21 15:02:36,845 | INFO | VCPlatform | [7535601861_2] Stream restarted via set_stream_sources
2026-05-21 15:03:13,243 | INFO | VCPlatform | [6451644278] Stream restarted via set_stream_sources
2026-05-21 15:04:25,432 | INFO | VCPlatform | [6444599625_3] Stream restarted via set_stream_sources
2026-05-21 15:05:06,660 | INFO | VCPlatform | [6444599625] Stream restarted via set_stream_sources
2026-05-21 15:05:07,015 | INFO | VCPlatform | [6444599625_2] Stream restarted via set_stream_sources
2026-05-21 15:08:01,375 | INFO | VCPlatform | [8015937475] Stream restarted via set_stream_sources
2026-05-21 15:08:55,948 | INFO | VCPlatform | [7535601861_2] Stream restarted via set_stream_sources
2026-05-21 15:11:43,537 | INFO | VCPlatform | [6444599625_3] Stream restarted via set_stream_sources
2026-05-21 15:12:24,762 | INFO | VCPlatform | [6444599625] Stream restarted via set_stream_sources
2026-05-21 15:12:25,111 | INFO | VCPlatform | [6444599625_2] Stream restarted via set_stream_sources
2026-05-21 15:14:24,477 | INFO | VCPlatform | [8015937475] Stream restarted via set_stream_sources
2026-05-21 15:14:31,344 | INFO | VCPlatform | [6451644278] Stream restarted via set_stream_sources
2026-05-21 15:15:15,052 | INFO | VCPlatform | [7535601861_2] Stream restarted via set_stream_sources
2026-05-21 15:19:01,694 | INFO | VCPlatform | [6444599625_3] Stream restarted via set_stream_sources
2026-05-21 15:19:42,865 | INFO | VCPlatform | [6444599625] Stream restarted via set_stream_sources
2026-05-21 15:19:43,214 | INFO | VCPlatform | [6444599625_2] Stream restarted via set_stream_sources
2026-05-21 15:20:47,577 | INFO | VCPlatform | [8015937475] Stream restarted via set_stream_sources
2026-05-21 15:21:34,156 | INFO | VCPlatform | [7535601861_2] Stream restarted via set_stream_sources
2026-05-21 15:25:49,449 | INFO | VCPlatform | [6451644278] Stream restarted via set_stream_sources
2026-05-21 15:26:19,795 | INFO | VCPlatform | [6444599625_3] Stream restarted via set_stream_sources
2026-05-21 15:27:00,973 | INFO | VCPlatform | [6444599625] Stream restarted via set_stream_sources
2026-05-21 15:27:01,325 | INFO | VCPlatform | [6444599625_2] Stream restarted via set_stream_sources
2026-05-21 15:27:10,680 | INFO | VCPlatform | [8015937475] Stream restarted via set_stream_sources
2026-05-21 15:27:53,258 | INFO | VCPlatform | [7535601861_2] Stream restarted via set_stream_sources
2026-05-21 15:33:33,782 | INFO | VCPlatform | [8015937475] Stream restarted via set_stream_sources
2026-05-21 15:33:37,899 | INFO | VCPlatform | [6444599625_3] Stream restarted via set_stream_sources
2026-05-21 15:34:12,366 | INFO | VCPlatform | [7535601861_2] Stream restarted via set_stream_sources
2026-05-21 15:34:19,076 | INFO | VCPlatform | [6444599625] Stream restarted via set_stream_sources
2026-05-21 15:34:19,435 | INFO | VCPlatform | [6444599625_2] Stream restarted via set_stream_sources
2026-05-21 15:37:07,555 | INFO | VCPlatform | [6451644278] Stream restarted via set_stream_sources
2026-05-21 15:39:56,887 | INFO | VCPlatform | [8015937475] Stream restarted via set_stream_sources
2026-05-21 15:40:31,466 | INFO | VCPlatform | [7535601861_2] Stream restarted via set_stream_sources
2026-05-21 15:40:56,014 | INFO | VCPlatform | [6444599625_3] Stream restarted via set_stream_sources
2026-05-21 15:41:37,196 | INFO | VCPlatform | [6444599625] Stream restarted via set_stream_sources
2026-05-21 15:41:37,538 | INFO | VCPlatform | [6444599625_2] Stream restarted via set_stream_sources
2026-05-21 15:46:20,022 | INFO | VCPlatform | [8015937475] Stream restarted via set_stream_sources
2026-05-21 15:46:50,572 | INFO | VCPlatform | [7535601861_2] Stream restarted via set_stream_sources
2026-05-21 15:48:14,120 | INFO | VCPlatform | [6444599625_3] Stream restarted via set_stream_sources
2026-05-21 15:48:25,657 | INFO | VCPlatform | [6451644278] Stream restarted via set_stream_sources
2026-05-21 15:48:55,281 | INFO | VCPlatform | [6444599625] Stream restarted via set_stream_sources
2026-05-21 15:48:55,650 | INFO | VCPlatform | [6444599625_2] Stream restarted via set_stream_sources
2026-05-21 15:52:43,099 | INFO | VCPlatform | [8015937475] Stream restarted via set_stream_sources
2026-05-21 15:53:09,675 | INFO | VCPlatform | [7535601861_2] Stream restarted via set_stream_sources
2026-05-21 15:55:32,222 | INFO | VCPlatform | [6444599625_3] Stream restarted via set_stream_sources
2026-05-21 15:56:13,394 | INFO | VCPlatform | [6444599625] Stream restarted via set_stream_sources
2026-05-21 15:56:13,749 | INFO | VCPlatform | [6444599625_2] Stream restarted via set_stream_sources
2026-05-21 15:59:06,200 | INFO | VCPlatform | [8015937475] Stream restarted via set_stream_sources
2026-05-21 15:59:28,778 | INFO | VCPlatform | [7535601861_2] Stream restarted via set_stream_sources
2026-05-21 15:59:43,766 | INFO | VCPlatform | [6451644278] Stream restarted via set_stream_sources
2026-05-21 16:02:50,327 | INFO | VCPlatform | [6444599625_3] Stream restarted via set_stream_sources
2026-05-21 16:03:31,494 | INFO | VCPlatform | [6444599625] Stream restarted via set_stream_sources
2026-05-21 16:03:31,851 | INFO | VCPlatform | [6444599625_2] Stream restarted via set_stream_sources
2026-05-21 16:05:29,306 | INFO | VCPlatform | [8015937475] Stream restarted via set_stream_sources
2026-05-21 16:05:47,879 | INFO | VCPlatform | [7535601861_2] Stream restarted via set_stream_sources
2026-05-21 16:10:08,433 | INFO | VCPlatform | [6444599625_3] Stream restarted via set_stream_sources
2026-05-21 16:10:49,596 | INFO | VCPlatform | [6444599625] Stream restarted via set_stream_sources
2026-05-21 16:10:49,954 | INFO | VCPlatform | [6444599625_2] Stream restarted via set_stream_sources
2026-05-21 16:11:01,888 | INFO | VCPlatform | [6451644278] Stream restarted via set_stream_sources
2026-05-21 16:11:52,410 | INFO | VCPlatform | [8015937475] Stream restarted via set_stream_sources
2026-05-21 16:12:06,984 | INFO | VCPlatform | [7535601861_2] Stream restarted via set_stream_sources
2026-05-21 16:17:26,542 | INFO | VCPlatform | [6444599625_3] Stream restarted via set_stream_sources
2026-05-21 16:18:07,699 | INFO | VCPlatform | [6444599625] Stream restarted via set_stream_sources
2026-05-21 16:18:08,055 | INFO | VCPlatform | [6444599625_2] Stream restarted via set_stream_sources
2026-05-21 16:18:15,512 | INFO | VCPlatform | [8015937475] Stream restarted via set_stream_sources
2026-05-21 16:18:26,085 | INFO | VCPlatform | [7535601861_2] Stream restarted via set_stream_sources
2026-05-21 16:22:20,001 | INFO | VCPlatform | [6451644278] Stream restarted via set_stream_sources
2026-05-21 16:24:38,618 | INFO | VCPlatform | [8015937475] Stream restarted via set_stream_sources
2026-05-21 16:24:44,639 | INFO | VCPlatform | [6444599625_3] Stream restarted via set_stream_sources
2026-05-21 16:24:45,187 | INFO | VCPlatform | [7535601861_2] Stream restarted via set_stream_sources
2026-05-21 16:25:25,802 | INFO | VCPlatform | [6444599625] Stream restarted via set_stream_sources
2026-05-21 16:25:26,158 | INFO | VCPlatform | [6444599625_2] Stream restarted via set_stream_sources
2026-05-21 16:31:02,177 | INFO | VCPlatform | [8015937475] Stream restarted via set_stream_sources
2026-05-21 16:31:04,289 | INFO | VCPlatform | [7535601861_2] Stream restarted via set_stream_sources
2026-05-21 16:32:02,754 | INFO | VCPlatform | [6444599625_3] Stream restarted via set_stream_sources
2026-05-21 16:32:43,909 | INFO | VCPlatform | [6444599625] Stream restarted via set_stream_sources
2026-05-21 16:32:44,265 | INFO | VCPlatform | [6444599625_2] Stream restarted via set_stream_sources
2026-05-21 16:33:38,104 | INFO | VCPlatform | [6451644278] Stream restarted via set_stream_sources
2026-05-21 16:37:23,395 | INFO | VCPlatform | [7535601861_2] Stream restarted via set_stream_sources
2026-05-21 16:37:25,277 | INFO | VCPlatform | [8015937475] Stream restarted via set_stream_sources
2026-05-21 16:39:20,867 | INFO | VCPlatform | [6444599625_3] Stream restarted via set_stream_sources
2026-05-21 16:40:02,084 | INFO | VCPlatform | [6444599625] Stream restarted via set_stream_sources
2026-05-21 16:40:02,435 | INFO | VCPlatform | [6444599625_2] Stream restarted via set_stream_sources
2026-05-21 16:43:42,497 | INFO | VCPlatform | [7535601861_2] Stream restarted via set_stream_sources
2026-05-21 16:43:48,379 | INFO | VCPlatform | [8015937475] Stream restarted via set_stream_sources
2026-05-21 16:44:56,209 | INFO | VCPlatform | [6451644278] Stream restarted via set_stream_sources
2026-05-21 16:46:38,966 | INFO | VCPlatform | [6444599625_3] Stream restarted via set_stream_sources
2026-05-21 16:47:20,173 | INFO | VCPlatform | [6444599625] Stream restarted via set_stream_sources
2026-05-21 16:47:20,537 | INFO | VCPlatform | [6444599625_2] Stream restarted via set_stream_sources
2026-05-21 16:50:01,608 | INFO | VCPlatform | [7535601861_2] Stream restarted via set_stream_sources
2026-05-21 16:50:11,492 | INFO | VCPlatform | [8015937475] Stream restarted via set_stream_sources
2026-05-21 16:53:57,069 | INFO | VCPlatform | [6444599625_3] Stream restarted via set_stream_sources
2026-05-21 16:54:38,279 | INFO | VCPlatform | [6444599625] Stream restarted via set_stream_sources
2026-05-21 16:54:38,640 | INFO | VCPlatform | [6444599625_2] Stream restarted via set_stream_sources
2026-05-21 16:56:14,313 | INFO | VCPlatform | [6451644278] Stream restarted via set_stream_sources
2026-05-21 16:56:20,709 | INFO | VCPlatform | [7535601861_2] Stream restarted via set_stream_sources
2026-05-21 16:56:34,592 | INFO | VCPlatform | [8015937475] Stream restarted via set_stream_sources
2026-05-21 17:01:15,171 | INFO | VCPlatform | [6444599625_3] Stream restarted via set_stream_sources
2026-05-21 17:01:56,378 | INFO | VCPlatform | [6444599625] Stream restarted via set_stream_sources
2026-05-21 17:01:56,743 | INFO | VCPlatform | [6444599625_2] Stream restarted via set_stream_sources
2026-05-21 17:02:39,825 | INFO | VCPlatform | [7535601861_2] Stream restarted via set_stream_sources
2026-05-21 17:02:57,695 | INFO | VCPlatform | [8015937475] Stream restarted via set_stream_sources
2026-05-21 17:07:32,415 | INFO | VCPlatform | [6451644278] Stream restarted via set_stream_sources
2026-05-21 17:08:33,277 | INFO | VCPlatform | [6444599625_3] Stream restarted via set_stream_sources
2026-05-21 17:08:58,927 | INFO | VCPlatform | [7535601861_2] Stream restarted via set_stream_sources
2026-05-21 17:09:14,482 | INFO | VCPlatform | [6444599625] Stream restarted via set_stream_sources
2026-05-21 17:09:14,846 | INFO | VCPlatform | [6444599625_2] Stream restarted via set_stream_sources
2026-05-21 17:09:20,797 | INFO | VCPlatform | [8015937475] Stream restarted via set_stream_sources
2026-05-21 17:15:18,029 | INFO | VCPlatform | [7535601861_2] Stream restarted via set_stream_sources
2026-05-21 17:15:43,899 | INFO | VCPlatform | [8015937475] Stream restarted via set_stream_sources
2026-05-21 17:15:51,377 | INFO | VCPlatform | [6444599625_3] Stream restarted via set_stream_sources
2026-05-21 17:16:32,587 | INFO | VCPlatform | [6444599625] Stream restarted via set_stream_sources
2026-05-21 17:16:32,956 | INFO | VCPlatform | [6444599625_2] Stream restarted via set_stream_sources
2026-05-21 17:18:50,520 | INFO | VCPlatform | [6451644278] Stream restarted via set_stream_sources
2026-05-21 17:19:57,571 | INFO | VCPlatform | [6444599625] Reminder sent (2 days left)
2026-05-21 17:21:37,131 | INFO | VCPlatform | [7535601861_2] Stream restarted via set_stream_sources
2026-05-21 17:22:07,002 | INFO | VCPlatform | [8015937475] Stream restarted via set_stream_sources
2026-05-21 17:23:09,490 | INFO | VCPlatform | [6444599625_3] Stream restarted via set_stream_sources
2026-05-21 17:23:50,689 | INFO | VCPlatform | [6444599625] Stream restarted via set_stream_sources
2026-05-21 17:23:51,058 | INFO | VCPlatform | [6444599625_2] Stream restarted via set_stream_sources
2026-05-21 17:27:56,235 | INFO | VCPlatform | [7535601861_2] Stream restarted via set_stream_sources
2026-05-21 17:28:30,107 | INFO | VCPlatform | [8015937475] Stream restarted via set_stream_sources
2026-05-21 17:30:08,633 | INFO | VCPlatform | [6451644278] Stream restarted via set_stream_sources
2026-05-21 17:30:27,591 | INFO | VCPlatform | [6444599625_3] Stream restarted via set_stream_sources
2026-05-21 17:31:08,792 | INFO | VCPlatform | [6444599625] Stream restarted via set_stream_sources
2026-05-21 17:31:09,162 | INFO | VCPlatform | [6444599625_2] Stream restarted via set_stream_sources
2026-05-21 17:34:15,340 | INFO | VCPlatform | [7535601861_2] Stream restarted via set_stream_sources
2026-05-21 17:34:53,208 | INFO | VCPlatform | [8015937475] Stream restarted via set_stream_sources
2026-05-21 17:37:45,698 | INFO | VCPlatform | [6444599625_3] Stream restarted via set_stream_sources
2026-05-21 17:38:26,895 | INFO | VCPlatform | [6444599625] Stream restarted via set_stream_sources
2026-05-21 17:38:27,265 | INFO | VCPlatform | [6444599625_2] Stream restarted via set_stream_sources
2026-05-21 17:40:34,446 | INFO | VCPlatform | [7535601861_2] Stream restarted via set_stream_sources
2026-05-21 17:41:16,313 | INFO | VCPlatform | [8015937475] Stream restarted via set_stream_sources
2026-05-21 17:41:26,735 | INFO | VCPlatform | [6451644278] Stream restarted via set_stream_sources
2026-05-21 17:45:03,981 | INFO | VCPlatform | [6444599625_3] Stream restarted via set_stream_sources
2026-05-21 17:45:44,999 | INFO | VCPlatform | [6444599625] Stream restarted via set_stream_sources
2026-05-21 17:45:45,367 | INFO | VCPlatform | [6444599625_2] Stream restarted via set_stream_sources
2026-05-21 17:46:53,548 | INFO | VCPlatform | [7535601861_2] Stream restarted via set_stream_sources
2026-05-21 17:47:39,416 | INFO | VCPlatform | [8015937475] Stream restarted via set_stream_sources
2026-05-21 17:52:22,080 | INFO | VCPlatform | [6444599625_3] Stream restarted via set_stream_sources
2026-05-21 17:52:44,838 | INFO | VCPlatform | [6451644278] Stream restarted via set_stream_sources
2026-05-21 17:53:03,104 | INFO | VCPlatform | [6444599625] Stream restarted via set_stream_sources
2026-05-21 17:53:03,469 | INFO | VCPlatform | [6444599625_2] Stream restarted via set_stream_sources
2026-05-21 17:53:12,651 | INFO | VCPlatform | [7535601861_2] Stream restarted via set_stream_sources
2026-05-21 17:54:02,519 | INFO | VCPlatform | [8015937475] Stream restarted via set_stream_sources
2026-05-21 17:59:31,758 | INFO | VCPlatform | [7535601861_2] Stream restarted via set_stream_sources
2026-05-21 17:59:40,181 | INFO | VCPlatform | [6444599625_3] Stream restarted via set_stream_sources
2026-05-21 18:00:21,282 | INFO | VCPlatform | [6444599625] Stream restarted via set_stream_sources
2026-05-21 18:00:21,574 | INFO | VCPlatform | [6444599625_2] Stream restarted via set_stream_sources
2026-05-21 18:00:25,621 | INFO | VCPlatform | [8015937475] Stream restarted via set_stream_sources
2026-05-21 18:04:02,942 | INFO | VCPlatform | [6451644278] Stream restarted via set_stream_sources
2026-05-21 18:05:50,862 | INFO | VCPlatform | [7535601861_2] Stream restarted via set_stream_sources
2026-05-21 18:06:48,726 | INFO | VCPlatform | [8015937475] Stream restarted via set_stream_sources
2026-05-21 18:06:58,284 | INFO | VCPlatform | [6444599625_3] Stream restarted via set_stream_sources
2026-05-21 18:07:39,381 | INFO | VCPlatform | [6444599625] Stream restarted via set_stream_sources
2026-05-21 18:07:39,678 | INFO | VCPlatform | [6444599625_2] Stream restarted via set_stream_sources
2026-05-21 18:12:09,966 | INFO | VCPlatform | [7535601861_2] Stream restarted via set_stream_sources
2026-05-21 18:13:11,834 | INFO | VCPlatform | [8015937475] Stream restarted via set_stream_sources
2026-05-21 18:14:16,387 | INFO | VCPlatform | [6444599625_3] Stream restarted via set_stream_sources
2026-05-21 18:14:57,487 | INFO | VCPlatform | [6444599625] Stream restarted via set_stream_sources
2026-05-21 18:14:57,802 | INFO | VCPlatform | [6444599625_2] Stream restarted via set_stream_sources
2026-05-21 18:15:21,045 | INFO | VCPlatform | [6451644278] Stream restarted via set_stream_sources
2026-05-21 18:18:29,083 | INFO | VCPlatform | [7535601861_2] Stream restarted via set_stream_sources
2026-05-21 18:19:34,935 | INFO | VCPlatform | [8015937475] Stream restarted via set_stream_sources
2026-05-21 18:21:34,489 | INFO | VCPlatform | [6444599625_3] Stream restarted via set_stream_sources
2026-05-21 18:22:15,589 | INFO | VCPlatform | [6444599625] Stream restarted via set_stream_sources
2026-05-21 18:22:15,902 | INFO | VCPlatform | [6444599625_2] Stream restarted via set_stream_sources
2026-05-21 18:24:48,189 | INFO | VCPlatform | [7535601861_2] Stream restarted via set_stream_sources
2026-05-21 18:25:58,038 | INFO | VCPlatform | [8015937475] Stream restarted via set_stream_sources
2026-05-21 18:26:39,149 | INFO | VCPlatform | [6451644278] Stream restarted via set_stream_sources
2026-05-21 18:28:52,593 | INFO | VCPlatform | [6444599625_3] Stream restarted via set_stream_sources
2026-05-21 18:29:33,693 | INFO | VCPlatform | [6444599625] Stream restarted via set_stream_sources
2026-05-21 18:29:34,004 | INFO | VCPlatform | [6444599625_2] Stream restarted via set_stream_sources
2026-05-21 18:31:07,305 | INFO | VCPlatform | [7535601861_2] Stream restarted via set_stream_sources
2026-05-21 18:32:21,143 | INFO | VCPlatform | [8015937475] Stream restarted via set_stream_sources
2026-05-21 18:36:10,697 | INFO | VCPlatform | [6444599625_3] Stream restarted via set_stream_sources
2026-05-21 18:36:51,795 | INFO | VCPlatform | [6444599625] Stream restarted via set_stream_sources
2026-05-21 18:36:52,107 | INFO | VCPlatform | [6444599625_2] Stream restarted via set_stream_sources
2026-05-21 18:37:26,408 | INFO | VCPlatform | [7535601861_2] Stream restarted via set_stream_sources
2026-05-21 18:37:57,252 | INFO | VCPlatform | [6451644278] Stream restarted via set_stream_sources
2026-05-21 18:38:44,249 | INFO | VCPlatform | [8015937475] Stream restarted via set_stream_sources
2026-05-21 18:43:28,800 | INFO | VCPlatform | [6444599625_3] Stream restarted via set_stream_sources
2026-05-21 18:43:45,513 | INFO | VCPlatform | [7535601861_2] Stream restarted via set_stream_sources
2026-05-21 18:44:09,896 | INFO | VCPlatform | [6444599625] Stream restarted via set_stream_sources
2026-05-21 18:44:10,210 | INFO | VCPlatform | [6444599625_2] Stream restarted via set_stream_sources
2026-05-21 18:45:07,465 | INFO | VCPlatform | [8015937475] Stream restarted via set_stream_sources
2026-05-21 18:49:15,360 | INFO | VCPlatform | [6451644278] Stream restarted via set_stream_sources
2026-05-21 18:50:04,636 | INFO | VCPlatform | [7535601861_2] Stream restarted via set_stream_sources
2026-05-21 18:50:46,902 | INFO | VCPlatform | [6444599625_3] Stream restarted via set_stream_sources
2026-05-21 18:51:28,021 | INFO | VCPlatform | [6444599625] Stream restarted via set_stream_sources
2026-05-21 18:51:28,313 | INFO | VCPlatform | [6444599625_2] Stream restarted via set_stream_sources
2026-05-21 18:51:30,570 | INFO | VCPlatform | [8015937475] Stream restarted via set_stream_sources
2026-05-21 18:56:23,733 | INFO | VCPlatform | [7535601861_2] Stream restarted via set_stream_sources
2026-05-21 18:57:53,672 | INFO | VCPlatform | [8015937475] Stream restarted via set_stream_sources
2026-05-21 18:58:05,006 | INFO | VCPlatform | [6444599625_3] Stream restarted via set_stream_sources
2026-05-21 18:58:46,117 | INFO | VCPlatform | [6444599625] Stream restarted via set_stream_sources
2026-05-21 18:58:46,413 | INFO | VCPlatform | [6444599625_2] Stream restarted via set_stream_sources
2026-05-21 19:00:33,468 | INFO | VCPlatform | [6451644278] Stream restarted via set_stream_sources
2026-05-21 19:02:42,839 | INFO | VCPlatform | [7535601861_2] Stream restarted via set_stream_sources
2026-05-21 19:04:16,776 | INFO | VCPlatform | [8015937475] Stream restarted via set_stream_sources
2026-05-21 19:05:23,109 | INFO | VCPlatform | [6444599625_3] Stream restarted via set_stream_sources
2026-05-21 19:06:04,219 | INFO | VCPlatform | [6444599625] Stream restarted via set_stream_sources
2026-05-21 19:06:04,515 | INFO | VCPlatform | [6444599625_2] Stream restarted via set_stream_sources
2026-05-21 19:09:01,981 | INFO | VCPlatform | [7535601861_2] Stream restarted via set_stream_sources
2026-05-21 19:10:39,882 | INFO | VCPlatform | [8015937475] Stream restarted via set_stream_sources
2026-05-21 19:11:51,570 | INFO | VCPlatform | [6451644278] Stream restarted via set_stream_sources
2026-05-21 19:12:41,212 | INFO | VCPlatform | [6444599625_3] Stream restarted via set_stream_sources
2026-05-21 19:13:22,323 | INFO | VCPlatform | [6444599625] Stream restarted via set_stream_sources
2026-05-21 19:13:22,617 | INFO | VCPlatform | [6444599625_2] Stream restarted via set_stream_sources
2026-05-21 19:15:21,085 | INFO | VCPlatform | [7535601861_2] Stream restarted via set_stream_sources
2026-05-21 19:17:03,081 | INFO | VCPlatform | [8015937475] Stream restarted via set_stream_sources
2026-05-21 19:19:59,315 | INFO | VCPlatform | [6444599625_3] Stream restarted via set_stream_sources
2026-05-21 19:20:40,430 | INFO | VCPlatform | [6444599625] Stream restarted via set_stream_sources
2026-05-21 19:20:40,722 | INFO | VCPlatform | [6444599625_2] Stream restarted via set_stream_sources
2026-05-21 19:21:40,184 | INFO | VCPlatform | [7535601861_2] Stream restarted via set_stream_sources
2026-05-21 19:23:09,674 | INFO | VCPlatform | [6451644278] Stream restarted via set_stream_sources
2026-05-21 19:23:26,185 | INFO | VCPlatform | [8015937475] Stream restarted via set_stream_sources
2026-05-21 19:27:17,420 | INFO | VCPlatform | [6444599625_3] Stream restarted via set_stream_sources
2026-05-21 19:27:58,535 | INFO | VCPlatform | [6444599625] Stream restarted via set_stream_sources
2026-05-21 19:27:58,822 | INFO | VCPlatform | [6444599625_2] Stream restarted via set_stream_sources
2026-05-21 19:27:59,287 | INFO | VCPlatform | [7535601861_2] Stream restarted via set_stream_sources
2026-05-21 19:29:49,289 | INFO | VCPlatform | [8015937475] Stream restarted via set_stream_sources
2026-05-21 19:34:18,393 | INFO | VCPlatform | [7535601861_2] Stream restarted via set_stream_sources
2026-05-21 19:34:27,776 | INFO | VCPlatform | [6451644278] Stream restarted via set_stream_sources
2026-05-21 19:34:35,522 | INFO | VCPlatform | [6444599625_3] Stream restarted via set_stream_sources
2026-05-21 19:35:16,641 | INFO | VCPlatform | [6444599625] Stream restarted via set_stream_sources
2026-05-21 19:35:16,924 | INFO | VCPlatform | [6444599625_2] Stream restarted via set_stream_sources
2026-05-21 19:36:12,391 | INFO | VCPlatform | [8015937475] Stream restarted via set_stream_sources
2026-05-21 19:40:37,498 | INFO | VCPlatform | [7535601861_2] Stream restarted via set_stream_sources
2026-05-21 19:41:53,626 | INFO | VCPlatform | [6444599625_3] Stream restarted via set_stream_sources
2026-05-21 19:42:34,744 | INFO | VCPlatform | [6444599625] Stream restarted via set_stream_sources
2026-05-21 19:42:35,027 | INFO | VCPlatform | [6444599625_2] Stream restarted via set_stream_sources
2026-05-21 19:42:35,494 | INFO | VCPlatform | [8015937475] Stream restarted via set_stream_sources
2026-05-21 19:45:45,880 | INFO | VCPlatform | [6451644278] Stream restarted via set_stream_sources
2026-05-21 19:46:56,603 | INFO | VCPlatform | [7535601861_2] Stream restarted via set_stream_sources
2026-05-21 19:48:58,597 | INFO | VCPlatform | [8015937475] Stream restarted via set_stream_sources
2026-05-21 19:49:11,733 | INFO | VCPlatform | [6444599625_3] Stream restarted via set_stream_sources
2026-05-21 19:49:52,851 | INFO | VCPlatform | [6444599625] Stream restarted via set_stream_sources
2026-05-21 19:49:53,132 | INFO | VCPlatform | [6444599625_2] Stream restarted via set_stream_sources
2026-05-21 19:53:15,705 | INFO | VCPlatform | [7535601861_2] Stream restarted via set_stream_sources
2026-05-21 19:55:21,700 | INFO | VCPlatform | [8015937475] Stream restarted via set_stream_sources
2026-05-21 19:56:29,839 | INFO | VCPlatform | [6444599625_3] Stream restarted via set_stream_sources
2026-05-21 19:57:03,982 | INFO | VCPlatform | [6451644278] Stream restarted via set_stream_sources
2026-05-21 19:57:10,955 | INFO | VCPlatform | [6444599625] Stream restarted via set_stream_sources
2026-05-21 19:57:11,232 | INFO | VCPlatform | [6444599625_2] Stream restarted via set_stream_sources
2026-05-21 19:59:34,808 | INFO | VCPlatform | [7535601861_2] Stream restarted via set_stream_sources
2026-05-21 20:01:44,803 | INFO | VCPlatform | [8015937475] Stream restarted via set_stream_sources
2026-05-21 20:03:47,963 | INFO | VCPlatform | [6444599625_3] Stream restarted via set_stream_sources
2026-05-21 20:04:29,059 | INFO | VCPlatform | [6444599625] Stream restarted via set_stream_sources
2026-05-21 20:04:29,335 | INFO | VCPlatform | [6444599625_2] Stream restarted via set_stream_sources
2026-05-21 20:05:53,910 | INFO | VCPlatform | [7535601861_2] Stream restarted via set_stream_sources
2026-05-21 20:08:07,906 | INFO | VCPlatform | [8015937475] Stream restarted via set_stream_sources
2026-05-21 20:08:22,087 | INFO | VCPlatform | [6451644278] Stream restarted via set_stream_sources
2026-05-21 20:11:06,057 | INFO | VCPlatform | [6444599625_3] Stream restarted via set_stream_sources
2026-05-21 20:11:47,164 | INFO | VCPlatform | [6444599625] Stream restarted via set_stream_sources
2026-05-21 20:11:47,438 | INFO | VCPlatform | [6444599625_2] Stream restarted via set_stream_sources
2026-05-21 20:12:13,011 | INFO | VCPlatform | [7535601861_2] Stream restarted via set_stream_sources
2026-05-21 20:14:31,011 | INFO | VCPlatform | [8015937475] Stream restarted via set_stream_sources
2026-05-21 20:18:24,162 | INFO | VCPlatform | [6444599625_3] Stream restarted via set_stream_sources
2026-05-21 20:18:32,113 | INFO | VCPlatform | [7535601861_2] Stream restarted via set_stream_sources
2026-05-21 20:19:05,267 | INFO | VCPlatform | [6444599625] Stream restarted via set_stream_sources
2026-05-21 20:19:05,540 | INFO | VCPlatform | [6444599625_2] Stream restarted via set_stream_sources
2026-05-21 20:19:40,195 | INFO | VCPlatform | [6451644278] Stream restarted via set_stream_sources
2026-05-21 20:20:54,115 | INFO | VCPlatform | [8015937475] Stream restarted via set_stream_sources
2026-05-21 20:24:51,218 | INFO | VCPlatform | [7535601861_2] Stream restarted via set_stream_sources
2026-05-21 20:25:42,268 | INFO | VCPlatform | [6444599625_3] Stream restarted via set_stream_sources
2026-05-21 20:26:23,370 | INFO | VCPlatform | [6444599625] Stream restarted via set_stream_sources
2026-05-21 20:26:23,642 | INFO | VCPlatform | [6444599625_2] Stream restarted via set_stream_sources
2026-05-21 20:27:17,217 | INFO | VCPlatform | [8015937475] Stream restarted via set_stream_sources
2026-05-21 20:30:58,302 | INFO | VCPlatform | [6451644278] Stream restarted via set_stream_sources
2026-05-21 20:31:10,321 | INFO | VCPlatform | [7535601861_2] Stream restarted via set_stream_sources
2026-05-21 20:33:00,375 | INFO | VCPlatform | [6444599625_3] Stream restarted via set_stream_sources
2026-05-21 20:33:40,319 | INFO | VCPlatform | [8015937475] Stream restarted via set_stream_sources
2026-05-21 20:33:41,471 | INFO | VCPlatform | [6444599625] Stream restarted via set_stream_sources
2026-05-21 20:33:41,746 | INFO | VCPlatform | [6444599625_2] Stream restarted via set_stream_sources
2026-05-21 20:37:29,424 | INFO | VCPlatform | [7535601861_2] Stream restarted via set_stream_sources
2026-05-21 20:40:03,593 | INFO | VCPlatform | [8015937475] Stream restarted via set_stream_sources
2026-05-21 20:40:18,477 | INFO | VCPlatform | [6444599625_3] Stream restarted via set_stream_sources
2026-05-21 20:40:59,573 | INFO | VCPlatform | [6444599625] Stream restarted via set_stream_sources
2026-05-21 20:40:59,848 | INFO | VCPlatform | [6444599625_2] Stream restarted via set_stream_sources
2026-05-21 20:42:16,401 | INFO | VCPlatform | [6451644278] Stream restarted via set_stream_sources
2026-05-21 20:43:48,532 | INFO | VCPlatform | [7535601861_2] Stream restarted via set_stream_sources
2026-05-21 20:46:26,547 | INFO | VCPlatform | [8015937475] Stream restarted via set_stream_sources
2026-05-21 20:47:36,581 | INFO | VCPlatform | [6444599625_3] Stream restarted via set_stream_sources
2026-05-21 20:48:17,676 | INFO | VCPlatform | [6444599625] Stream restarted via set_stream_sources
2026-05-21 20:48:17,952 | INFO | VCPlatform | [6444599625_2] Stream restarted via set_stream_sources
2026-05-21 20:50:07,676 | INFO | VCPlatform | [7535601861_2] Stream restarted via set_stream_sources
2026-05-21 20:52:49,651 | INFO | VCPlatform | [8015937475] Stream restarted via set_stream_sources
2026-05-21 20:53:34,505 | INFO | VCPlatform | [6451644278] Stream restarted via set_stream_sources
2026-05-21 20:54:54,683 | INFO | VCPlatform | [6444599625_3] Stream restarted via set_stream_sources
2026-05-21 20:55:35,783 | INFO | VCPlatform | [6444599625] Stream restarted via set_stream_sources
2026-05-21 20:55:36,055 | INFO | VCPlatform | [6444599625_2] Stream restarted via set_stream_sources
2026-05-21 20:56:26,773 | INFO | VCPlatform | [7535601861_2] Stream restarted via set_stream_sources
2026-05-21 20:59:12,754 | INFO | VCPlatform | [8015937475] Stream restarted via set_stream_sources
2026-05-21 21:02:12,788 | INFO | VCPlatform | [6444599625_3] Stream restarted via set_stream_sources
2026-05-21 21:02:45,879 | INFO | VCPlatform | [7535601861_2] Stream restarted via set_stream_sources
2026-05-21 21:02:53,886 | INFO | VCPlatform | [6444599625] Stream restarted via set_stream_sources
2026-05-21 21:02:54,159 | INFO | VCPlatform | [6444599625_2] Stream restarted via set_stream_sources
2026-05-21 21:04:52,611 | INFO | VCPlatform | [6451644278] Stream restarted via set_stream_sources
2026-05-21 21:05:35,857 | INFO | VCPlatform | [8015937475] Stream restarted via set_stream_sources
2026-05-21 21:09:04,984 | INFO | VCPlatform | [7535601861_2] Stream restarted via set_stream_sources
2026-05-21 21:09:30,890 | INFO | VCPlatform | [6444599625_3] Stream restarted via set_stream_sources
2026-05-21 21:10:11,988 | INFO | VCPlatform | [6444599625] Stream restarted via set_stream_sources
2026-05-21 21:10:12,269 | INFO | VCPlatform | [6444599625_2] Stream restarted via set_stream_sources
2026-05-21 21:11:58,959 | INFO | VCPlatform | [8015937475] Stream restarted via set_stream_sources
2026-05-21 21:15:24,087 | INFO | VCPlatform | [7535601861_2] Stream restarted via set_stream_sources
2026-05-21 21:16:10,715 | INFO | VCPlatform | [6451644278] Stream restarted via set_stream_sources
2026-05-21 21:16:48,995 | INFO | VCPlatform | [6444599625_3] Stream restarted via set_stream_sources
2026-05-21 21:17:30,194 | INFO | VCPlatform | [6444599625] Stream restarted via set_stream_sources
2026-05-21 21:17:30,373 | INFO | VCPlatform | [6444599625_2] Stream restarted via set_stream_sources
2026-05-21 21:18:22,063 | INFO | VCPlatform | [8015937475] Stream restarted via set_stream_sources
2026-05-21 21:21:43,192 | INFO | VCPlatform | [7535601861_2] Stream restarted via set_stream_sources
2026-05-21 21:24:07,097 | INFO | VCPlatform | [6444599625_3] Stream restarted via set_stream_sources
2026-05-21 21:24:45,167 | INFO | VCPlatform | [8015937475] Stream restarted via set_stream_sources
2026-05-21 21:24:48,294 | INFO | VCPlatform | [6444599625] Stream restarted via set_stream_sources
2026-05-21 21:24:48,475 | INFO | VCPlatform | [6444599625_2] Stream restarted via set_stream_sources
2026-05-21 21:27:28,819 | INFO | VCPlatform | [6451644278] Stream restarted via set_stream_sources
2026-05-21 21:28:02,385 | INFO | VCPlatform | [7535601861_2] Stream restarted via set_stream_sources
2026-05-21 21:31:08,270 | INFO | VCPlatform | [8015937475] Stream restarted via set_stream_sources
2026-05-21 21:31:25,202 | INFO | VCPlatform | [6444599625_3] Stream restarted via set_stream_sources
2026-05-21 21:32:06,396 | INFO | VCPlatform | [6444599625] Stream restarted via set_stream_sources
2026-05-21 21:32:06,577 | INFO | VCPlatform | [6444599625_2] Stream restarted via set_stream_sources
2026-05-21 21:34:21,488 | INFO | VCPlatform | [7535601861_2] Stream restarted via set_stream_sources
2026-05-21 21:37:31,375 | INFO | VCPlatform | [8015937475] Stream restarted via set_stream_sources
2026-05-21 21:38:43,317 | INFO | VCPlatform | [6444599625_3] Stream restarted via set_stream_sources
2026-05-21 21:38:46,923 | INFO | VCPlatform | [6451644278] Stream restarted via set_stream_sources
2026-05-21 21:39:24,510 | INFO | VCPlatform | [6444599625] Stream restarted via set_stream_sources
2026-05-21 21:39:24,679 | INFO | VCPlatform | [6444599625_2] Stream restarted via set_stream_sources
2026-05-21 21:40:40,592 | INFO | VCPlatform | [7535601861_2] Stream restarted via set_stream_sources
2026-05-21 21:43:54,477 | INFO | VCPlatform | [8015937475] Stream restarted via set_stream_sources
2026-05-21 21:46:01,431 | INFO | VCPlatform | [6444599625_3] Stream restarted via set_stream_sources
2026-05-21 21:46:42,614 | INFO | VCPlatform | [6444599625] Stream restarted via set_stream_sources
2026-05-21 21:46:42,781 | INFO | VCPlatform | [6444599625_2] Stream restarted via set_stream_sources
2026-05-21 21:46:59,694 | INFO | VCPlatform | [7535601861_2] Stream restarted via set_stream_sources
2026-05-21 21:50:05,026 | INFO | VCPlatform | [6451644278] Stream restarted via set_stream_sources
2026-05-21 21:50:17,580 | INFO | VCPlatform | [8015937475] Stream restarted via set_stream_sources
2026-05-21 21:53:18,797 | INFO | VCPlatform | [7535601861_2] Stream restarted via set_stream_sources
2026-05-21 21:53:19,532 | INFO | VCPlatform | [6444599625_3] Stream restarted via set_stream_sources
2026-05-21 21:54:00,718 | INFO | VCPlatform | [6444599625] Stream restarted via set_stream_sources
2026-05-21 21:54:00,883 | INFO | VCPlatform | [6444599625_2] Stream restarted via set_stream_sources
2026-05-21 21:56:40,683 | INFO | VCPlatform | [8015937475] Stream restarted via set_stream_sources
2026-05-21 21:59:37,899 | INFO | VCPlatform | [7535601861_2] Stream restarted via set_stream_sources
2026-05-21 22:00:37,635 | INFO | VCPlatform | [6444599625_3] Stream restarted via set_stream_sources
2026-05-21 22:01:18,821 | INFO | VCPlatform | [6444599625] Stream restarted via set_stream_sources
2026-05-21 22:01:18,986 | INFO | VCPlatform | [6444599625_2] Stream restarted via set_stream_sources
2026-05-21 22:01:23,127 | INFO | VCPlatform | [6451644278] Stream restarted via set_stream_sources
2026-05-21 22:03:03,787 | INFO | VCPlatform | [8015937475] Stream restarted via set_stream_sources
2026-05-21 22:05:57,004 | INFO | VCPlatform | [7535601861_2] Stream restarted via set_stream_sources
2026-05-21 22:07:55,740 | INFO | VCPlatform | [6444599625_3] Stream restarted via set_stream_sources
2026-05-21 22:08:36,924 | INFO | VCPlatform | [6444599625] Stream restarted via set_stream_sources
2026-05-21 22:08:37,091 | INFO | VCPlatform | [6444599625_2] Stream restarted via set_stream_sources
2026-05-21 22:09:26,891 | INFO | VCPlatform | [8015937475] Stream restarted via set_stream_sources
2026-05-21 22:12:16,106 | INFO | VCPlatform | [7535601861_2] Stream restarted via set_stream_sources
2026-05-21 22:12:41,229 | INFO | VCPlatform | [6451644278] Stream restarted via set_stream_sources
2026-05-21 22:15:13,853 | INFO | VCPlatform | [6444599625_3] Stream restarted via set_stream_sources
2026-05-21 22:15:49,994 | INFO | VCPlatform | [8015937475] Stream restarted via set_stream_sources
2026-05-21 22:15:55,031 | INFO | VCPlatform | [6444599625] Stream restarted via set_stream_sources
2026-05-21 22:15:55,193 | INFO | VCPlatform | [6444599625_2] Stream restarted via set_stream_sources
2026-05-21 22:18:35,211 | INFO | VCPlatform | [7535601861_2] Stream restarted via set_stream_sources
2026-05-21 22:22:13,095 | INFO | VCPlatform | [8015937475] Stream restarted via set_stream_sources
2026-05-21 22:22:31,957 | INFO | VCPlatform | [6444599625_3] Stream restarted via set_stream_sources
2026-05-21 22:23:13,135 | INFO | VCPlatform | [6444599625] Stream restarted via set_stream_sources
2026-05-21 22:23:13,295 | INFO | VCPlatform | [6444599625_2] Stream restarted via set_stream_sources
2026-05-21 22:23:59,332 | INFO | VCPlatform | [6451644278] Stream restarted via set_stream_sources
2026-05-21 22:24:54,313 | INFO | VCPlatform | [7535601861_2] Stream restarted via set_stream_sources
2026-05-21 22:28:36,198 | INFO | VCPlatform | [8015937475] Stream restarted via set_stream_sources
2026-05-21 22:29:50,062 | INFO | VCPlatform | [6444599625_3] Stream restarted via set_stream_sources
2026-05-21 22:30:31,239 | INFO | VCPlatform | [6444599625] Stream restarted via set_stream_sources
2026-05-21 22:30:31,397 | INFO | VCPlatform | [6444599625_2] Stream restarted via set_stream_sources
2026-05-21 22:31:13,417 | INFO | VCPlatform | [7535601861_2] Stream restarted via set_stream_sources
2026-05-21 22:34:59,305 | INFO | VCPlatform | [8015937475] Stream restarted via set_stream_sources
2026-05-21 22:35:17,435 | INFO | VCPlatform | [6451644278] Stream restarted via set_stream_sources
2026-05-21 22:37:08,165 | INFO | VCPlatform | [6444599625_3] Stream restarted via set_stream_sources
2026-05-21 22:37:32,518 | INFO | VCPlatform | [7535601861_2] Stream restarted via set_stream_sources
2026-05-21 22:37:49,339 | INFO | VCPlatform | [6444599625] Stream restarted via set_stream_sources
2026-05-21 22:37:49,500 | INFO | VCPlatform | [6444599625_2] Stream restarted via set_stream_sources
2026-05-21 22:41:22,410 | INFO | VCPlatform | [8015937475] Stream restarted via set_stream_sources
2026-05-21 22:43:51,622 | INFO | VCPlatform | [7535601861_2] Stream restarted via set_stream_sources
2026-05-21 22:44:26,269 | INFO | VCPlatform | [6444599625_3] Stream restarted via set_stream_sources
2026-05-21 22:45:07,443 | INFO | VCPlatform | [6444599625] Stream restarted via set_stream_sources
2026-05-21 22:45:07,602 | INFO | VCPlatform | [6444599625_2] Stream restarted via set_stream_sources
2026-05-21 22:46:35,543 | INFO | VCPlatform | [6451644278] Stream restarted via set_stream_sources
2026-05-21 22:47:45,510 | INFO | VCPlatform | [8015937475] Stream restarted via set_stream_sources
2026-05-21 22:50:10,726 | INFO | VCPlatform | [7535601861_2] Stream restarted via set_stream_sources
2026-05-21 22:51:44,386 | INFO | VCPlatform | [6444599625_3] Stream restarted via set_stream_sources
2026-05-21 22:52:25,547 | INFO | VCPlatform | [6444599625] Stream restarted via set_stream_sources
2026-05-21 22:52:25,705 | INFO | VCPlatform | [6444599625_2] Stream restarted via set_stream_sources
2026-05-21 22:54:08,623 | INFO | VCPlatform | [8015937475] Stream restarted via set_stream_sources
2026-05-21 22:56:29,830 | INFO | VCPlatform | [7535601861_2] Stream restarted via set_stream_sources
2026-05-21 22:57:53,646 | INFO | VCPlatform | [6451644278] Stream restarted via set_stream_sources
2026-05-21 22:59:02,512 | INFO | VCPlatform | [6444599625_3] Stream restarted via set_stream_sources
2026-05-21 22:59:43,651 | INFO | VCPlatform | [6444599625] Stream restarted via set_stream_sources
2026-05-21 22:59:43,806 | INFO | VCPlatform | [6444599625_2] Stream restarted via set_stream_sources
2026-05-21 23:00:31,726 | INFO | VCPlatform | [8015937475] Stream restarted via set_stream_sources
2026-05-21 23:02:48,933 | INFO | VCPlatform | [7535601861_2] Stream restarted via set_stream_sources
2026-05-21 23:06:20,615 | INFO | VCPlatform | [6444599625_3] Stream restarted via set_stream_sources
2026-05-21 23:06:54,829 | INFO | VCPlatform | [8015937475] Stream restarted via set_stream_sources
2026-05-21 23:07:01,769 | INFO | VCPlatform | [6444599625] Stream restarted via set_stream_sources
2026-05-21 23:07:01,908 | INFO | VCPlatform | [6444599625_2] Stream restarted via set_stream_sources
2026-05-21 23:09:08,036 | INFO | VCPlatform | [7535601861_2] Stream restarted via set_stream_sources
2026-05-21 23:09:11,751 | INFO | VCPlatform | [6451644278] Stream restarted via set_stream_sources
2026-05-21 23:13:17,934 | INFO | VCPlatform | [8015937475] Stream restarted via set_stream_sources
2026-05-21 23:13:38,718 | INFO | VCPlatform | [6444599625_3] Stream restarted via set_stream_sources
2026-05-21 23:14:19,872 | INFO | VCPlatform | [6444599625] Stream restarted via set_stream_sources
2026-05-21 23:14:20,015 | INFO | VCPlatform | [6444599625_2] Stream restarted via set_stream_sources
2026-05-21 23:15:27,140 | INFO | VCPlatform | [7535601861_2] Stream restarted via set_stream_sources
2026-05-21 23:19:41,038 | INFO | VCPlatform | [8015937475] Stream restarted via set_stream_sources
2026-05-21 23:20:29,851 | INFO | VCPlatform | [6451644278] Stream restarted via set_stream_sources
2026-05-21 23:20:56,822 | INFO | VCPlatform | [6444599625_3] Stream restarted via set_stream_sources
2026-05-21 23:21:37,974 | INFO | VCPlatform | [6444599625] Stream restarted via set_stream_sources
2026-05-21 23:21:38,116 | INFO | VCPlatform | [6444599625_2] Stream restarted via set_stream_sources
2026-05-21 23:21:46,243 | INFO | VCPlatform | [7535601861_2] Stream restarted via set_stream_sources
2026-05-21 23:26:04,145 | INFO | VCPlatform | [8015937475] Stream restarted via set_stream_sources
2026-05-21 23:28:05,351 | INFO | VCPlatform | [7535601861_2] Stream restarted via set_stream_sources
2026-05-21 23:28:14,924 | INFO | VCPlatform | [6444599625_3] Stream restarted via set_stream_sources
2026-05-21 23:28:56,078 | INFO | VCPlatform | [6444599625] Stream restarted via set_stream_sources
2026-05-21 23:28:56,227 | INFO | VCPlatform | [6444599625_2] Stream restarted via set_stream_sources
2026-05-21 23:31:47,969 | INFO | VCPlatform | [6451644278] Stream restarted via set_stream_sources
2026-05-21 23:32:27,249 | INFO | VCPlatform | [8015937475] Stream restarted via set_stream_sources
2026-05-21 23:34:24,453 | INFO | VCPlatform | [7535601861_2] Stream restarted via set_stream_sources
2026-05-21 23:35:33,025 | INFO | VCPlatform | [6444599625_3] Stream restarted via set_stream_sources
2026-05-21 23:36:14,181 | INFO | VCPlatform | [6444599625] Stream restarted via set_stream_sources
2026-05-21 23:36:14,325 | INFO | VCPlatform | [6444599625_2] Stream restarted via set_stream_sources
2026-05-21 23:38:50,351 | INFO | VCPlatform | [8015937475] Stream restarted via set_stream_sources
2026-05-21 23:40:43,562 | INFO | VCPlatform | [7535601861_2] Stream restarted via set_stream_sources
2026-05-21 23:42:51,130 | INFO | VCPlatform | [6444599625_3] Stream restarted via set_stream_sources
2026-05-21 23:43:06,066 | INFO | VCPlatform | [6451644278] Stream restarted via set_stream_sources
2026-05-21 23:43:32,284 | INFO | VCPlatform | [6444599625] Stream restarted via set_stream_sources
2026-05-21 23:43:32,428 | INFO | VCPlatform | [6444599625_2] Stream restarted via set_stream_sources
2026-05-21 23:45:13,458 | INFO | VCPlatform | [8015937475] Stream restarted via set_stream_sources
2026-05-21 23:47:02,664 | INFO | VCPlatform | [7535601861_2] Stream restarted via set_stream_sources
2026-05-21 23:50:09,235 | INFO | VCPlatform | [6444599625_3] Stream restarted via set_stream_sources
2026-05-21 23:50:50,388 | INFO | VCPlatform | [6444599625] Stream restarted via set_stream_sources
2026-05-21 23:50:50,533 | INFO | VCPlatform | [6444599625_2] Stream restarted via set_stream_sources
2026-05-21 23:51:36,560 | INFO | VCPlatform | [8015937475] Stream restarted via set_stream_sources
2026-05-21 23:53:21,768 | INFO | VCPlatform | [7535601861_2] Stream restarted via set_stream_sources
2026-05-21 23:54:24,170 | INFO | VCPlatform | [6451644278] Stream restarted via set_stream_sources
2026-05-21 23:57:27,339 | INFO | VCPlatform | [6444599625_3] Stream restarted via set_stream_sources
2026-05-21 23:57:59,663 | INFO | VCPlatform | [8015937475] Stream restarted via set_stream_sources
2026-05-21 23:58:08,492 | INFO | VCPlatform | [6444599625] Stream restarted via set_stream_sources
2026-05-21 23:58:08,636 | INFO | VCPlatform | [6444599625_2] Stream restarted via set_stream_sources
2026-05-21 23:59:40,871 | INFO | VCPlatform | [7535601861_2] Stream restarted via set_stream_sources
2026-05-22 00:04:22,766 | INFO | VCPlatform | [8015937475] Stream restarted via set_stream_sources
2026-05-22 00:04:45,441 | INFO | VCPlatform | [6444599625_3] Stream restarted via set_stream_sources
2026-05-22 00:05:26,595 | INFO | VCPlatform | [6444599625] Stream restarted via set_stream_sources
2026-05-22 00:05:26,738 | INFO | VCPlatform | [6444599625_2] Stream restarted via set_stream_sources
2026-05-22 00:05:42,272 | INFO | VCPlatform | [6451644278] Stream restarted via set_stream_sources
2026-05-22 00:05:59,973 | INFO | VCPlatform | [7535601861_2] Stream restarted via set_stream_sources
2026-05-22 00:10:45,869 | INFO | VCPlatform | [8015937475] Stream restarted via set_stream_sources
2026-05-22 00:12:03,546 | INFO | VCPlatform | [6444599625_3] Stream restarted via set_stream_sources
2026-05-22 00:12:19,077 | INFO | VCPlatform | [7535601861_2] Stream restarted via set_stream_sources
2026-05-22 00:12:44,696 | INFO | VCPlatform | [6444599625] Stream restarted via set_stream_sources
2026-05-22 00:12:44,843 | INFO | VCPlatform | [6444599625_2] Stream restarted via set_stream_sources
2026-05-22 00:17:00,377 | INFO | VCPlatform | [6451644278] Stream restarted via set_stream_sources
2026-05-22 00:17:09,022 | INFO | VCPlatform | [8015937475] Stream restarted via set_stream_sources
2026-05-22 00:18:38,181 | INFO | VCPlatform | [7535601861_2] Stream restarted via set_stream_sources
2026-05-22 00:19:21,649 | INFO | VCPlatform | [6444599625_3] Stream restarted via set_stream_sources
2026-05-22 00:20:03,107 | INFO | VCPlatform | [6444599625] Stream restarted via set_stream_sources
2026-05-22 00:20:03,186 | INFO | VCPlatform | [6444599625_2] Stream restarted via set_stream_sources
2026-05-22 00:23:32,123 | INFO | VCPlatform | [8015937475] Stream restarted via set_stream_sources
2026-05-22 00:24:57,283 | INFO | VCPlatform | [7535601861_2] Stream restarted via set_stream_sources
2026-05-22 00:26:39,753 | INFO | VCPlatform | [6444599625_3] Stream restarted via set_stream_sources
2026-05-22 00:27:21,211 | INFO | VCPlatform | [6444599625] Stream restarted via set_stream_sources
2026-05-22 00:27:21,285 | INFO | VCPlatform | [6444599625_2] Stream restarted via set_stream_sources
2026-05-22 00:28:18,478 | INFO | VCPlatform | [6451644278] Stream restarted via set_stream_sources
2026-05-22 00:29:55,227 | INFO | VCPlatform | [8015937475] Stream restarted via set_stream_sources
2026-05-22 00:31:16,399 | INFO | VCPlatform | [7535601861_2] Stream restarted via set_stream_sources
2026-05-22 00:33:57,891 | INFO | VCPlatform | [6444599625_3] Stream restarted via set_stream_sources
2026-05-22 00:34:39,312 | INFO | VCPlatform | [6444599625] Stream restarted via set_stream_sources
2026-05-22 00:34:39,389 | INFO | VCPlatform | [6444599625_2] Stream restarted via set_stream_sources
2026-05-22 00:36:18,334 | INFO | VCPlatform | [8015937475] Stream restarted via set_stream_sources
2026-05-22 00:37:35,503 | INFO | VCPlatform | [7535601861_2] Stream restarted via set_stream_sources
2026-05-22 00:39:36,581 | INFO | VCPlatform | [6451644278] Stream restarted via set_stream_sources
2026-05-22 00:41:15,991 | INFO | VCPlatform | [6444599625_3] Stream restarted via set_stream_sources
2026-05-22 00:41:57,414 | INFO | VCPlatform | [6444599625] Stream restarted via set_stream_sources
2026-05-22 00:41:57,489 | INFO | VCPlatform | [6444599625_2] Stream restarted via set_stream_sources
2026-05-22 00:42:41,435 | INFO | VCPlatform | [8015937475] Stream restarted via set_stream_sources
2026-05-22 00:43:54,608 | INFO | VCPlatform | [7535601861_2] Stream restarted via set_stream_sources
2026-05-22 00:48:34,095 | INFO | VCPlatform | [6444599625_3] Stream restarted via set_stream_sources
2026-05-22 00:49:04,538 | INFO | VCPlatform | [8015937475] Stream restarted via set_stream_sources
2026-05-22 00:49:15,518 | INFO | VCPlatform | [6444599625] Stream restarted via set_stream_sources
2026-05-22 00:49:15,592 | INFO | VCPlatform | [6444599625_2] Stream restarted via set_stream_sources
2026-05-22 00:50:13,709 | INFO | VCPlatform | [7535601861_2] Stream restarted via set_stream_sources
2026-05-22 00:50:54,684 | INFO | VCPlatform | [6451644278] Stream restarted via set_stream_sources
2026-05-22 00:55:27,642 | INFO | VCPlatform | [8015937475] Stream restarted via set_stream_sources
2026-05-22 00:55:52,202 | INFO | VCPlatform | [6444599625_3] Stream restarted via set_stream_sources
2026-05-22 00:56:32,811 | INFO | VCPlatform | [7535601861_2] Stream restarted via set_stream_sources
2026-05-22 00:56:33,620 | INFO | VCPlatform | [6444599625] Stream restarted via set_stream_sources
2026-05-22 00:56:33,695 | INFO | VCPlatform | [6444599625_2] Stream restarted via set_stream_sources
2026-05-22 01:01:50,747 | INFO | VCPlatform | [8015937475] Stream restarted via set_stream_sources
2026-05-22 01:02:12,785 | INFO | VCPlatform | [6451644278] Stream restarted via set_stream_sources
2026-05-22 01:02:51,920 | INFO | VCPlatform | [7535601861_2] Stream restarted via set_stream_sources
2026-05-22 01:03:10,305 | INFO | VCPlatform | [6444599625_3] Stream restarted via set_stream_sources
2026-05-22 01:03:51,725 | INFO | VCPlatform | [6444599625] Stream restarted via set_stream_sources
2026-05-22 01:03:51,797 | INFO | VCPlatform | [6444599625_2] Stream restarted via set_stream_sources
2026-05-22 01:08:13,852 | INFO | VCPlatform | [8015937475] Stream restarted via set_stream_sources
2026-05-22 01:09:11,021 | INFO | VCPlatform | [7535601861_2] Stream restarted via set_stream_sources
2026-05-22 01:10:28,409 | INFO | VCPlatform | [6444599625_3] Stream restarted via set_stream_sources
2026-05-22 01:11:09,827 | INFO | VCPlatform | [6444599625] Stream restarted via set_stream_sources
2026-05-22 01:11:09,898 | INFO | VCPlatform | [6444599625_2] Stream restarted via set_stream_sources
2026-05-22 01:13:30,888 | INFO | VCPlatform | [6451644278] Stream restarted via set_stream_sources
2026-05-22 01:14:36,953 | INFO | VCPlatform | [8015937475] Stream restarted via set_stream_sources
2026-05-22 01:15:30,126 | INFO | VCPlatform | [7535601861_2] Stream restarted via set_stream_sources
2026-05-22 01:17:46,514 | INFO | VCPlatform | [6444599625_3] Stream restarted via set_stream_sources
2026-05-22 01:18:27,930 | INFO | VCPlatform | [6444599625] Stream restarted via set_stream_sources
2026-05-22 01:18:28,000 | INFO | VCPlatform | [6444599625_2] Stream restarted via set_stream_sources
2026-05-22 01:21:00,062 | INFO | VCPlatform | [8015937475] Stream restarted via set_stream_sources
2026-05-22 01:21:49,230 | INFO | VCPlatform | [7535601861_2] Stream restarted via set_stream_sources
2026-05-22 01:24:48,991 | INFO | VCPlatform | [6451644278] Stream restarted via set_stream_sources
2026-05-22 01:25:04,616 | INFO | VCPlatform | [6444599625_3] Stream restarted via set_stream_sources
2026-05-22 01:25:46,031 | INFO | VCPlatform | [6444599625] Stream restarted via set_stream_sources
2026-05-22 01:25:46,104 | INFO | VCPlatform | [6444599625_2] Stream restarted via set_stream_sources
2026-05-22 01:27:23,166 | INFO | VCPlatform | [8015937475] Stream restarted via set_stream_sources
2026-05-22 01:28:08,334 | INFO | VCPlatform | [7535601861_2] Stream restarted via set_stream_sources
2026-05-22 01:32:22,723 | INFO | VCPlatform | [6444599625_3] Stream restarted via set_stream_sources
2026-05-22 01:33:04,134 | INFO | VCPlatform | [6444599625] Stream restarted via set_stream_sources
2026-05-22 01:33:04,207 | INFO | VCPlatform | [6444599625_2] Stream restarted via set_stream_sources
2026-05-22 01:33:46,270 | INFO | VCPlatform | [8015937475] Stream restarted via set_stream_sources
2026-05-22 01:34:27,439 | INFO | VCPlatform | [7535601861_2] Stream restarted via set_stream_sources
2026-05-22 01:36:07,103 | INFO | VCPlatform | [6451644278] Stream restarted via set_stream_sources
2026-05-22 01:39:40,835 | INFO | VCPlatform | [6444599625_3] Stream restarted via set_stream_sources
2026-05-22 01:40:09,377 | INFO | VCPlatform | [8015937475] Stream restarted via set_stream_sources
2026-05-22 01:40:22,242 | INFO | VCPlatform | [6444599625] Stream restarted via set_stream_sources
2026-05-22 01:40:22,309 | INFO | VCPlatform | [6444599625_2] Stream restarted via set_stream_sources
2026-05-22 01:40:46,541 | INFO | VCPlatform | [7535601861_2] Stream restarted via set_stream_sources
2026-05-22 01:46:32,477 | INFO | VCPlatform | [8015937475] Stream restarted via set_stream_sources
2026-05-22 01:46:58,938 | INFO | VCPlatform | [6444599625_3] Stream restarted via set_stream_sources
2026-05-22 01:47:05,641 | INFO | VCPlatform | [7535601861_2] Stream restarted via set_stream_sources
2026-05-22 01:47:25,206 | INFO | VCPlatform | [6451644278] Stream restarted via set_stream_sources
2026-05-22 01:47:40,346 | INFO | VCPlatform | [6444599625] Stream restarted via set_stream_sources
2026-05-22 01:47:40,413 | INFO | VCPlatform | [6444599625_2] Stream restarted via set_stream_sources
2026-05-22 01:52:55,583 | INFO | VCPlatform | [8015937475] Stream restarted via set_stream_sources
2026-05-22 01:53:24,745 | INFO | VCPlatform | [7535601861_2] Stream restarted via set_stream_sources
2026-05-22 01:54:17,039 | INFO | VCPlatform | [6444599625_3] Stream restarted via set_stream_sources
2026-05-22 01:54:58,450 | INFO | VCPlatform | [6444599625] Stream restarted via set_stream_sources
2026-05-22 01:54:58,514 | INFO | VCPlatform | [6444599625_2] Stream restarted via set_stream_sources
2026-05-22 01:58:43,313 | INFO | VCPlatform | [6451644278] Stream restarted via set_stream_sources
2026-05-22 01:59:18,685 | INFO | VCPlatform | [8015937475] Stream restarted via set_stream_sources
2026-05-22 01:59:43,847 | INFO | VCPlatform | [7535601861_2] Stream restarted via set_stream_sources
2026-05-22 02:01:35,144 | INFO | VCPlatform | [6444599625_3] Stream restarted via set_stream_sources
2026-05-22 02:02:16,553 | INFO | VCPlatform | [6444599625] Stream restarted via set_stream_sources
2026-05-22 02:02:16,619 | INFO | VCPlatform | [6444599625_2] Stream restarted via set_stream_sources
2026-05-22 02:05:41,874 | INFO | VCPlatform | [8015937475] Stream restarted via set_stream_sources
2026-05-22 02:06:02,952 | INFO | VCPlatform | [7535601861_2] Stream restarted via set_stream_sources
2026-05-22 02:08:53,246 | INFO | VCPlatform | [6444599625_3] Stream restarted via set_stream_sources
2026-05-22 02:09:34,659 | INFO | VCPlatform | [6444599625] Stream restarted via set_stream_sources
2026-05-22 02:09:34,730 | INFO | VCPlatform | [6444599625_2] Stream restarted via set_stream_sources
2026-05-22 02:10:01,414 | INFO | VCPlatform | [6451644278] Stream restarted via set_stream_sources
2026-05-22 02:12:04,952 | INFO | VCPlatform | [8015937475] Stream restarted via set_stream_sources
2026-05-22 02:12:22,054 | INFO | VCPlatform | [7535601861_2] Stream restarted via set_stream_sources
2026-05-22 02:16:11,353 | INFO | VCPlatform | [6444599625_3] Stream restarted via set_stream_sources
2026-05-22 02:16:52,763 | INFO | VCPlatform | [6444599625] Stream restarted via set_stream_sources
2026-05-22 02:16:52,840 | INFO | VCPlatform | [6444599625_2] Stream restarted via set_stream_sources
2026-05-22 02:18:28,057 | INFO | VCPlatform | [8015937475] Stream restarted via set_stream_sources
2026-05-22 02:18:41,158 | INFO | VCPlatform | [7535601861_2] Stream restarted via set_stream_sources
2026-05-22 02:21:19,518 | INFO | VCPlatform | [6451644278] Stream restarted via set_stream_sources
2026-05-22 02:23:29,456 | INFO | VCPlatform | [6444599625_3] Stream restarted via set_stream_sources
2026-05-22 02:24:10,868 | INFO | VCPlatform | [6444599625] Stream restarted via set_stream_sources
2026-05-22 02:24:10,942 | INFO | VCPlatform | [6444599625_2] Stream restarted via set_stream_sources
2026-05-22 02:24:51,160 | INFO | VCPlatform | [8015937475] Stream restarted via set_stream_sources
2026-05-22 02:25:00,296 | INFO | VCPlatform | [7535601861_2] Stream restarted via set_stream_sources
2026-05-22 02:30:47,580 | INFO | VCPlatform | [6444599625_3] Stream restarted via set_stream_sources
2026-05-22 02:31:14,262 | INFO | VCPlatform | [8015937475] Stream restarted via set_stream_sources
2026-05-22 02:31:19,397 | INFO | VCPlatform | [7535601861_2] Stream restarted via set_stream_sources
2026-05-22 02:31:28,969 | INFO | VCPlatform | [6444599625] Stream restarted via set_stream_sources
2026-05-22 02:31:29,045 | INFO | VCPlatform | [6444599625_2] Stream restarted via set_stream_sources
2026-05-22 02:32:37,621 | INFO | VCPlatform | [6451644278] Stream restarted via set_stream_sources
2026-05-22 02:37:37,366 | INFO | VCPlatform | [8015937475] Stream restarted via set_stream_sources
2026-05-22 02:37:38,502 | INFO | VCPlatform | [7535601861_2] Stream restarted via set_stream_sources
2026-05-22 02:38:05,683 | INFO | VCPlatform | [6444599625_3] Stream restarted via set_stream_sources
2026-05-22 02:38:47,072 | INFO | VCPlatform | [6444599625] Stream restarted via set_stream_sources
2026-05-22 02:38:47,150 | INFO | VCPlatform | [6444599625_2] Stream restarted via set_stream_sources
2026-05-22 02:43:55,726 | INFO | VCPlatform | [6451644278] Stream restarted via set_stream_sources
2026-05-22 02:43:57,603 | INFO | VCPlatform | [7535601861_2] Stream restarted via set_stream_sources
2026-05-22 02:44:00,470 | INFO | VCPlatform | [8015937475] Stream restarted via set_stream_sources
2026-05-22 02:45:23,786 | INFO | VCPlatform | [6444599625_3] Stream restarted via set_stream_sources
2026-05-22 02:46:05,173 | INFO | VCPlatform | [6444599625] Stream restarted via set_stream_sources
2026-05-22 02:46:05,259 | INFO | VCPlatform | [6444599625_2] Stream restarted via set_stream_sources
2026-05-22 02:50:16,709 | INFO | VCPlatform | [7535601861_2] Stream restarted via set_stream_sources
2026-05-22 02:50:23,573 | INFO | VCPlatform | [8015937475] Stream restarted via set_stream_sources
2026-05-22 02:52:41,889 | INFO | VCPlatform | [6444599625_3] Stream restarted via set_stream_sources
2026-05-22 02:53:23,276 | INFO | VCPlatform | [6444599625] Stream restarted via set_stream_sources
2026-05-22 02:53:23,357 | INFO | VCPlatform | [6444599625_2] Stream restarted via set_stream_sources
2026-05-22 02:55:13,832 | INFO | VCPlatform | [6451644278] Stream restarted via set_stream_sources
2026-05-22 02:56:35,812 | INFO | VCPlatform | [7535601861_2] Stream restarted via set_stream_sources
2026-05-22 02:56:46,689 | INFO | VCPlatform | [8015937475] Stream restarted via set_stream_sources
2026-05-22 02:59:59,994 | INFO | VCPlatform | [6444599625_3] Stream restarted via set_stream_sources
2026-05-22 03:00:41,379 | INFO | VCPlatform | [6444599625] Stream restarted via set_stream_sources
2026-05-22 03:00:41,459 | INFO | VCPlatform | [6444599625_2] Stream restarted via set_stream_sources
2026-05-22 03:02:54,921 | INFO | VCPlatform | [7535601861_2] Stream restarted via set_stream_sources
2026-05-22 03:03:09,785 | INFO | VCPlatform | [8015937475] Stream restarted via set_stream_sources
2026-05-22 03:06:31,934 | INFO | VCPlatform | [6451644278] Stream restarted via set_stream_sources
2026-05-22 03:07:18,100 | INFO | VCPlatform | [6444599625_3] Stream restarted via set_stream_sources
2026-05-22 03:07:59,481 | INFO | VCPlatform | [6444599625] Stream restarted via set_stream_sources
2026-05-22 03:07:59,562 | INFO | VCPlatform | [6444599625_2] Stream restarted via set_stream_sources
2026-05-22 03:09:14,021 | INFO | VCPlatform | [7535601861_2] Stream restarted via set_stream_sources
2026-05-22 03:09:32,890 | INFO | VCPlatform | [8015937475] Stream restarted via set_stream_sources
2026-05-22 03:11:07,098 | ERROR | telegram.ext.Updater | Error while getting Updates: Bad Gateway
2026-05-22 03:11:07,100 | ERROR | telegram.ext.Updater | Exception happened while polling for updates.
Traceback (most recent call last):
  File "/root/voiceplay/.venv/lib/python3.10/site-packages/telegram/ext/_updater.py", line 688, in _network_loop_retry
    if not await action_cb():
  File "/root/voiceplay/.venv/lib/python3.10/site-packages/telegram/ext/_updater.py", line 384, in polling_action_cb
    raise exc
  File "/root/voiceplay/.venv/lib/python3.10/site-packages/telegram/ext/_updater.py", line 373, in polling_action_cb
    updates = await self.bot.get_updates(
  File "/root/voiceplay/.venv/lib/python3.10/site-packages/telegram/ext/_extbot.py", line 558, in get_updates
    updates = await super().get_updates(
  File "/root/voiceplay/.venv/lib/python3.10/site-packages/telegram/_bot.py", line 525, in decorator
    result = await func(self, *args, **kwargs)  # skipcq: PYL-E1102
  File "/root/voiceplay/.venv/lib/python3.10/site-packages/telegram/_bot.py", line 3584, in get_updates
    await self._post(
  File "/root/voiceplay/.venv/lib/python3.10/site-packages/telegram/_bot.py", line 613, in _post
    return await self._do_post(
  File "/root/voiceplay/.venv/lib/python3.10/site-packages/telegram/ext/_extbot.py", line 340, in _do_post
    return await super()._do_post(
  File "/root/voiceplay/.venv/lib/python3.10/site-packages/telegram/_bot.py", line 641, in _do_post
    return await request.post(
  File "/root/voiceplay/.venv/lib/python3.10/site-packages/telegram/request/_baserequest.py", line 200, in post
    result = await self._request_wrapper(
  File "/root/voiceplay/.venv/lib/python3.10/site-packages/telegram/request/_baserequest.py", line 383, in _request_wrapper
    raise NetworkError(description or "Bad Gateway")
telegram.error.NetworkError: Bad Gateway
2026-05-22 03:11:08,358 | ERROR | telegram.ext.Updater | Error while getting Updates: Bad Gateway
2026-05-22 03:11:08,358 | ERROR | telegram.ext.Updater | Exception happened while polling for updates.
Traceback (most recent call last):
  File "/root/voiceplay/.venv/lib/python3.10/site-packages/telegram/ext/_updater.py", line 688, in _network_loop_retry
    if not await action_cb():
  File "/root/voiceplay/.venv/lib/python3.10/site-packages/telegram/ext/_updater.py", line 384, in polling_action_cb
    raise exc
  File "/root/voiceplay/.venv/lib/python3.10/site-packages/telegram/ext/_updater.py", line 373, in polling_action_cb
    updates = await self.bot.get_updates(
  File "/root/voiceplay/.venv/lib/python3.10/site-packages/telegram/ext/_extbot.py", line 558, in get_updates
    updates = await super().get_updates(
  File "/root/voiceplay/.venv/lib/python3.10/site-packages/telegram/_bot.py", line 525, in decorator
    result = await func(self, *args, **kwargs)  # skipcq: PYL-E1102
  File "/root/voiceplay/.venv/lib/python3.10/site-packages/telegram/_bot.py", line 3584, in get_updates
    await self._post(
  File "/root/voiceplay/.venv/lib/python3.10/site-packages/telegram/_bot.py", line 613, in _post
    return await self._do_post(
  File "/root/voiceplay/.venv/lib/python3.10/site-packages/telegram/ext/_extbot.py", line 340, in _do_post
    return await super()._do_post(
  File "/root/voiceplay/.venv/lib/python3.10/site-packages/telegram/_bot.py", line 641, in _do_post
    return await request.post(
  File "/root/voiceplay/.venv/lib/python3.10/site-packages/telegram/request/_baserequest.py", line 200, in post
    result = await self._request_wrapper(
  File "/root/voiceplay/.venv/lib/python3.10/site-packages/telegram/request/_baserequest.py", line 383, in _request_wrapper
    raise NetworkError(description or "Bad Gateway")
telegram.error.NetworkError: Bad Gateway
2026-05-22 03:11:10,114 | ERROR | telegram.ext.Updater | Error while getting Updates: Bad Gateway
2026-05-22 03:11:10,115 | ERROR | telegram.ext.Updater | Exception happened while polling for updates.
Traceback (most recent call last):
  File "/root/voiceplay/.venv/lib/python3.10/site-packages/telegram/ext/_updater.py", line 688, in _network_loop_retry
    if not await action_cb():
  File "/root/voiceplay/.venv/lib/python3.10/site-packages/telegram/ext/_updater.py", line 384, in polling_action_cb
    raise exc
  File "/root/voiceplay/.venv/lib/python3.10/site-packages/telegram/ext/_updater.py", line 373, in polling_action_cb
    updates = await self.bot.get_updates(
  File "/root/voiceplay/.venv/lib/python3.10/site-packages/telegram/ext/_extbot.py", line 558, in get_updates
    updates = await super().get_updates(
  File "/root/voiceplay/.venv/lib/python3.10/site-packages/telegram/_bot.py", line 525, in decorator
    result = await func(self, *args, **kwargs)  # skipcq: PYL-E1102
  File "/root/voiceplay/.venv/lib/python3.10/site-packages/telegram/_bot.py", line 3584, in get_updates
    await self._post(
  File "/root/voiceplay/.venv/lib/python3.10/site-packages/telegram/_bot.py", line 613, in _post
    return await self._do_post(
  File "/root/voiceplay/.venv/lib/python3.10/site-packages/telegram/ext/_extbot.py", line 340, in _do_post
    return await super()._do_post(
  File "/root/voiceplay/.venv/lib/python3.10/site-packages/telegram/_bot.py", line 641, in _do_post
    return await request.post(
  File "/root/voiceplay/.venv/lib/python3.10/site-packages/telegram/request/_baserequest.py", line 200, in post
    result = await self._request_wrapper(
  File "/root/voiceplay/.venv/lib/python3.10/site-packages/telegram/request/_baserequest.py", line 383, in _request_wrapper
    raise NetworkError(description or "Bad Gateway")
telegram.error.NetworkError: Bad Gateway
2026-05-22 03:11:12,627 | ERROR | telegram.ext.Updater | Error while getting Updates: Bad Gateway
2026-05-22 03:11:12,627 | ERROR | telegram.ext.Updater | Exception happened while polling for updates.
Traceback (most recent call last):
  File "/root/voiceplay/.venv/lib/python3.10/site-packages/telegram/ext/_updater.py", line 688, in _network_loop_retry
    if not await action_cb():
  File "/root/voiceplay/.venv/lib/python3.10/site-packages/telegram/ext/_updater.py", line 384, in polling_action_cb
    raise exc
  File "/root/voiceplay/.venv/lib/python3.10/site-packages/telegram/ext/_updater.py", line 373, in polling_action_cb
    updates = await self.bot.get_updates(
  File "/root/voiceplay/.venv/lib/python3.10/site-packages/telegram/ext/_extbot.py", line 558, in get_updates
    updates = await super().get_updates(
  File "/root/voiceplay/.venv/lib/python3.10/site-packages/telegram/_bot.py", line 525, in decorator
    result = await func(self, *args, **kwargs)  # skipcq: PYL-E1102
  File "/root/voiceplay/.venv/lib/python3.10/site-packages/telegram/_bot.py", line 3584, in get_updates
    await self._post(
  File "/root/voiceplay/.venv/lib/python3.10/site-packages/telegram/_bot.py", line 613, in _post
    return await self._do_post(
  File "/root/voiceplay/.venv/lib/python3.10/site-packages/telegram/ext/_extbot.py", line 340, in _do_post
    return await super()._do_post(
  File "/root/voiceplay/.venv/lib/python3.10/site-packages/telegram/_bot.py", line 641, in _do_post
    return await request.post(
  File "/root/voiceplay/.venv/lib/python3.10/site-packages/telegram/request/_baserequest.py", line 200, in post
    result = await self._request_wrapper(
  File "/root/voiceplay/.venv/lib/python3.10/site-packages/telegram/request/_baserequest.py", line 383, in _request_wrapper
    raise NetworkError(description or "Bad Gateway")
telegram.error.NetworkError: Bad Gateway
2026-05-22 03:14:36,202 | INFO | VCPlatform | [6444599625_3] Stream restarted via set_stream_sources
2026-05-22 03:15:17,583 | INFO | VCPlatform | [6444599625] Stream restarted via set_stream_sources
2026-05-22 03:15:17,666 | INFO | VCPlatform | [6444599625_2] Stream restarted via set_stream_sources
2026-05-22 03:15:33,128 | INFO | VCPlatform | [7535601861_2] Stream restarted via set_stream_sources
2026-05-22 03:15:55,992 | INFO | VCPlatform | [8015937475] Stream restarted via set_stream_sources
2026-05-22 03:17:50,036 | INFO | VCPlatform | [6451644278] Stream restarted via set_stream_sources
2026-05-22 03:21:52,232 | INFO | VCPlatform | [7535601861_2] Stream restarted via set_stream_sources
2026-05-22 03:21:54,303 | INFO | VCPlatform | [6444599625_3] Stream restarted via set_stream_sources
2026-05-22 03:22:19,096 | INFO | VCPlatform | [8015937475] Stream restarted via set_stream_sources
2026-05-22 03:22:35,685 | INFO | VCPlatform | [6444599625] Stream restarted via set_stream_sources
2026-05-22 03:22:35,767 | INFO | VCPlatform | [6444599625_2] Stream restarted via set_stream_sources
2026-05-22 03:28:11,338 | INFO | VCPlatform | [7535601861_2] Stream restarted via set_stream_sources
2026-05-22 03:28:42,199 | INFO | VCPlatform | [8015937475] Stream restarted via set_stream_sources
2026-05-22 03:29:08,140 | INFO | VCPlatform | [6451644278] Stream restarted via set_stream_sources
2026-05-22 03:29:12,405 | INFO | VCPlatform | [6444599625_3] Stream restarted via set_stream_sources
2026-05-22 03:29:53,788 | INFO | VCPlatform | [6444599625] Stream restarted via set_stream_sources
2026-05-22 03:29:53,869 | INFO | VCPlatform | [6444599625_2] Stream restarted via set_stream_sources
2026-05-22 03:34:30,460 | INFO | VCPlatform | [7535601861_2] Stream restarted via set_stream_sources
2026-05-22 03:35:05,305 | INFO | VCPlatform | [8015937475] Stream restarted via set_stream_sources
2026-05-22 03:36:30,511 | INFO | VCPlatform | [6444599625_3] Stream restarted via set_stream_sources
2026-05-22 03:37:11,890 | INFO | VCPlatform | [6444599625] Stream restarted via set_stream_sources
2026-05-22 03:37:11,970 | INFO | VCPlatform | [6444599625_2] Stream restarted via set_stream_sources
2026-05-22 03:40:26,244 | INFO | VCPlatform | [6451644278] Stream restarted via set_stream_sources
2026-05-22 03:40:49,557 | INFO | VCPlatform | [7535601861_2] Stream restarted via set_stream_sources
2026-05-22 03:41:28,410 | INFO | VCPlatform | [8015937475] Stream restarted via set_stream_sources
2026-05-22 03:43:48,636 | INFO | VCPlatform | [6444599625_3] Stream restarted via set_stream_sources
2026-05-22 03:44:29,994 | INFO | VCPlatform | [6444599625] Stream restarted via set_stream_sources
2026-05-22 03:44:30,072 | INFO | VCPlatform | [6444599625_2] Stream restarted via set_stream_sources
2026-05-22 03:45:15,672 | INFO | VCPlatform | [6444599625_4] Monitor exit: subscription expired [https://t.me/+Z6J56TI-fZFlZTQ1]
2026-05-22 03:45:15,672 | INFO | VCPlatform | [6444599625_4] Monitor stopped for https://t.me/+Z6J56TI-fZFlZTQ1
2026-05-22 03:45:54,796 | INFO | VCPlatform | [6444599625_2] Monitor exit: subscription expired [https://t.me/+5wYXdZfacPwwZTZl]
2026-05-22 03:45:54,971 | INFO | VCPlatform | [6444599625_2] Monitor stopped for https://t.me/+5wYXdZfacPwwZTZl
2026-05-22 03:47:08,661 | INFO | VCPlatform | [7535601861_2] Stream restarted via set_stream_sources
2026-05-22 03:47:51,515 | INFO | VCPlatform | [8015937475] Stream restarted via set_stream_sources
2026-05-22 03:51:06,737 | INFO | VCPlatform | [6444599625_3] Stream restarted via set_stream_sources
2026-05-22 03:51:44,347 | INFO | VCPlatform | [6451644278] Stream restarted via set_stream_sources
2026-05-22 03:51:48,139 | INFO | VCPlatform | [6444599625] Stream restarted via set_stream_sources
2026-05-22 03:53:27,765 | INFO | VCPlatform | [7535601861_2] Stream restarted via set_stream_sources
2026-05-22 03:54:14,618 | INFO | VCPlatform | [8015937475] Stream restarted via set_stream_sources
2026-05-22 03:58:24,844 | INFO | VCPlatform | [6444599625_3] Stream restarted via set_stream_sources
2026-05-22 03:59:06,247 | INFO | VCPlatform | [6444599625] Stream restarted via set_stream_sources
2026-05-22 03:59:46,867 | INFO | VCPlatform | [7535601861_2] Stream restarted via set_stream_sources
2026-05-22 04:00:37,722 | INFO | VCPlatform | [8015937475] Stream restarted via set_stream_sources
2026-05-22 04:03:02,469 | INFO | VCPlatform | [6451644278] Stream restarted via set_stream_sources
2026-05-22 04:05:42,958 | INFO | VCPlatform | [6444599625_3] Stream restarted via set_stream_sources
2026-05-22 04:06:05,970 | INFO | VCPlatform | [7535601861_2] Stream restarted via set_stream_sources
2026-05-22 04:06:24,350 | INFO | VCPlatform | [6444599625] Stream restarted via set_stream_sources
2026-05-22 04:07:00,825 | INFO | VCPlatform | [8015937475] Stream restarted via set_stream_sources
2026-05-22 04:12:25,076 | INFO | VCPlatform | [7535601861_2] Stream restarted via set_stream_sources
2026-05-22 04:13:01,061 | INFO | VCPlatform | [6444599625_3] Stream restarted via set_stream_sources
2026-05-22 04:13:23,927 | INFO | VCPlatform | [8015937475] Stream restarted via set_stream_sources
2026-05-22 04:13:42,452 | INFO | VCPlatform | [6444599625] Stream restarted via set_stream_sources
2026-05-22 04:14:20,575 | INFO | VCPlatform | [6451644278] Stream restarted via set_stream_sources
2026-05-22 04:18:44,178 | INFO | VCPlatform | [7535601861_2] Stream restarted via set_stream_sources
2026-05-22 04:19:47,031 | INFO | VCPlatform | [8015937475] Stream restarted via set_stream_sources
2026-05-22 04:20:19,162 | INFO | VCPlatform | [6444599625_3] Stream restarted via set_stream_sources
2026-05-22 04:21:00,558 | INFO | VCPlatform | [6444599625] Stream restarted via set_stream_sources
2026-05-22 04:25:03,301 | INFO | VCPlatform | [7535601861_2] Stream restarted via set_stream_sources
2026-05-22 04:25:38,676 | INFO | VCPlatform | [6451644278] Stream restarted via set_stream_sources
2026-05-22 04:26:10,136 | INFO | VCPlatform | [8015937475] Stream restarted via set_stream_sources
2026-05-22 04:27:37,265 | INFO | VCPlatform | [6444599625_3] Stream restarted via set_stream_sources
2026-05-22 04:28:18,661 | INFO | VCPlatform | [6444599625] Stream restarted via set_stream_sources
2026-05-22 04:31:22,408 | INFO | VCPlatform | [7535601861_2] Stream restarted via set_stream_sources
2026-05-22 04:32:33,235 | INFO | VCPlatform | [8015937475] Stream restarted via set_stream_sources
2026-05-22 04:34:55,373 | INFO | VCPlatform | [6444599625_3] Stream restarted via set_stream_sources
2026-05-22 04:35:36,764 | INFO | VCPlatform | [6444599625] Stream restarted via set_stream_sources
2026-05-22 04:36:56,777 | INFO | VCPlatform | [6451644278] Stream restarted via set_stream_sources
2026-05-22 04:37:41,506 | INFO | VCPlatform | [7535601861_2] Stream restarted via set_stream_sources
2026-05-22 04:38:05,350 | WARNING | asyncio | socket.send() raised exception.
2026-05-22 04:38:05,351 | WARNING | asyncio | socket.send() raised exception.
2026-05-22 04:38:05,352 | WARNING | asyncio | socket.send() raised exception.
2026-05-22 04:38:19,834 | WARNING | asyncio | socket.send() raised exception.
2026-05-22 04:38:19,835 | WARNING | asyncio | socket.send() raised exception.
2026-05-22 04:38:24,398 | WARNING | asyncio | socket.send() raised exception.
2026-05-22 04:38:24,399 | WARNING | asyncio | socket.send() raised exception.
2026-05-22 04:38:24,400 | WARNING | asyncio | socket.send() raised exception.
2026-05-22 04:38:25,163 | WARNING | asyncio | socket.send() raised exception.
2026-05-22 04:38:25,166 | WARNING | asyncio | socket.send() raised exception.
2026-05-22 04:38:25,357 | WARNING | asyncio | socket.send() raised exception.
2026-05-22 04:38:25,359 | WARNING | asyncio | socket.send() raised exception.
2026-05-22 04:38:25,360 | WARNING | asyncio | socket.send() raised exception.
2026-05-22 04:38:25,360 | WARNING | asyncio | socket.send() raised exception.
2026-05-22 04:38:29,666 | WARNING | asyncio | socket.send() raised exception.
2026-05-22 04:38:29,667 | WARNING | asyncio | socket.send() raised exception.
2026-05-22 04:38:29,667 | WARNING | asyncio | socket.send() raised exception.
2026-05-22 04:38:29,668 | WARNING | asyncio | socket.send() raised exception.
2026-05-22 04:38:39,080 | WARNING | pyrogram.connection.connection | Unable to connect due to network issues: Connection timed out
2026-05-22 04:38:39,886 | WARNING | pyrogram.connection.connection | Unable to connect due to network issues: Connection timed out
2026-05-22 04:38:41,695 | WARNING | pyrogram.connection.connection | Unable to connect due to network issues: Connection timed out
2026-05-22 04:38:44,746 | WARNING | asyncio | socket.send() raised exception.
2026-05-22 04:38:44,747 | WARNING | asyncio | socket.send() raised exception.
2026-05-22 04:38:44,747 | WARNING | asyncio | socket.send() raised exception.
2026-05-22 04:38:45,568 | WARNING | asyncio | socket.send() raised exception.
2026-05-22 04:38:45,569 | WARNING | asyncio | socket.send() raised exception.
2026-05-22 04:38:45,569 | WARNING | asyncio | socket.send() raised exception.
2026-05-22 04:38:45,569 | WARNING | asyncio | socket.send() raised exception.
2026-05-22 04:38:45,570 | WARNING | asyncio | socket.send() raised exception.
2026-05-22 04:38:46,705 | WARNING | asyncio | socket.send() raised exception.
2026-05-22 04:38:46,715 | WARNING | asyncio | socket.send() raised exception.
2026-05-22 04:38:46,716 | WARNING | asyncio | socket.send() raised exception.
2026-05-22 04:38:47,089 | WARNING | asyncio | socket.send() raised exception.
2026-05-22 04:38:47,089 | WARNING | asyncio | socket.send() raised exception.
2026-05-22 04:38:47,089 | WARNING | asyncio | socket.send() raised exception.
2026-05-22 04:38:47,089 | WARNING | asyncio | socket.send() raised exception.
2026-05-22 04:38:47,491 | WARNING | asyncio | socket.send() raised exception.
2026-05-22 04:38:47,491 | WARNING | asyncio | socket.send() raised exception.
2026-05-22 04:38:48,859 | WARNING | asyncio | socket.send() raised exception.
2026-05-22 04:38:48,860 | WARNING | asyncio | socket.send() raised exception.
2026-05-22 04:38:48,860 | WARNING | asyncio | socket.send() raised exception.
2026-05-22 04:38:48,861 | WARNING | asyncio | socket.send() raised exception.
2026-05-22 04:38:48,861 | WARNING | asyncio | socket.send() raised exception.
2026-05-22 04:38:48,861 | WARNING | asyncio | socket.send() raised exception.
2026-05-22 04:38:49,236 | WARNING | asyncio | socket.send() raised exception.
2026-05-22 04:38:49,237 | WARNING | asyncio | socket.send() raised exception.
2026-05-22 04:38:49,237 | WARNING | asyncio | socket.send() raised exception.
2026-05-22 04:38:49,820 | WARNING | asyncio | socket.send() raised exception.
2026-05-22 04:38:49,820 | WARNING | asyncio | socket.send() raised exception.
2026-05-22 04:38:49,822 | WARNING | asyncio | socket.send() raised exception.
2026-05-22 04:38:49,823 | WARNING | asyncio | socket.send() raised exception.
2026-05-22 04:38:49,823 | WARNING | asyncio | socket.send() raised exception.
2026-05-22 04:38:49,823 | WARNING | asyncio | socket.send() raised exception.
2026-05-22 04:38:51,455 | WARNING | asyncio | socket.send() raised exception.
2026-05-22 04:38:51,464 | WARNING | asyncio | socket.send() raised exception.
2026-05-22 04:38:51,465 | WARNING | asyncio | socket.send() raised exception.
2026-05-22 04:38:51,465 | WARNING | asyncio | socket.send() raised exception.
2026-05-22 04:38:51,466 | WARNING | asyncio | socket.send() raised exception.
2026-05-22 04:38:52,158 | WARNING | asyncio | socket.send() raised exception.
2026-05-22 04:38:52,159 | WARNING | asyncio | socket.send() raised exception.
2026-05-22 04:38:52,159 | WARNING | asyncio | socket.send() raised exception.
2026-05-22 04:38:52,160 | WARNING | asyncio | socket.send() raised exception.
2026-05-22 04:38:52,160 | WARNING | asyncio | socket.send() raised exception.
2026-05-22 04:38:53,125 | WARNING | asyncio | socket.send() raised exception.
2026-05-22 04:38:53,126 | WARNING | asyncio | socket.send() raised exception.
2026-05-22 04:38:53,126 | WARNING | asyncio | socket.send() raised exception.
2026-05-22 04:38:53,126 | WARNING | asyncio | socket.send() raised exception.
2026-05-22 04:38:53,127 | WARNING | asyncio | socket.send() raised exception.
2026-05-22 04:38:53,127 | WARNING | asyncio | socket.send() raised exception.
2026-05-22 04:38:53,127 | WARNING | asyncio | socket.send() raised exception.
2026-05-22 04:38:53,127 | WARNING | asyncio | socket.send() raised exception.
2026-05-22 04:38:53,127 | WARNING | asyncio | socket.send() raised exception.
2026-05-22 04:38:53,878 | WARNING | asyncio | socket.send() raised exception.
2026-05-22 04:38:53,880 | WARNING | asyncio | socket.send() raised exception.
2026-05-22 04:38:53,880 | WARNING | asyncio | socket.send() raised exception.
2026-05-22 04:38:53,881 | WARNING | asyncio | socket.send() raised exception.
2026-05-22 04:38:53,881 | WARNING | asyncio | socket.send() raised exception.
2026-05-22 04:38:53,881 | WARNING | asyncio | socket.send() raised exception.
2026-05-22 04:38:55,143 | WARNING | asyncio | socket.send() raised exception.
2026-05-22 04:38:55,145 | WARNING | asyncio | socket.send() raised exception.
2026-05-22 04:38:56,198 | WARNING | asyncio | socket.send() raised exception.
2026-05-22 04:38:56,201 | WARNING | asyncio | socket.send() raised exception.
2026-05-22 04:38:56,203 | WARNING | asyncio | socket.send() raised exception.
2026-05-22 04:38:56,204 | WARNING | asyncio | socket.send() raised exception.
2026-05-22 04:38:56,205 | WARNING | asyncio | socket.send() raised exception.
2026-05-22 04:38:56,338 | INFO | VCPlatform | [8015937475] Stream restarted via set_stream_sources
2026-05-22 04:38:57,774 | WARNING | asyncio | socket.send() raised exception.
2026-05-22 04:38:57,775 | WARNING | asyncio | socket.send() raised exception.
2026-05-22 04:38:57,776 | WARNING | asyncio | socket.send() raised exception.
2026-05-22 04:39:01,250 | WARNING | asyncio | socket.send() raised exception.
2026-05-22 04:39:01,251 | WARNING | asyncio | socket.send() raised exception.
2026-05-22 04:39:01,251 | WARNING | asyncio | socket.send() raised exception.
2026-05-22 04:39:03,144 | WARNING | asyncio | socket.send() raised exception.
2026-05-22 04:39:03,145 | WARNING | asyncio | socket.send() raised exception.
2026-05-22 04:39:03,750 | WARNING | asyncio | socket.send() raised exception.
2026-05-22 04:39:04,097 | WARNING | asyncio | socket.send() raised exception.
2026-05-22 04:39:04,519 | WARNING | asyncio | socket.send() raised exception.
2026-05-22 04:39:06,392 | WARNING | asyncio | socket.send() raised exception.
2026-05-22 04:39:06,393 | WARNING | asyncio | socket.send() raised exception.
2026-05-22 04:39:06,393 | WARNING | asyncio | socket.send() raised exception.
2026-05-22 04:39:06,637 | WARNING | asyncio | socket.send() raised exception.
2026-05-22 04:39:08,679 | WARNING | asyncio | socket.send() raised exception.
2026-05-22 04:39:08,680 | WARNING | asyncio | socket.send() raised exception.
2026-05-22 04:39:08,681 | WARNING | asyncio | socket.send() raised exception.
2026-05-22 04:39:16,291 | WARNING | asyncio | socket.send() raised exception.
2026-05-22 04:39:29,098 | WARNING | asyncio | socket.send() raised exception.
2026-05-22 04:39:29,100 | WARNING | asyncio | socket.send() raised exception.
2026-05-22 04:39:29,100 | WARNING | asyncio | socket.send() raised exception.
2026-05-22 04:39:33,982 | WARNING | asyncio | socket.send() raised exception.
2026-05-22 04:39:33,983 | WARNING | asyncio | socket.send() raised exception.
2026-05-22 04:39:34,765 | WARNING | asyncio | socket.send() raised exception.
2026-05-22 04:39:37,838 | WARNING | asyncio | socket.send() raised exception.
2026-05-22 04:39:37,839 | WARNING | asyncio | socket.send() raised exception.
2026-05-22 04:39:37,839 | WARNING | asyncio | socket.send() raised exception.
2026-05-22 04:39:40,499 | WARNING | asyncio | socket.send() raised exception.
2026-05-22 04:39:40,499 | WARNING | asyncio | socket.send() raised exception.
2026-05-22 04:39:43,159 | WARNING | asyncio | socket.send() raised exception.
2026-05-22 04:39:43,161 | WARNING | asyncio | socket.send() raised exception.
2026-05-22 04:39:43,161 | WARNING | asyncio | socket.send() raised exception.
2026-05-22 04:39:43,161 | WARNING | asyncio | socket.send() raised exception.
2026-05-22 04:39:45,820 | WARNING | asyncio | socket.send() raised exception.
2026-05-22 04:39:45,820 | WARNING | asyncio | socket.send() raised exception.
2026-05-22 04:39:46,587 | WARNING | asyncio | socket.send() raised exception.
2026-05-22 04:39:46,589 | WARNING | asyncio | socket.send() raised exception.
2026-05-22 04:39:46,589 | WARNING | asyncio | socket.send() raised exception.
2026-05-22 04:39:47,533 | WARNING | asyncio | socket.send() raised exception.
2026-05-22 04:39:47,534 | WARNING | asyncio | socket.send() raised exception.
2026-05-22 04:39:48,471 | WARNING | asyncio | socket.send() raised exception.
2026-05-22 04:39:48,471 | WARNING | asyncio | socket.send() raised exception.
2026-05-22 04:39:49,241 | WARNING | asyncio | socket.send() raised exception.
2026-05-22 04:39:49,244 | WARNING | asyncio | socket.send() raised exception.
2026-05-22 04:39:49,244 | WARNING | asyncio | socket.send() raised exception.
2026-05-22 04:42:13,476 | INFO | VCPlatform | [6444599625_3] Stream restarted via set_stream_sources
2026-05-22 04:42:54,866 | INFO | VCPlatform | [6444599625] Stream restarted via set_stream_sources
2026-05-22 04:44:00,611 | INFO | VCPlatform | [7535601861_2] Stream restarted via set_stream_sources
2026-05-22 04:45:19,440 | INFO | VCPlatform | [8015937475] Stream restarted via set_stream_sources
2026-05-22 04:48:14,883 | INFO | VCPlatform | [6451644278] Stream restarted via set_stream_sources
2026-05-22 04:49:31,580 | INFO | VCPlatform | [6444599625_3] Stream restarted via set_stream_sources
2026-05-22 04:50:12,977 | INFO | VCPlatform | [6444599625] Stream restarted via set_stream_sources
2026-05-22 04:50:19,712 | INFO | VCPlatform | [7535601861_2] Stream restarted via set_stream_sources
2026-05-22 04:51:42,544 | INFO | VCPlatform | [8015937475] Stream restarted via set_stream_sources
2026-05-22 04:56:38,816 | INFO | VCPlatform | [7535601861_2] Stream restarted via set_stream_sources
2026-05-22 04:56:49,681 | INFO | VCPlatform | [6444599625_3] Stream restarted via set_stream_sources
2026-05-22 04:57:31,080 | INFO | VCPlatform | [6444599625] Stream restarted via set_stream_sources
2026-05-22 04:58:05,654 | INFO | VCPlatform | [8015937475] Stream restarted via set_stream_sources
2026-05-22 04:59:32,984 | INFO | VCPlatform | [6451644278] Stream restarted via set_stream_sources
2026-05-22 05:02:57,919 | INFO | VCPlatform | [7535601861_2] Stream restarted via set_stream_sources
2026-05-22 05:04:07,787 | INFO | VCPlatform | [6444599625_3] Stream restarted via set_stream_sources
2026-05-22 05:04:28,753 | INFO | VCPlatform | [8015937475] Stream restarted via set_stream_sources
2026-05-22 05:04:49,182 | INFO | VCPlatform | [6444599625] Stream restarted via set_stream_sources
2026-05-22 05:09:17,023 | INFO | VCPlatform | [7535601861_2] Stream restarted via set_stream_sources
2026-05-22 05:10:51,086 | INFO | VCPlatform | [6451644278] Stream restarted via set_stream_sources
2026-05-22 05:10:51,858 | INFO | VCPlatform | [8015937475] Stream restarted via set_stream_sources
2026-05-22 05:11:25,887 | INFO | VCPlatform | [6444599625_3] Stream restarted via set_stream_sources
2026-05-22 05:12:07,295 | INFO | VCPlatform | [6444599625] Stream restarted via set_stream_sources
2026-05-22 05:15:36,132 | INFO | VCPlatform | [7535601861_2] Stream restarted via set_stream_sources
2026-05-22 05:17:14,960 | INFO | VCPlatform | [8015937475] Stream restarted via set_stream_sources
2026-05-22 05:18:43,991 | INFO | VCPlatform | [6444599625_3] Stream restarted via set_stream_sources
2026-05-22 05:19:25,398 | INFO | VCPlatform | [6444599625] Stream restarted via set_stream_sources
2026-05-22 05:21:55,233 | INFO | VCPlatform | [7535601861_2] Stream restarted via set_stream_sources
2026-05-22 05:22:09,188 | INFO | VCPlatform | [6451644278] Stream restarted via set_stream_sources
2026-05-22 05:23:38,075 | INFO | VCPlatform | [8015937475] Stream restarted via set_stream_sources
2026-05-22 05:26:02,102 | INFO | VCPlatform | [6444599625_3] Stream restarted via set_stream_sources
2026-05-22 05:26:43,500 | INFO | VCPlatform | [6444599625] Stream restarted via set_stream_sources
2026-05-22 05:28:14,335 | INFO | VCPlatform | [7535601861_2] Stream restarted via set_stream_sources
2026-05-22 05:30:01,186 | INFO | VCPlatform | [8015937475] Stream restarted via set_stream_sources
2026-05-22 05:33:20,205 | INFO | VCPlatform | [6444599625_3] Stream restarted via set_stream_sources
2026-05-22 05:33:27,292 | INFO | VCPlatform | [6451644278] Stream restarted via set_stream_sources
2026-05-22 05:34:01,605 | INFO | VCPlatform | [6444599625] Stream restarted via set_stream_sources
2026-05-22 05:34:33,438 | INFO | VCPlatform | [7535601861_2] Stream restarted via set_stream_sources
2026-05-22 05:36:24,287 | INFO | VCPlatform | [8015937475] Stream restarted via set_stream_sources
2026-05-22 05:40:38,308 | INFO | VCPlatform | [6444599625_3] Stream restarted via set_stream_sources
2026-05-22 05:40:52,539 | INFO | VCPlatform | [7535601861_2] Stream restarted via set_stream_sources
2026-05-22 05:41:19,707 | INFO | VCPlatform | [6444599625] Stream restarted via set_stream_sources
2026-05-22 05:42:47,390 | INFO | VCPlatform | [8015937475] Stream restarted via set_stream_sources
2026-05-22 05:44:45,398 | INFO | VCPlatform | [6451644278] Stream restarted via set_stream_sources
2026-05-22 05:47:11,644 | INFO | VCPlatform | [7535601861_2] Stream restarted via set_stream_sources
2026-05-22 05:47:56,423 | INFO | VCPlatform | [6444599625_3] Stream restarted via set_stream_sources
2026-05-22 05:48:37,810 | INFO | VCPlatform | [6444599625] Stream restarted via set_stream_sources
2026-05-22 05:49:10,493 | INFO | VCPlatform | [8015937475] Stream restarted via set_stream_sources
2026-05-22 05:53:30,748 | INFO | VCPlatform | [7535601861_2] Stream restarted via set_stream_sources
2026-05-22 05:55:14,518 | INFO | VCPlatform | [6444599625_3] Stream restarted via set_stream_sources
2026-05-22 05:55:33,596 | INFO | VCPlatform | [8015937475] Stream restarted via set_stream_sources
2026-05-22 05:55:55,911 | INFO | VCPlatform | [6444599625] Stream restarted via set_stream_sources
2026-05-22 05:56:03,502 | INFO | VCPlatform | [6451644278] Stream restarted via set_stream_sources
2026-05-22 05:59:49,852 | INFO | VCPlatform | [7535601861_2] Stream restarted via set_stream_sources
2026-05-22 06:01:56,701 | INFO | VCPlatform | [8015937475] Stream restarted via set_stream_sources
2026-05-22 06:02:32,623 | INFO | VCPlatform | [6444599625_3] Stream restarted via set_stream_sources
2026-05-22 06:03:14,014 | INFO | VCPlatform | [6444599625] Stream restarted via set_stream_sources
2026-05-22 06:06:08,954 | INFO | VCPlatform | [7535601861_2] Stream restarted via set_stream_sources
2026-05-22 06:07:21,605 | INFO | VCPlatform | [6451644278] Stream restarted via set_stream_sources
2026-05-22 06:08:19,807 | INFO | VCPlatform | [8015937475] Stream restarted via set_stream_sources
2026-05-22 06:09:50,727 | INFO | VCPlatform | [6444599625_3] Stream restarted via set_stream_sources
2026-05-22 06:10:32,120 | INFO | VCPlatform | [6444599625] Stream restarted via set_stream_sources
2026-05-22 06:12:28,062 | INFO | VCPlatform | [7535601861_2] Stream restarted via set_stream_sources
2026-05-22 06:14:42,919 | INFO | VCPlatform | [8015937475] Stream restarted via set_stream_sources
2026-05-22 06:17:08,839 | INFO | VCPlatform | [6444599625_3] Stream restarted via set_stream_sources
2026-05-22 06:17:50,221 | INFO | VCPlatform | [6444599625] Stream restarted via set_stream_sources
2026-05-22 06:18:39,707 | INFO | VCPlatform | [6451644278] Stream restarted via set_stream_sources
2026-05-22 06:18:47,164 | INFO | VCPlatform | [7535601861_2] Stream restarted via set_stream_sources
2026-05-22 06:21:06,027 | INFO | VCPlatform | [8015937475] Stream restarted via set_stream_sources
2026-05-22 06:24:26,943 | INFO | VCPlatform | [6444599625_3] Stream restarted via set_stream_sources
2026-05-22 06:25:06,327 | INFO | VCPlatform | [7535601861_2] Stream restarted via set_stream_sources
2026-05-22 06:25:08,380 | INFO | VCPlatform | [6444599625] Stream restarted via set_stream_sources
2026-05-22 06:27:29,128 | INFO | VCPlatform | [8015937475] Stream restarted via set_stream_sources
2026-05-22 06:29:57,827 | INFO | VCPlatform | [6451644278] Stream restarted via set_stream_sources
2026-05-22 06:31:25,455 | INFO | VCPlatform | [7535601861_2] Stream restarted via set_stream_sources
2026-05-22 06:31:45,047 | INFO | VCPlatform | [6444599625_3] Stream restarted via set_stream_sources
2026-05-22 06:32:26,474 | INFO | VCPlatform | [6444599625] Stream restarted via set_stream_sources
2026-05-22 06:33:52,232 | INFO | VCPlatform | [8015937475] Stream restarted via set_stream_sources
2026-05-22 06:37:44,559 | INFO | VCPlatform | [7535601861_2] Stream restarted via set_stream_sources
2026-05-22 06:39:03,166 | INFO | VCPlatform | [6444599625_3] Stream restarted via set_stream_sources
2026-05-22 06:39:44,577 | INFO | VCPlatform | [6444599625] Stream restarted via set_stream_sources
2026-05-22 06:40:15,335 | INFO | VCPlatform | [8015937475] Stream restarted via set_stream_sources
2026-05-22 06:41:15,950 | INFO | VCPlatform | [6451644278] Stream restarted via set_stream_sources
2026-05-22 06:44:03,664 | INFO | VCPlatform | [7535601861_2] Stream restarted via set_stream_sources
2026-05-22 06:46:21,275 | INFO | VCPlatform | [6444599625_3] Stream restarted via set_stream_sources
2026-05-22 06:46:38,436 | INFO | VCPlatform | [8015937475] Stream restarted via set_stream_sources
2026-05-22 06:47:02,697 | INFO | VCPlatform | [6444599625] Stream restarted via set_stream_sources
2026-05-22 06:50:22,766 | INFO | VCPlatform | [7535601861_2] Stream restarted via set_stream_sources
2026-05-22 06:52:34,054 | INFO | VCPlatform | [6451644278] Stream restarted via set_stream_sources
2026-05-22 06:53:01,541 | INFO | VCPlatform | [8015937475] Stream restarted via set_stream_sources
2026-05-22 06:53:39,371 | INFO | VCPlatform | [6444599625_3] Stream restarted via set_stream_sources
2026-05-22 06:54:20,794 | INFO | VCPlatform | [6444599625] Stream restarted via set_stream_sources
2026-05-22 06:56:41,869 | INFO | VCPlatform | [7535601861_2] Stream restarted via set_stream_sources
2026-05-22 06:59:24,643 | INFO | VCPlatform | [8015937475] Stream restarted via set_stream_sources
2026-05-22 07:00:57,475 | INFO | VCPlatform | [6444599625_3] Stream restarted via set_stream_sources
2026-05-22 07:01:38,900 | INFO | VCPlatform | [6444599625] Stream restarted via set_stream_sources
2026-05-22 07:03:00,973 | INFO | VCPlatform | [7535601861_2] Stream restarted via set_stream_sources
2026-05-22 07:03:52,158 | INFO | VCPlatform | [6451644278] Stream restarted via set_stream_sources
2026-05-22 07:05:47,746 | INFO | VCPlatform | [8015937475] Stream restarted via set_stream_sources
2026-05-22 07:08:15,579 | INFO | VCPlatform | [6444599625_3] Stream restarted via set_stream_sources
2026-05-22 07:08:57,001 | INFO | VCPlatform | [6444599625] Stream restarted via set_stream_sources
2026-05-22 07:09:20,075 | INFO | VCPlatform | [7535601861_2] Stream restarted via set_stream_sources
2026-05-22 07:12:10,860 | INFO | VCPlatform | [8015937475] Stream restarted via set_stream_sources
2026-05-22 07:15:10,278 | INFO | VCPlatform | [6451644278] Stream restarted via set_stream_sources
2026-05-22 07:15:33,686 | INFO | VCPlatform | [6444599625_3] Stream restarted via set_stream_sources
2026-05-22 07:15:39,180 | INFO | VCPlatform | [7535601861_2] Stream restarted via set_stream_sources
2026-05-22 07:16:15,102 | INFO | VCPlatform | [6444599625] Stream restarted via set_stream_sources
2026-05-22 07:18:33,964 | INFO | VCPlatform | [8015937475] Stream restarted via set_stream_sources
2026-05-22 07:21:58,283 | INFO | VCPlatform | [7535601861_2] Stream restarted via set_stream_sources
2026-05-22 07:22:51,786 | INFO | VCPlatform | [6444599625_3] Stream restarted via set_stream_sources
2026-05-22 07:23:33,207 | INFO | VCPlatform | [6444599625] Stream restarted via set_stream_sources
2026-05-22 07:24:57,067 | INFO | VCPlatform | [8015937475] Stream restarted via set_stream_sources
2026-05-22 07:26:28,381 | INFO | VCPlatform | [6451644278] Stream restarted via set_stream_sources
2026-05-22 07:28:17,390 | INFO | VCPlatform | [7535601861_2] Stream restarted via set_stream_sources
2026-05-22 07:30:09,890 | INFO | VCPlatform | [6444599625_3] Stream restarted via set_stream_sources
2026-05-22 07:30:51,307 | INFO | VCPlatform | [6444599625] Stream restarted via set_stream_sources
2026-05-22 07:31:20,172 | INFO | VCPlatform | [8015937475] Stream restarted via set_stream_sources
2026-05-22 07:34:36,495 | INFO | VCPlatform | [7535601861_2] Stream restarted via set_stream_sources
2026-05-22 07:37:27,995 | INFO | VCPlatform | [6444599625_3] Stream restarted via set_stream_sources
2026-05-22 07:37:43,278 | INFO | VCPlatform | [8015937475] Stream restarted via set_stream_sources
2026-05-22 07:37:46,484 | INFO | VCPlatform | [6451644278] Stream restarted via set_stream_sources
2026-05-22 07:38:09,409 | INFO | VCPlatform | [6444599625] Stream restarted via set_stream_sources
2026-05-22 07:40:55,597 | INFO | VCPlatform | [7535601861_2] Stream restarted via set_stream_sources
2026-05-22 07:44:06,395 | INFO | VCPlatform | [8015937475] Stream restarted via set_stream_sources
2026-05-22 07:44:46,099 | INFO | VCPlatform | [6444599625_3] Stream restarted via set_stream_sources
2026-05-22 07:45:27,541 | INFO | VCPlatform | [6444599625] Stream restarted via set_stream_sources
2026-05-22 07:47:14,701 | INFO | VCPlatform | [7535601861_2] Stream restarted via set_stream_sources
2026-05-22 07:49:04,598 | INFO | VCPlatform | [6451644278] Stream restarted via set_stream_sources
2026-05-22 07:50:29,499 | INFO | VCPlatform | [8015937475] Stream restarted via set_stream_sources
2026-05-22 07:52:04,207 | INFO | VCPlatform | [6444599625_3] Stream restarted via set_stream_sources
2026-05-22 07:52:45,643 | INFO | VCPlatform | [6444599625] Stream restarted via set_stream_sources
2026-05-22 07:53:33,802 | INFO | VCPlatform | [7535601861_2] Stream restarted via set_stream_sources
2026-05-22 07:56:52,602 | INFO | VCPlatform | [8015937475] Stream restarted via set_stream_sources
2026-05-22 07:59:22,308 | INFO | VCPlatform | [6444599625_3] Stream restarted via set_stream_sources
2026-05-22 07:59:52,904 | INFO | VCPlatform | [7535601861_2] Stream restarted via set_stream_sources
2026-05-22 08:00:04,077 | INFO | VCPlatform | [6444599625] Stream restarted via set_stream_sources
2026-05-22 08:00:22,702 | INFO | VCPlatform | [6451644278] Stream restarted via set_stream_sources
2026-05-22 08:03:15,712 | INFO | VCPlatform | [8015937475] Stream restarted via set_stream_sources
2026-05-22 08:06:12,011 | INFO | VCPlatform | [7535601861_2] Stream restarted via set_stream_sources
2026-05-22 08:06:40,411 | INFO | VCPlatform | [6444599625_3] Stream restarted via set_stream_sources
2026-05-22 08:07:22,173 | INFO | VCPlatform | [6444599625] Stream restarted via set_stream_sources
2026-05-22 08:09:38,814 | INFO | VCPlatform | [8015937475] Stream restarted via set_stream_sources
2026-05-22 08:11:40,803 | INFO | VCPlatform | [6451644278] Stream restarted via set_stream_sources
2026-05-22 08:12:31,118 | INFO | VCPlatform | [7535601861_2] Stream restarted via set_stream_sources
2026-05-22 08:13:58,514 | INFO | VCPlatform | [6444599625_3] Stream restarted via set_stream_sources
2026-05-22 08:14:40,287 | INFO | VCPlatform | [6444599625] Stream restarted via set_stream_sources
2026-05-22 08:16:01,929 | INFO | VCPlatform | [8015937475] Stream restarted via set_stream_sources
2026-05-22 08:18:50,219 | INFO | VCPlatform | [7535601861_2] Stream restarted via set_stream_sources
2026-05-22 08:21:16,617 | INFO | VCPlatform | [6444599625_3] Stream restarted via set_stream_sources
2026-05-22 08:21:58,389 | INFO | VCPlatform | [6444599625] Stream restarted via set_stream_sources
2026-05-22 08:22:25,034 | INFO | VCPlatform | [8015937475] Stream restarted via set_stream_sources
2026-05-22 08:22:58,909 | INFO | VCPlatform | [6451644278] Stream restarted via set_stream_sources
2026-05-22 08:25:09,346 | INFO | VCPlatform | [7535601861_2] Stream restarted via set_stream_sources
2026-05-22 08:28:34,721 | INFO | VCPlatform | [6444599625_3] Stream restarted via set_stream_sources
2026-05-22 08:28:48,152 | INFO | VCPlatform | [8015937475] Stream restarted via set_stream_sources
2026-05-22 08:29:16,496 | INFO | VCPlatform | [6444599625] Stream restarted via set_stream_sources
2026-05-22 08:31:28,450 | INFO | VCPlatform | [7535601861_2] Stream restarted via set_stream_sources
2026-05-22 08:34:17,013 | INFO | VCPlatform | [6451644278] Stream restarted via set_stream_sources
2026-05-22 08:35:11,257 | INFO | VCPlatform | [8015937475] Stream restarted via set_stream_sources
2026-05-22 08:35:52,826 | INFO | VCPlatform | [6444599625_3] Stream restarted via set_stream_sources
2026-05-22 08:36:34,597 | INFO | VCPlatform | [6444599625] Stream restarted via set_stream_sources
2026-05-22 08:37:47,557 | INFO | VCPlatform | [7535601861_2] Stream restarted via set_stream_sources
2026-05-22 08:41:34,358 | INFO | VCPlatform | [8015937475] Stream restarted via set_stream_sources
2026-05-22 08:43:10,929 | INFO | VCPlatform | [6444599625_3] Stream restarted via set_stream_sources
2026-05-22 08:43:52,699 | INFO | VCPlatform | [6444599625] Stream restarted via set_stream_sources
2026-05-22 08:44:06,654 | INFO | VCPlatform | [7535601861_2] Stream restarted via set_stream_sources
2026-05-22 08:45:35,116 | INFO | VCPlatform | [6451644278] Stream restarted via set_stream_sources
2026-05-22 08:47:57,463 | INFO | VCPlatform | [8015937475] Stream restarted via set_stream_sources
2026-05-22 08:50:25,765 | INFO | VCPlatform | [7535601861_2] Stream restarted via set_stream_sources
2026-05-22 08:50:29,032 | INFO | VCPlatform | [6444599625_3] Stream restarted via set_stream_sources
2026-05-22 08:51:10,805 | INFO | VCPlatform | [6444599625] Stream restarted via set_stream_sources
2026-05-22 08:54:20,588 | INFO | VCPlatform | [8015937475] Stream restarted via set_stream_sources
2026-05-22 08:56:44,874 | INFO | VCPlatform | [7535601861_2] Stream restarted via set_stream_sources
2026-05-22 08:56:53,218 | INFO | VCPlatform | [6451644278] Stream restarted via set_stream_sources
2026-05-22 08:57:47,138 | INFO | VCPlatform | [6444599625_3] Stream restarted via set_stream_sources
2026-05-22 08:58:28,909 | INFO | VCPlatform | [6444599625] Stream restarted via set_stream_sources
2026-05-22 09:00:43,694 | INFO | VCPlatform | [8015937475] Stream restarted via set_stream_sources
2026-05-22 09:03:03,977 | INFO | VCPlatform | [7535601861_2] Stream restarted via set_stream_sources
2026-05-22 09:05:05,243 | INFO | VCPlatform | [6444599625_3] Stream restarted via set_stream_sources
2026-05-22 09:05:47,012 | INFO | VCPlatform | [6444599625] Stream restarted via set_stream_sources
2026-05-22 09:07:06,793 | INFO | VCPlatform | [8015937475] Stream restarted via set_stream_sources
2026-05-22 09:08:11,328 | INFO | VCPlatform | [6451644278] Stream restarted via set_stream_sources
2026-05-22 09:09:23,080 | INFO | VCPlatform | [7535601861_2] Stream restarted via set_stream_sources
2026-05-22 09:12:23,348 | INFO | VCPlatform | [6444599625_3] Stream restarted via set_stream_sources
2026-05-22 09:13:05,122 | INFO | VCPlatform | [6444599625] Stream restarted via set_stream_sources
2026-05-22 09:13:29,896 | INFO | VCPlatform | [8015937475] Stream restarted via set_stream_sources
2026-05-22 09:15:42,183 | INFO | VCPlatform | [7535601861_2] Stream restarted via set_stream_sources
2026-05-22 09:19:29,432 | INFO | VCPlatform | [6451644278] Stream restarted via set_stream_sources
2026-05-22 09:19:41,449 | INFO | VCPlatform | [6444599625_3] Stream restarted via set_stream_sources
2026-05-22 09:19:52,999 | INFO | VCPlatform | [8015937475] Stream restarted via set_stream_sources
2026-05-22 09:20:23,224 | INFO | VCPlatform | [6444599625] Stream restarted via set_stream_sources
2026-05-22 09:22:01,287 | INFO | VCPlatform | [7535601861_2] Stream restarted via set_stream_sources
2026-05-22 09:26:16,102 | INFO | VCPlatform | [8015937475] Stream restarted via set_stream_sources
2026-05-22 09:26:59,554 | INFO | VCPlatform | [6444599625_3] Stream restarted via set_stream_sources
2026-05-22 09:27:41,327 | INFO | VCPlatform | [6444599625] Stream restarted via set_stream_sources
2026-05-22 09:28:20,390 | INFO | VCPlatform | [7535601861_2] Stream restarted via set_stream_sources
2026-05-22 09:30:47,535 | INFO | VCPlatform | [6451644278] Stream restarted via set_stream_sources
2026-05-22 09:32:39,211 | INFO | VCPlatform | [8015937475] Stream restarted via set_stream_sources
2026-05-22 09:34:17,659 | INFO | VCPlatform | [6444599625_3] Stream restarted via set_stream_sources
2026-05-22 09:34:39,494 | INFO | VCPlatform | [7535601861_2] Stream restarted via set_stream_sources
2026-05-22 09:34:59,429 | INFO | VCPlatform | [6444599625] Stream restarted via set_stream_sources
2026-05-22 09:39:02,321 | INFO | VCPlatform | [8015937475] Stream restarted via set_stream_sources
2026-05-22 09:40:58,599 | INFO | VCPlatform | [7535601861_2] Stream restarted via set_stream_sources
2026-05-22 09:41:35,762 | INFO | VCPlatform | [6444599625_3] Stream restarted via set_stream_sources
2026-05-22 09:42:05,639 | INFO | VCPlatform | [6451644278] Stream restarted via set_stream_sources
2026-05-22 09:42:17,538 | INFO | VCPlatform | [6444599625] Stream restarted via set_stream_sources
2026-05-22 09:45:25,425 | INFO | VCPlatform | [8015937475] Stream restarted via set_stream_sources
2026-05-22 09:47:17,703 | INFO | VCPlatform | [7535601861_2] Stream restarted via set_stream_sources
2026-05-22 09:48:53,866 | INFO | VCPlatform | [6444599625_3] Stream restarted via set_stream_sources
2026-05-22 09:49:35,645 | INFO | VCPlatform | [6444599625] Stream restarted via set_stream_sources
2026-05-22 09:51:48,531 | INFO | VCPlatform | [8015937475] Stream restarted via set_stream_sources
2026-05-22 09:53:23,744 | INFO | VCPlatform | [6451644278] Stream restarted via set_stream_sources
2026-05-22 09:53:36,806 | INFO | VCPlatform | [7535601861_2] Stream restarted via set_stream_sources
2026-05-22 09:56:11,972 | INFO | VCPlatform | [6444599625_3] Stream restarted via set_stream_sources
2026-05-22 09:56:53,745 | INFO | VCPlatform | [6444599625] Stream restarted via set_stream_sources
2026-05-22 09:58:11,636 | INFO | VCPlatform | [8015937475] Stream restarted via set_stream_sources
2026-05-22 09:59:55,910 | INFO | VCPlatform | [7535601861_2] Stream restarted via set_stream_sources
2026-05-22 10:03:30,076 | INFO | VCPlatform | [6444599625_3] Stream restarted via set_stream_sources
2026-05-22 10:04:11,849 | INFO | VCPlatform | [6444599625] Stream restarted via set_stream_sources
2026-05-22 10:04:34,737 | INFO | VCPlatform | [8015937475] Stream restarted via set_stream_sources
2026-05-22 10:04:41,846 | INFO | VCPlatform | [6451644278] Stream restarted via set_stream_sources
2026-05-22 10:06:15,014 | INFO | VCPlatform | [7535601861_2] Stream restarted via set_stream_sources
2026-05-22 10:10:48,181 | INFO | VCPlatform | [6444599625_3] Stream restarted via set_stream_sources
2026-05-22 10:10:57,842 | INFO | VCPlatform | [8015937475] Stream restarted via set_stream_sources
2026-05-22 10:11:29,950 | INFO | VCPlatform | [6444599625] Stream restarted via set_stream_sources
2026-05-22 10:12:34,114 | INFO | VCPlatform | [7535601861_2] Stream restarted via set_stream_sources
2026-05-22 10:15:59,948 | INFO | VCPlatform | [6451644278] Stream restarted via set_stream_sources
2026-05-22 10:17:20,945 | INFO | VCPlatform | [8015937475] Stream restarted via set_stream_sources
2026-05-22 10:18:06,283 | INFO | VCPlatform | [6444599625_3] Stream restarted via set_stream_sources
2026-05-22 10:18:48,053 | INFO | VCPlatform | [6444599625] Stream restarted via set_stream_sources
2026-05-22 10:18:53,217 | INFO | VCPlatform | [7535601861_2] Stream restarted via set_stream_sources
2026-05-22 10:21:31,047 | INFO | VCPlatform | [6444599625_2] Monitors restarted: 1 running for 1 channels
2026-05-22 10:21:31,054 | INFO | VCPlatform | [6444599625_2] Monitor started for https://t.me/+5wYXdZfacPwwZTZl
2026-05-22 10:21:31,064 | INFO | VCPlatform | [6444599625_2] Channel from cache: '𝐒𝐔𝐑𝐄𝐒𝐇𝐎𝐓 𝐁𝐘 𝐑𝐀𝐌' (bare_id=2893144270) for https://t.me/+5wYXdZfacPwwZTZl
2026-05-22 10:21:31,065 | INFO | VCPlatform | [6444599625_2] VC push update handler registered
2026-05-22 10:21:31,819 | INFO | VCPlatform | [6444599625_2] Live already running in https://t.me/+5wYXdZfacPwwZTZl on startup — joining...
2026-05-22 10:21:34,020 | INFO | VCPlatform | [6444599625_2] NTG: ConnectionState.CONNECTING
2026-05-22 10:21:34,023 | INFO | VCPlatform | [6444599625_2] Joined VC in chat -1002893144270
2026-05-22 10:21:34,023 | INFO | VCPlatform | [6444599625_2] Joined VC on startup in https://t.me/+5wYXdZfacPwwZTZl
2026-05-22 10:21:34,372 | INFO | VCPlatform | [6444599625_2] NTG: ConnectionState.CONNECTED
2026-05-22 10:21:34,729 | INFO | VCPlatform | [6444599625_2] Monitor stopped for https://t.me/+5wYXdZfacPwwZTZl
2026-05-22 10:21:34,729 | INFO | VCPlatform | [6444599625_2] Monitors restarted: 1 running for 1 channels
2026-05-22 10:21:34,732 | INFO | VCPlatform | [6444599625_2] Monitor started for https://t.me/+5wYXdZfacPwwZTZl
2026-05-22 10:21:34,734 | INFO | VCPlatform | [6444599625_2] Channel from cache: '𝐒𝐔𝐑𝐄𝐒𝐇𝐎𝐓 𝐁𝐘 𝐑𝐀𝐌' (bare_id=2893144270) for https://t.me/+5wYXdZfacPwwZTZl
2026-05-22 10:21:34,735 | INFO | VCPlatform | [6444599625_2] VC push update handler registered
2026-05-22 10:23:44,049 | INFO | VCPlatform | [8015937475] Stream restarted via set_stream_sources
2026-05-22 10:25:12,321 | INFO | VCPlatform | [7535601861_2] Stream restarted via set_stream_sources
2026-05-22 10:25:24,388 | INFO | VCPlatform | [6444599625_3] Stream restarted via set_stream_sources
2026-05-22 10:26:06,156 | INFO | VCPlatform | [6444599625] Stream restarted via set_stream_sources
2026-05-22 10:27:18,052 | INFO | VCPlatform | [6451644278] Stream restarted via set_stream_sources
2026-05-22 10:28:52,126 | INFO | VCPlatform | [6444599625_2] Stream restarted via set_stream_sources
2026-05-22 10:30:07,181 | INFO | VCPlatform | [8015937475] Stream restarted via set_stream_sources
2026-05-22 10:31:31,426 | INFO | VCPlatform | [7535601861_2] Stream restarted via set_stream_sources
2026-05-22 10:32:42,505 | INFO | VCPlatform | [6444599625_3] Stream restarted via set_stream_sources
2026-05-22 10:33:24,259 | INFO | VCPlatform | [6444599625] Stream restarted via set_stream_sources
2026-05-22 10:36:10,229 | INFO | VCPlatform | [6444599625_2] Stream restarted via set_stream_sources
2026-05-22 10:36:30,276 | INFO | VCPlatform | [8015937475] Stream restarted via set_stream_sources
2026-05-22 10:37:50,533 | INFO | VCPlatform | [7535601861_2] Stream restarted via set_stream_sources
2026-05-22 10:38:36,154 | INFO | VCPlatform | [6451644278] Stream restarted via set_stream_sources
2026-05-22 10:40:00,638 | INFO | VCPlatform | [6444599625_3] Stream restarted via set_stream_sources
2026-05-22 10:40:42,364 | INFO | VCPlatform | [6444599625] Stream restarted via set_stream_sources
2026-05-22 10:42:53,381 | INFO | VCPlatform | [8015937475] Stream restarted via set_stream_sources
2026-05-22 10:43:28,338 | INFO | VCPlatform | [6444599625_2] Stream restarted via set_stream_sources
2026-05-22 10:44:09,636 | INFO | VCPlatform | [7535601861_2] Stream restarted via set_stream_sources
2026-05-22 10:47:18,731 | INFO | VCPlatform | [6444599625_3] Stream restarted via set_stream_sources
2026-05-22 10:48:00,470 | INFO | VCPlatform | [6444599625] Stream restarted via set_stream_sources
2026-05-22 10:49:16,488 | INFO | VCPlatform | [8015937475] Stream restarted via set_stream_sources
2026-05-22 10:49:54,256 | INFO | VCPlatform | [6451644278] Stream restarted via set_stream_sources
2026-05-22 10:50:28,741 | INFO | VCPlatform | [7535601861_2] Stream restarted via set_stream_sources
2026-05-22 10:50:46,440 | INFO | VCPlatform | [6444599625_2] Stream restarted via set_stream_sources
2026-05-22 10:54:36,834 | INFO | VCPlatform | [6444599625_3] Stream restarted via set_stream_sources
2026-05-22 10:55:18,571 | INFO | VCPlatform | [6444599625] Stream restarted via set_stream_sources
2026-05-22 10:55:39,589 | INFO | VCPlatform | [8015937475] Stream restarted via set_stream_sources
2026-05-22 10:56:47,853 | INFO | VCPlatform | [7535601861_2] Stream restarted via set_stream_sources
2026-05-22 10:58:04,542 | INFO | VCPlatform | [6444599625_2] Stream restarted via set_stream_sources
2026-05-22 11:01:12,364 | INFO | VCPlatform | [6451644278] Stream restarted via set_stream_sources
2026-05-22 11:01:54,937 | INFO | VCPlatform | [6444599625_3] Stream restarted via set_stream_sources
2026-05-22 11:02:02,715 | INFO | VCPlatform | [8015937475] Stream restarted via set_stream_sources
2026-05-22 11:02:36,685 | INFO | VCPlatform | [6444599625] Stream restarted via set_stream_sources
2026-05-22 11:03:06,958 | INFO | VCPlatform | [7535601861_2] Stream restarted via set_stream_sources
2026-05-22 11:05:22,644 | INFO | VCPlatform | [6444599625_2] Stream restarted via set_stream_sources
2026-05-22 11:08:25,816 | INFO | VCPlatform | [8015937475] Stream restarted via set_stream_sources
2026-05-22 11:09:13,043 | INFO | VCPlatform | [6444599625_3] Stream restarted via set_stream_sources
2026-05-22 11:09:26,060 | INFO | VCPlatform | [7535601861_2] Stream restarted via set_stream_sources
2026-05-22 11:09:54,787 | INFO | VCPlatform | [6444599625] Stream restarted via set_stream_sources
2026-05-22 11:12:30,468 | INFO | VCPlatform | [6451644278] Stream restarted via set_stream_sources
2026-05-22 11:12:40,757 | INFO | VCPlatform | [6444599625_2] Stream restarted via set_stream_sources
2026-05-22 11:14:48,919 | INFO | VCPlatform | [8015937475] Stream restarted via set_stream_sources
2026-05-22 11:15:45,165 | INFO | VCPlatform | [7535601861_2] Stream restarted via set_stream_sources
2026-05-22 11:16:31,156 | INFO | VCPlatform | [6444599625_3] Stream restarted via set_stream_sources
2026-05-22 11:17:12,897 | INFO | VCPlatform | [6444599625] Stream restarted via set_stream_sources
2026-05-22 11:19:58,862 | INFO | VCPlatform | [6444599625_2] Stream restarted via set_stream_sources
2026-05-22 11:21:12,021 | INFO | VCPlatform | [8015937475] Stream restarted via set_stream_sources
2026-05-22 11:22:04,267 | INFO | VCPlatform | [7535601861_2] Stream restarted via set_stream_sources
2026-05-22 11:23:48,575 | INFO | VCPlatform | [6451644278] Stream restarted via set_stream_sources
2026-05-22 11:23:49,259 | INFO | VCPlatform | [6444599625_3] Stream restarted via set_stream_sources
2026-05-22 11:24:31,000 | INFO | VCPlatform | [6444599625] Stream restarted via set_stream_sources
2026-05-22 11:27:16,965 | INFO | VCPlatform | [6444599625_2] Stream restarted via set_stream_sources
2026-05-22 11:27:35,129 | INFO | VCPlatform | [8015937475] Stream restarted via set_stream_sources
2026-05-22 11:28:23,369 | INFO | VCPlatform | [7535601861_2] Stream restarted via set_stream_sources
2026-05-22 11:31:07,363 | INFO | VCPlatform | [6444599625_3] Stream restarted via set_stream_sources
2026-05-22 11:31:49,103 | INFO | VCPlatform | [6444599625] Stream restarted via set_stream_sources
2026-05-22 11:33:58,232 | INFO | VCPlatform | [8015937475] Stream restarted via set_stream_sources
2026-05-22 11:34:35,069 | INFO | VCPlatform | [6444599625_2] Stream restarted via set_stream_sources
2026-05-22 11:34:42,473 | INFO | VCPlatform | [7535601861_2] Stream restarted via set_stream_sources
2026-05-22 11:35:06,705 | INFO | VCPlatform | [6451644278] Stream restarted via set_stream_sources
2026-05-22 11:38:25,469 | INFO | VCPlatform | [6444599625_3] Stream restarted via set_stream_sources
2026-05-22 11:39:07,208 | INFO | VCPlatform | [6444599625] Stream restarted via set_stream_sources
2026-05-22 11:40:21,347 | INFO | VCPlatform | [8015937475] Stream restarted via set_stream_sources
2026-05-22 11:41:01,605 | INFO | VCPlatform | [7535601861_2] Stream restarted via set_stream_sources
2026-05-22 11:41:53,173 | INFO | VCPlatform | [6444599625_2] Stream restarted via set_stream_sources
2026-05-22 11:45:43,571 | INFO | VCPlatform | [6444599625_3] Stream restarted via set_stream_sources
2026-05-22 11:46:24,811 | INFO | VCPlatform | [6451644278] Stream restarted via set_stream_sources
2026-05-22 11:46:25,310 | INFO | VCPlatform | [6444599625] Stream restarted via set_stream_sources
2026-05-22 11:46:44,454 | INFO | VCPlatform | [8015937475] Stream restarted via set_stream_sources
2026-05-22 11:47:20,706 | INFO | VCPlatform | [7535601861_2] Stream restarted via set_stream_sources
2026-05-22 11:49:11,276 | INFO | VCPlatform | [6444599625_2] Stream restarted via set_stream_sources
2026-05-22 11:53:01,689 | INFO | VCPlatform | [6444599625_3] Stream restarted via set_stream_sources
2026-05-22 11:53:07,556 | INFO | VCPlatform | [8015937475] Stream restarted via set_stream_sources
2026-05-22 11:53:39,809 | INFO | VCPlatform | [7535601861_2] Stream restarted via set_stream_sources
2026-05-22 11:53:43,413 | INFO | VCPlatform | [6444599625] Stream restarted via set_stream_sources
2026-05-22 11:56:29,381 | INFO | VCPlatform | [6444599625_2] Stream restarted via set_stream_sources
2026-05-22 11:57:42,914 | INFO | VCPlatform | [6451644278] Stream restarted via set_stream_sources
2026-05-22 11:59:30,659 | INFO | VCPlatform | [8015937475] Stream restarted via set_stream_sources
2026-05-22 11:59:58,913 | INFO | VCPlatform | [7535601861_2] Stream restarted via set_stream_sources
2026-05-22 12:00:19,787 | INFO | VCPlatform | [6444599625_3] Stream restarted via set_stream_sources
2026-05-22 12:01:01,567 | INFO | VCPlatform | [6444599625] Stream restarted via set_stream_sources
2026-05-22 12:03:47,485 | INFO | VCPlatform | [6444599625_2] Stream restarted via set_stream_sources
2026-05-22 12:05:53,765 | INFO | VCPlatform | [8015937475] Stream restarted via set_stream_sources
2026-05-22 12:06:18,015 | INFO | VCPlatform | [7535601861_2] Stream restarted via set_stream_sources
2026-05-22 12:07:37,892 | INFO | VCPlatform | [6444599625_3] Stream restarted via set_stream_sources
2026-05-22 12:08:19,671 | INFO | VCPlatform | [6444599625] Stream restarted via set_stream_sources
2026-05-22 12:09:01,019 | INFO | VCPlatform | [6451644278] Stream restarted via set_stream_sources
2026-05-22 12:11:05,589 | INFO | VCPlatform | [6444599625_2] Stream restarted via set_stream_sources
2026-05-22 12:12:16,868 | INFO | VCPlatform | [8015937475] Stream restarted via set_stream_sources
2026-05-22 12:12:37,118 | INFO | VCPlatform | [7535601861_2] Stream restarted via set_stream_sources
2026-05-22 12:14:56,012 | INFO | VCPlatform | [6444599625_3] Stream restarted via set_stream_sources
2026-05-22 12:15:37,773 | INFO | VCPlatform | [6444599625] Stream restarted via set_stream_sources
2026-05-22 12:18:23,694 | INFO | VCPlatform | [6444599625_2] Stream restarted via set_stream_sources
2026-05-22 12:18:39,999 | INFO | VCPlatform | [8015937475] Stream restarted via set_stream_sources
2026-05-22 12:18:56,222 | INFO | VCPlatform | [7535601861_2] Stream restarted via set_stream_sources
2026-05-22 12:20:19,126 | INFO | VCPlatform | [6451644278] Stream restarted via set_stream_sources
2026-05-22 12:22:14,113 | INFO | VCPlatform | [6444599625_3] Stream restarted via set_stream_sources
2026-05-22 12:22:55,879 | INFO | VCPlatform | [6444599625] Stream restarted via set_stream_sources
2026-05-22 12:25:03,157 | INFO | VCPlatform | [8015937475] Stream restarted via set_stream_sources
2026-05-22 12:25:15,323 | INFO | VCPlatform | [7535601861_2] Stream restarted via set_stream_sources
2026-05-22 12:25:41,796 | INFO | VCPlatform | [6444599625_2] Stream restarted via set_stream_sources
2026-05-22 12:29:32,215 | INFO | VCPlatform | [6444599625_3] Stream restarted via set_stream_sources
2026-05-22 12:30:13,984 | INFO | VCPlatform | [6444599625] Stream restarted via set_stream_sources
2026-05-22 12:31:26,269 | INFO | VCPlatform | [8015937475] Stream restarted via set_stream_sources
2026-05-22 12:31:34,427 | INFO | VCPlatform | [7535601861_2] Stream restarted via set_stream_sources
2026-05-22 12:31:37,227 | INFO | VCPlatform | [6451644278] Stream restarted via set_stream_sources
2026-05-22 12:32:59,967 | INFO | VCPlatform | [6444599625_2] Stream restarted via set_stream_sources
2026-05-22 12:36:50,321 | INFO | VCPlatform | [6444599625_3] Stream restarted via set_stream_sources
2026-05-22 12:37:32,087 | INFO | VCPlatform | [6444599625] Stream restarted via set_stream_sources
2026-05-22 12:37:49,369 | INFO | VCPlatform | [8015937475] Stream restarted via set_stream_sources
2026-05-22 12:37:53,536 | INFO | VCPlatform | [7535601861_2] Stream restarted via set_stream_sources
2026-05-22 12:40:18,023 | INFO | VCPlatform | [6444599625_2] Stream restarted via set_stream_sources
2026-05-22 12:42:55,330 | INFO | VCPlatform | [6451644278] Stream restarted via set_stream_sources
2026-05-22 12:44:08,437 | INFO | VCPlatform | [6444599625_3] Stream restarted via set_stream_sources
2026-05-22 12:44:12,489 | INFO | VCPlatform | [8015937475] Stream restarted via set_stream_sources
2026-05-22 12:44:12,640 | INFO | VCPlatform | [7535601861_2] Stream restarted via set_stream_sources
2026-05-22 12:44:50,190 | INFO | VCPlatform | [6444599625] Stream restarted via set_stream_sources
2026-05-22 12:47:36,126 | INFO | VCPlatform | [6444599625_2] Stream restarted via set_stream_sources
2026-05-22 12:50:31,744 | INFO | VCPlatform | [7535601861_2] Stream restarted via set_stream_sources
2026-05-22 12:50:35,591 | INFO | VCPlatform | [8015937475] Stream restarted via set_stream_sources
2026-05-22 12:51:26,540 | INFO | VCPlatform | [6444599625_3] Stream restarted via set_stream_sources
2026-05-22 12:52:08,293 | INFO | VCPlatform | [6444599625] Stream restarted via set_stream_sources
2026-05-22 12:54:13,437 | INFO | VCPlatform | [6451644278] Stream restarted via set_stream_sources
2026-05-22 12:54:54,230 | INFO | VCPlatform | [6444599625_2] Stream restarted via set_stream_sources
2026-05-22 12:56:50,847 | INFO | VCPlatform | [7535601861_2] Stream restarted via set_stream_sources
2026-05-22 12:56:58,694 | INFO | VCPlatform | [8015937475] Stream restarted via set_stream_sources
2026-05-22 12:58:44,645 | INFO | VCPlatform | [6444599625_3] Stream restarted via set_stream_sources
2026-05-22 12:59:26,401 | INFO | VCPlatform | [6444599625] Stream restarted via set_stream_sources
2026-05-22 13:02:12,334 | INFO | VCPlatform | [6444599625_2] Stream restarted via set_stream_sources
2026-05-22 13:03:09,950 | INFO | VCPlatform | [7535601861_2] Stream restarted via set_stream_sources
2026-05-22 13:03:21,797 | INFO | VCPlatform | [8015937475] Stream restarted via set_stream_sources
2026-05-22 13:05:31,542 | INFO | VCPlatform | [6451644278] Stream restarted via set_stream_sources
2026-05-22 13:06:02,746 | INFO | VCPlatform | [6444599625_3] Stream restarted via set_stream_sources
2026-05-22 13:06:44,503 | INFO | VCPlatform | [6444599625] Stream restarted via set_stream_sources
2026-05-22 13:09:29,056 | INFO | VCPlatform | [7535601861_2] Stream restarted via set_stream_sources
2026-05-22 13:09:30,439 | INFO | VCPlatform | [6444599625_2] Stream restarted via set_stream_sources
2026-05-22 13:09:42,656 | INFO | VCPlatform | [6444599625] Reminder sent (2 days left)
2026-05-22 13:09:44,900 | INFO | VCPlatform | [8015937475] Stream restarted via set_stream_sources
2026-05-22 13:13:20,856 | INFO | VCPlatform | [6444599625_3] Stream restarted via set_stream_sources
2026-05-22 13:14:02,607 | INFO | VCPlatform | [6444599625] Stream restarted via set_stream_sources
2026-05-22 13:15:48,161 | INFO | VCPlatform | [7535601861_2] Stream restarted via set_stream_sources
2026-05-22 13:16:08,005 | INFO | VCPlatform | [8015937475] Stream restarted via set_stream_sources
2026-05-22 13:16:48,541 | INFO | VCPlatform | [6444599625_2] Stream restarted via set_stream_sources
2026-05-22 13:16:49,644 | INFO | VCPlatform | [6451644278] Stream restarted via set_stream_sources
2026-05-22 13:20:38,963 | INFO | VCPlatform | [6444599625_3] Stream restarted via set_stream_sources
2026-05-22 13:21:20,711 | INFO | VCPlatform | [6444599625] Stream restarted via set_stream_sources
2026-05-22 13:22:07,275 | INFO | VCPlatform | [7535601861_2] Stream restarted via set_stream_sources
2026-05-22 13:22:31,107 | INFO | VCPlatform | [8015937475] Stream restarted via set_stream_sources
2026-05-22 13:24:06,650 | INFO | VCPlatform | [6444599625_2] Stream restarted via set_stream_sources
2026-05-22 13:27:57,065 | INFO | VCPlatform | [6444599625_3] Stream restarted via set_stream_sources
2026-05-22 13:28:07,747 | INFO | VCPlatform | [6451644278] Stream restarted via set_stream_sources
2026-05-22 13:28:26,378 | INFO | VCPlatform | [7535601861_2] Stream restarted via set_stream_sources
2026-05-22 13:28:38,814 | INFO | VCPlatform | [6444599625] Stream restarted via set_stream_sources
2026-05-22 13:28:54,210 | INFO | VCPlatform | [8015937475] Stream restarted via set_stream_sources
2026-05-22 13:31:24,760 | INFO | VCPlatform | [6444599625_2] Stream restarted via set_stream_sources
2026-05-22 13:34:45,483 | INFO | VCPlatform | [7535601861_2] Stream restarted via set_stream_sources
2026-05-22 13:35:15,168 | INFO | VCPlatform | [6444599625_3] Stream restarted via set_stream_sources
2026-05-22 13:35:17,311 | INFO | VCPlatform | [8015937475] Stream restarted via set_stream_sources
2026-05-22 13:35:56,916 | INFO | VCPlatform | [6444599625] Stream restarted via set_stream_sources
2026-05-22 13:38:42,857 | INFO | VCPlatform | [6444599625_2] Stream restarted via set_stream_sources
2026-05-22 13:39:25,855 | INFO | VCPlatform | [6451644278] Stream restarted via set_stream_sources
2026-05-22 13:41:04,586 | INFO | VCPlatform | [7535601861_2] Stream restarted via set_stream_sources
2026-05-22 13:41:40,415 | INFO | VCPlatform | [8015937475] Stream restarted via set_stream_sources
2026-05-22 13:42:33,269 | INFO | VCPlatform | [6444599625_3] Stream restarted via set_stream_sources
2026-05-22 13:43:15,029 | INFO | VCPlatform | [6444599625] Stream restarted via set_stream_sources
2026-05-22 13:46:00,984 | INFO | VCPlatform | [6444599625_2] Stream restarted via set_stream_sources
2026-05-22 13:47:23,691 | INFO | VCPlatform | [7535601861_2] Stream restarted via set_stream_sources
2026-05-22 13:48:03,522 | INFO | VCPlatform | [8015937475] Stream restarted via set_stream_sources
2026-05-22 13:49:51,372 | INFO | VCPlatform | [6444599625_3] Stream restarted via set_stream_sources
2026-05-22 13:50:33,127 | INFO | VCPlatform | [6444599625] Stream restarted via set_stream_sources
2026-05-22 13:50:43,953 | INFO | VCPlatform | [6451644278] Stream restarted via set_stream_sources
2026-05-22 13:53:19,086 | INFO | VCPlatform | [6444599625_2] Stream restarted via set_stream_sources
2026-05-22 13:53:42,793 | INFO | VCPlatform | [7535601861_2] Stream restarted via set_stream_sources
2026-05-22 13:54:26,625 | INFO | VCPlatform | [8015937475] Stream restarted via set_stream_sources
2026-05-22 13:57:09,477 | INFO | VCPlatform | [6444599625_3] Stream restarted via set_stream_sources
2026-05-22 13:57:51,234 | INFO | VCPlatform | [6444599625] Stream restarted via set_stream_sources
2026-05-22 14:00:01,968 | INFO | VCPlatform | [7535601861_2] Stream restarted via set_stream_sources
2026-05-22 14:00:37,196 | INFO | VCPlatform | [6444599625_2] Stream restarted via set_stream_sources
2026-05-22 14:00:49,730 | INFO | VCPlatform | [8015937475] Stream restarted via set_stream_sources
2026-05-22 14:02:02,238 | INFO | VCPlatform | [6451644278] Stream restarted via set_stream_sources
2026-05-22 14:04:27,579 | INFO | VCPlatform | [6444599625_3] Stream restarted via set_stream_sources
2026-05-22 14:05:09,335 | INFO | VCPlatform | [6444599625] Stream restarted via set_stream_sources
2026-05-22 14:06:21,070 | INFO | VCPlatform | [7535601861_2] Stream restarted via set_stream_sources
2026-05-22 14:07:12,834 | INFO | VCPlatform | [8015937475] Stream restarted via set_stream_sources
2026-05-22 14:07:55,305 | INFO | VCPlatform | [6444599625_2] Stream restarted via set_stream_sources
2026-05-22 14:11:45,684 | INFO | VCPlatform | [6444599625_3] Stream restarted via set_stream_sources
2026-05-22 14:12:27,438 | INFO | VCPlatform | [6444599625] Stream restarted via set_stream_sources
2026-05-22 14:12:40,173 | INFO | VCPlatform | [7535601861_2] Stream restarted via set_stream_sources
2026-05-22 14:13:20,271 | INFO | VCPlatform | [6451644278] Stream restarted via set_stream_sources
2026-05-22 14:13:35,939 | INFO | VCPlatform | [8015937475] Stream restarted via set_stream_sources
2026-05-22 14:15:13,411 | INFO | VCPlatform | [6444599625_2] Stream restarted via set_stream_sources
2026-05-22 14:18:59,277 | INFO | VCPlatform | [7535601861_2] Stream restarted via set_stream_sources
2026-05-22 14:19:03,787 | INFO | VCPlatform | [6444599625_3] Stream restarted via set_stream_sources
2026-05-22 14:19:45,553 | INFO | VCPlatform | [6444599625] Stream restarted via set_stream_sources
2026-05-22 14:19:59,044 | INFO | VCPlatform | [8015937475] Stream restarted via set_stream_sources
2026-05-22 14:22:31,513 | INFO | VCPlatform | [6444599625_2] Stream restarted via set_stream_sources
2026-05-22 14:24:38,374 | INFO | VCPlatform | [6451644278] Stream restarted via set_stream_sources
2026-05-22 14:25:18,379 | INFO | VCPlatform | [7535601861_2] Stream restarted via set_stream_sources
2026-05-22 14:26:21,891 | INFO | VCPlatform | [6444599625_3] Stream restarted via set_stream_sources
2026-05-22 14:26:22,146 | INFO | VCPlatform | [8015937475] Stream restarted via set_stream_sources
2026-05-22 14:27:03,662 | INFO | VCPlatform | [6444599625] Stream restarted via set_stream_sources
2026-05-22 14:29:49,616 | INFO | VCPlatform | [6444599625_2] Stream restarted via set_stream_sources
2026-05-22 14:31:37,486 | INFO | VCPlatform | [7535601861_2] Stream restarted via set_stream_sources
2026-05-22 14:32:45,256 | INFO | VCPlatform | [8015937475] Stream restarted via set_stream_sources
2026-05-22 14:33:39,993 | INFO | VCPlatform | [6444599625_3] Stream restarted via set_stream_sources
2026-05-22 14:34:21,763 | INFO | VCPlatform | [6444599625] Stream restarted via set_stream_sources
2026-05-22 14:35:56,476 | INFO | VCPlatform | [6451644278] Stream restarted via set_stream_sources
2026-05-22 14:37:07,720 | INFO | VCPlatform | [6444599625_2] Stream restarted via set_stream_sources
2026-05-22 14:37:56,599 | INFO | VCPlatform | [7535601861_2] Stream restarted via set_stream_sources
2026-05-22 14:39:08,359 | INFO | VCPlatform | [8015937475] Stream restarted via set_stream_sources
2026-05-22 14:40:58,097 | INFO | VCPlatform | [6444599625_3] Stream restarted via set_stream_sources
2026-05-22 14:41:39,865 | INFO | VCPlatform | [6444599625] Stream restarted via set_stream_sources
2026-05-22 14:44:15,705 | INFO | VCPlatform | [7535601861_2] Stream restarted via set_stream_sources
2026-05-22 14:44:25,823 | INFO | VCPlatform | [6444599625_2] Stream restarted via set_stream_sources
2026-05-22 14:45:31,461 | INFO | VCPlatform | [8015937475] Stream restarted via set_stream_sources
2026-05-22 14:47:14,579 | INFO | VCPlatform | [6451644278] Stream restarted via set_stream_sources
2026-05-22 14:48:16,200 | INFO | VCPlatform | [6444599625_3] Stream restarted via set_stream_sources
2026-05-22 14:48:57,968 | INFO | VCPlatform | [6444599625] Stream restarted via set_stream_sources
2026-05-22 14:50:34,818 | INFO | VCPlatform | [7535601861_2] Stream restarted via set_stream_sources
2026-05-22 14:51:43,927 | INFO | VCPlatform | [6444599625_2] Stream restarted via set_stream_sources
2026-05-22 14:51:54,565 | INFO | VCPlatform | [8015937475] Stream restarted via set_stream_sources
2026-05-22 14:55:34,303 | INFO | VCPlatform | [6444599625_3] Stream restarted via set_stream_sources
2026-05-22 14:56:16,072 | INFO | VCPlatform | [6444599625] Stream restarted via set_stream_sources
2026-05-22 14:56:53,919 | INFO | VCPlatform | [7535601861_2] Stream restarted via set_stream_sources
2026-05-22 14:58:17,667 | INFO | VCPlatform | [8015937475] Stream restarted via set_stream_sources
2026-05-22 14:58:32,680 | INFO | VCPlatform | [6451644278] Stream restarted via set_stream_sources
2026-05-22 14:59:02,038 | INFO | VCPlatform | [6444599625_2] Stream restarted via set_stream_sources
2026-05-22 15:02:52,409 | INFO | VCPlatform | [6444599625_3] Stream restarted via set_stream_sources
2026-05-22 15:03:13,022 | INFO | VCPlatform | [7535601861_2] Stream restarted via set_stream_sources
2026-05-22 15:03:34,202 | INFO | VCPlatform | [6444599625] Stream restarted via set_stream_sources
2026-05-22 15:04:40,784 | INFO | VCPlatform | [8015937475] Stream restarted via set_stream_sources
2026-05-22 15:05:23,665 | INFO | VCPlatform | [6444599625] Reminder sent (1 days left)
2026-05-22 15:05:25,013 | WARNING | VCPlatform | [6444599625_2] Reminder failed: Chat not found
2026-05-22 15:06:20,135 | INFO | VCPlatform | [6444599625_2] Stream restarted via set_stream_sources
2026-05-22 15:09:32,139 | INFO | VCPlatform | [7535601861_2] Stream restarted via set_stream_sources
2026-05-22 15:09:50,782 | INFO | VCPlatform | [6451644278] Stream restarted via set_stream_sources
2026-05-22 15:10:10,512 | INFO | VCPlatform | [6444599625_3] Stream restarted via set_stream_sources
2026-05-22 15:10:52,304 | INFO | VCPlatform | [6444599625] Stream restarted via set_stream_sources
2026-05-22 15:11:03,887 | INFO | VCPlatform | [8015937475] Stream restarted via set_stream_sources
2026-05-22 15:13:38,242 | INFO | VCPlatform | [6444599625_2] Stream restarted via set_stream_sources
2026-05-22 15:15:51,242 | INFO | VCPlatform | [7535601861_2] Stream restarted via set_stream_sources
2026-05-22 15:17:26,991 | INFO | VCPlatform | [8015937475] Stream restarted via set_stream_sources
2026-05-22 15:17:28,617 | INFO | VCPlatform | [6444599625_3] Stream restarted via set_stream_sources
2026-05-22 15:18:10,406 | INFO | VCPlatform | [6444599625] Stream restarted via set_stream_sources
2026-05-22 15:20:56,345 | INFO | VCPlatform | [6444599625_2] Stream restarted via set_stream_sources
2026-05-22 15:21:08,886 | INFO | VCPlatform | [6451644278] Stream restarted via set_stream_sources
2026-05-22 15:22:10,345 | INFO | VCPlatform | [7535601861_2] Stream restarted via set_stream_sources
2026-05-22 15:23:50,100 | INFO | VCPlatform | [8015937475] Stream restarted via set_stream_sources
2026-05-22 15:24:46,719 | INFO | VCPlatform | [6444599625_3] Stream restarted via set_stream_sources
2026-05-22 15:25:28,517 | INFO | VCPlatform | [6444599625] Stream restarted via set_stream_sources
2026-05-22 15:28:14,458 | INFO | VCPlatform | [6444599625_2] Stream restarted via set_stream_sources
2026-05-22 15:28:29,448 | INFO | VCPlatform | [7535601861_2] Stream restarted via set_stream_sources
2026-05-22 15:30:13,209 | INFO | VCPlatform | [8015937475] Stream restarted via set_stream_sources
2026-05-22 15:32:04,824 | INFO | VCPlatform | [6444599625_3] Stream restarted via set_stream_sources
2026-05-22 15:32:27,012 | INFO | VCPlatform | [6451644278] Stream restarted via set_stream_sources
2026-05-22 15:32:46,617 | INFO | VCPlatform | [6444599625] Stream restarted via set_stream_sources
2026-05-22 15:34:48,555 | INFO | VCPlatform | [7535601861_2] Stream restarted via set_stream_sources
2026-05-22 15:35:32,560 | INFO | VCPlatform | [6444599625_2] Stream restarted via set_stream_sources
2026-05-22 15:36:36,312 | INFO | VCPlatform | [8015937475] Stream restarted via set_stream_sources
2026-05-22 15:39:22,932 | INFO | VCPlatform | [6444599625_3] Stream restarted via set_stream_sources
2026-05-22 15:40:04,723 | INFO | VCPlatform | [6444599625] Stream restarted via set_stream_sources
2026-05-22 15:41:07,656 | INFO | VCPlatform | [7535601861_2] Stream restarted via set_stream_sources
2026-05-22 15:42:50,667 | INFO | VCPlatform | [6444599625_2] Stream restarted via set_stream_sources
2026-05-22 15:42:59,418 | INFO | VCPlatform | [8015937475] Stream restarted via set_stream_sources
2026-05-22 15:43:45,115 | INFO | VCPlatform | [6451644278] Stream restarted via set_stream_sources
2026-05-22 15:46:41,035 | INFO | VCPlatform | [6444599625_3] Stream restarted via set_stream_sources
2026-05-22 15:47:22,833 | INFO | VCPlatform | [6444599625] Stream restarted via set_stream_sources
2026-05-22 15:47:26,762 | INFO | VCPlatform | [7535601861_2] Stream restarted via set_stream_sources
2026-05-22 15:49:22,523 | INFO | VCPlatform | [8015937475] Stream restarted via set_stream_sources
2026-05-22 15:50:08,771 | INFO | VCPlatform | [6444599625_2] Stream restarted via set_stream_sources
2026-05-22 15:53:45,867 | INFO | VCPlatform | [7535601861_2] Stream restarted via set_stream_sources
2026-05-22 15:53:59,140 | INFO | VCPlatform | [6444599625_3] Stream restarted via set_stream_sources
2026-05-22 15:54:40,937 | INFO | VCPlatform | [6444599625] Stream restarted via set_stream_sources
2026-05-22 15:55:03,282 | INFO | VCPlatform | [6451644278] Stream restarted via set_stream_sources
2026-05-22 15:55:45,625 | INFO | VCPlatform | [8015937475] Stream restarted via set_stream_sources
2026-05-22 15:57:26,874 | INFO | VCPlatform | [6444599625_2] Stream restarted via set_stream_sources
2026-05-22 16:00:05,127 | INFO | VCPlatform | [7535601861_2] Stream restarted via set_stream_sources
2026-05-22 16:01:17,244 | INFO | VCPlatform | [6444599625_3] Stream restarted via set_stream_sources
2026-05-22 16:01:59,052 | INFO | VCPlatform | [6444599625] Stream restarted via set_stream_sources
2026-05-22 16:02:08,736 | INFO | VCPlatform | [8015937475] Stream restarted via set_stream_sources
2026-05-22 16:04:44,976 | INFO | VCPlatform | [6444599625_2] Stream restarted via set_stream_sources
2026-05-22 16:06:21,344 | INFO | VCPlatform | [6451644278] Stream restarted via set_stream_sources
2026-05-22 16:06:24,223 | INFO | VCPlatform | [7535601861_2] Stream restarted via set_stream_sources
2026-05-22 16:08:31,835 | INFO | VCPlatform | [8015937475] Stream restarted via set_stream_sources
2026-05-22 16:08:35,346 | INFO | VCPlatform | [6444599625_3] Stream restarted via set_stream_sources
2026-05-22 16:09:17,153 | INFO | VCPlatform | [6444599625] Stream restarted via set_stream_sources
2026-05-22 16:12:03,083 | INFO | VCPlatform | [6444599625_2] Stream restarted via set_stream_sources
2026-05-22 16:12:43,325 | INFO | VCPlatform | [7535601861_2] Stream restarted via set_stream_sources
2026-05-22 16:14:54,940 | INFO | VCPlatform | [8015937475] Stream restarted via set_stream_sources
2026-05-22 16:15:53,450 | INFO | VCPlatform | [6444599625_3] Stream restarted via set_stream_sources
2026-05-22 16:16:35,257 | INFO | VCPlatform | [6444599625] Stream restarted via set_stream_sources
2026-05-22 16:17:39,448 | INFO | VCPlatform | [6451644278] Stream restarted via set_stream_sources
2026-05-22 16:19:02,464 | INFO | VCPlatform | [7535601861_2] Stream restarted via set_stream_sources
2026-05-22 16:19:21,206 | INFO | VCPlatform | [6444599625_2] Stream restarted via set_stream_sources
2026-05-22 16:21:18,060 | INFO | VCPlatform | [8015937475] Stream restarted via set_stream_sources
2026-05-22 16:23:11,557 | INFO | VCPlatform | [6444599625_3] Stream restarted via set_stream_sources
2026-05-22 16:23:53,358 | INFO | VCPlatform | [6444599625] Stream restarted via set_stream_sources
2026-05-22 16:25:21,553 | INFO | VCPlatform | [7535601861_2] Stream restarted via set_stream_sources
2026-05-22 16:26:39,294 | INFO | VCPlatform | [6444599625_2] Stream restarted via set_stream_sources
2026-05-22 16:27:41,168 | INFO | VCPlatform | [8015937475] Stream restarted via set_stream_sources
2026-05-22 16:28:57,560 | INFO | VCPlatform | [6451644278] Stream restarted via set_stream_sources
2026-05-22 16:30:29,663 | INFO | VCPlatform | [6444599625_3] Stream restarted via set_stream_sources
2026-05-22 16:31:11,492 | INFO | VCPlatform | [6444599625] Stream restarted via set_stream_sources
2026-05-22 16:31:40,655 | INFO | VCPlatform | [7535601861_2] Stream restarted via set_stream_sources
2026-05-22 16:33:57,401 | INFO | VCPlatform | [6444599625_2] Stream restarted via set_stream_sources
2026-05-22 16:34:04,270 | INFO | VCPlatform | [8015937475] Stream restarted via set_stream_sources
2026-05-22 16:34:13,351 | WARNING | VCPlatform | [6444599625_2] Reminder failed: Chat not found
2026-05-22 16:37:47,765 | INFO | VCPlatform | [6444599625_3] Stream restarted via set_stream_sources
2026-05-22 16:37:59,760 | INFO | VCPlatform | [7535601861_2] Stream restarted via set_stream_sources
2026-05-22 16:38:29,591 | INFO | VCPlatform | [6444599625] Stream restarted via set_stream_sources
2026-05-22 16:39:45,336 | ERROR | telegram.ext.Updater | Error while getting Updates: httpx.RemoteProtocolError: Server disconnected without sending a response.
2026-05-22 16:39:45,337 | ERROR | telegram.ext.Updater | Exception happened while polling for updates.
Traceback (most recent call last):
  File "/root/voiceplay/.venv/lib/python3.10/site-packages/httpx/_transports/default.py", line 66, in map_httpcore_exceptions
    yield
  File "/root/voiceplay/.venv/lib/python3.10/site-packages/httpx/_transports/default.py", line 366, in handle_async_request
    resp = await self._pool.handle_async_request(req)
  File "/root/voiceplay/.venv/lib/python3.10/site-packages/httpcore/_async/connection_pool.py", line 256, in handle_async_request
    raise exc from None
  File "/root/voiceplay/.venv/lib/python3.10/site-packages/httpcore/_async/connection_pool.py", line 236, in handle_async_request
    response = await connection.handle_async_request(
  File "/root/voiceplay/.venv/lib/python3.10/site-packages/httpcore/_async/connection.py", line 103, in handle_async_request
    return await self._connection.handle_async_request(request)
  File "/root/voiceplay/.venv/lib/python3.10/site-packages/httpcore/_async/http11.py", line 136, in handle_async_request
    raise exc
  File "/root/voiceplay/.venv/lib/python3.10/site-packages/httpcore/_async/http11.py", line 106, in handle_async_request
    ) = await self._receive_response_headers(**kwargs)
  File "/root/voiceplay/.venv/lib/python3.10/site-packages/httpcore/_async/http11.py", line 177, in _receive_response_headers
    event = await self._receive_event(timeout=timeout)
  File "/root/voiceplay/.venv/lib/python3.10/site-packages/httpcore/_async/http11.py", line 231, in _receive_event
    raise RemoteProtocolError(msg)
httpcore.RemoteProtocolError: Server disconnected without sending a response.

The above exception was the direct cause of the following exception:

Traceback (most recent call last):
  File "/root/voiceplay/.venv/lib/python3.10/site-packages/telegram/request/_httpxrequest.py", line 268, in do_request
    res = await self._client.request(
  File "/root/voiceplay/.venv/lib/python3.10/site-packages/httpx/_client.py", line 1530, in request
    return await self.send(request, auth=auth, follow_redirects=follow_redirects)
  File "/root/voiceplay/.venv/lib/python3.10/site-packages/httpx/_client.py", line 1617, in send
    response = await self._send_handling_auth(
  File "/root/voiceplay/.venv/lib/python3.10/site-packages/httpx/_client.py", line 1645, in _send_handling_auth
    response = await self._send_handling_redirects(
  File "/root/voiceplay/.venv/lib/python3.10/site-packages/httpx/_client.py", line 1682, in _send_handling_redirects
    response = await self._send_single_request(request)
  File "/root/voiceplay/.venv/lib/python3.10/site-packages/httpx/_client.py", line 1719, in _send_single_request
    response = await transport.handle_async_request(request)
  File "/root/voiceplay/.venv/lib/python3.10/site-packages/httpx/_transports/default.py", line 365, in handle_async_request
    with map_httpcore_exceptions():
  File "/usr/lib/python3.10/contextlib.py", line 153, in __exit__
    self.gen.throw(typ, value, traceback)
  File "/root/voiceplay/.venv/lib/python3.10/site-packages/httpx/_transports/default.py", line 83, in map_httpcore_exceptions
    raise mapped_exc(message) from exc
httpx.RemoteProtocolError: Server disconnected without sending a response.

The above exception was the direct cause of the following exception:

Traceback (most recent call last):
  File "/root/voiceplay/.venv/lib/python3.10/site-packages/telegram/ext/_updater.py", line 688, in _network_loop_retry
    if not await action_cb():
  File "/root/voiceplay/.venv/lib/python3.10/site-packages/telegram/ext/_updater.py", line 384, in polling_action_cb
    raise exc
  File "/root/voiceplay/.venv/lib/python3.10/site-packages/telegram/ext/_updater.py", line 373, in polling_action_cb
    updates = await self.bot.get_updates(
  File "/root/voiceplay/.venv/lib/python3.10/site-packages/telegram/ext/_extbot.py", line 558, in get_updates
    updates = await super().get_updates(
  File "/root/voiceplay/.venv/lib/python3.10/site-packages/telegram/_bot.py", line 525, in decorator
    result = await func(self, *args, **kwargs)  # skipcq: PYL-E1102
  File "/root/voiceplay/.venv/lib/python3.10/site-packages/telegram/_bot.py", line 3584, in get_updates
    await self._post(
  File "/root/voiceplay/.venv/lib/python3.10/site-packages/telegram/_bot.py", line 613, in _post
    return await self._do_post(
  File "/root/voiceplay/.venv/lib/python3.10/site-packages/telegram/ext/_extbot.py", line 340, in _do_post
    return await super()._do_post(
  File "/root/voiceplay/.venv/lib/python3.10/site-packages/telegram/_bot.py", line 641, in _do_post
    return await request.post(
  File "/root/voiceplay/.venv/lib/python3.10/site-packages/telegram/request/_baserequest.py", line 200, in post
    result = await self._request_wrapper(
  File "/root/voiceplay/.venv/lib/python3.10/site-packages/telegram/request/_baserequest.py", line 340, in _request_wrapper
    raise exc
  File "/root/voiceplay/.venv/lib/python3.10/site-packages/telegram/request/_baserequest.py", line 330, in _request_wrapper
    code, payload = await self.do_request(
  File "/root/voiceplay/.venv/lib/python3.10/site-packages/telegram/request/_httpxrequest.py", line 292, in do_request
    raise NetworkError(f"httpx.{err.__class__.__name__}: {err}") from err
telegram.error.NetworkError: httpx.RemoteProtocolError: Server disconnected without sending a response.
2026-05-22 16:40:15,669 | INFO | VCPlatform | [6451644278] Stream restarted via set_stream_sources
2026-05-22 16:40:27,379 | INFO | VCPlatform | [8015937475] Stream restarted via set_stream_sources
2026-05-22 16:41:15,503 | INFO | VCPlatform | [6444599625_2] Stream restarted via set_stream_sources
2026-05-22 16:44:18,867 | INFO | VCPlatform | [7535601861_2] Stream restarted via set_stream_sources
2026-05-22 16:45:06,067 | INFO | VCPlatform | [6444599625_3] Stream restarted via set_stream_sources
2026-05-22 16:45:47,701 | INFO | VCPlatform | [6444599625] Stream restarted via set_stream_sources
2026-05-22 16:46:50,482 | INFO | VCPlatform | [8015937475] Stream restarted via set_stream_sources
2026-05-22 16:48:33,608 | INFO | VCPlatform | [6444599625_2] Stream restarted via set_stream_sources
2026-05-22 16:50:37,972 | INFO | VCPlatform | [7535601861_2] Stream restarted via set_stream_sources
2026-05-22 16:51:33,775 | INFO | VCPlatform | [6451644278] Stream restarted via set_stream_sources
2026-05-22 16:52:24,171 | INFO | VCPlatform | [6444599625_3] Stream restarted via set_stream_sources
2026-05-22 16:53:05,825 | INFO | VCPlatform | [6444599625] Stream restarted via set_stream_sources
2026-05-22 16:53:13,585 | INFO | VCPlatform | [8015937475] Stream restarted via set_stream_sources
2026-05-22 16:55:51,715 | INFO | VCPlatform | [6444599625_2] Stream restarted via set_stream_sources
2026-05-22 16:56:57,084 | INFO | VCPlatform | [7535601861_2] Stream restarted via set_stream_sources
2026-05-22 16:59:36,691 | INFO | VCPlatform | [8015937475] Stream restarted via set_stream_sources
2026-05-22 16:59:42,272 | INFO | VCPlatform | [6444599625_3] Stream restarted via set_stream_sources
2026-05-22 17:00:23,925 | INFO | VCPlatform | [6444599625] Stream restarted via set_stream_sources
2026-05-22 17:02:51,876 | INFO | VCPlatform | [6451644278] Stream restarted via set_stream_sources
2026-05-22 17:03:09,816 | INFO | VCPlatform | [6444599625_2] Stream restarted via set_stream_sources
2026-05-22 17:03:16,185 | INFO | VCPlatform | [7535601861_2] Stream restarted via set_stream_sources
2026-05-22 17:05:59,800 | INFO | VCPlatform | [8015937475] Stream restarted via set_stream_sources
2026-05-22 17:07:00,378 | INFO | VCPlatform | [6444599625_3] Stream restarted via set_stream_sources
2026-05-22 17:07:42,030 | INFO | VCPlatform | [6444599625] Stream restarted via set_stream_sources
2026-05-22 17:09:35,291 | INFO | VCPlatform | [7535601861_2] Stream restarted via set_stream_sources
2026-05-22 17:10:27,920 | INFO | VCPlatform | [6444599625_2] Stream restarted via set_stream_sources
2026-05-22 17:12:22,902 | INFO | VCPlatform | [8015937475] Stream restarted via set_stream_sources
2026-05-22 17:14:09,979 | INFO | VCPlatform | [6451644278] Stream restarted via set_stream_sources
2026-05-22 17:14:18,481 | INFO | VCPlatform | [6444599625_3] Stream restarted via set_stream_sources
2026-05-22 17:15:00,160 | INFO | VCPlatform | [6444599625] Stream restarted via set_stream_sources
2026-05-22 17:15:54,401 | INFO | VCPlatform | [7535601861_2] Stream restarted via set_stream_sources
2026-05-22 17:17:46,027 | INFO | VCPlatform | [6444599625_2] Stream restarted via set_stream_sources
2026-05-22 17:18:46,048 | INFO | VCPlatform | [8015937475] Stream restarted via set_stream_sources
2026-05-22 17:21:36,598 | INFO | VCPlatform | [6444599625_3] Stream restarted via set_stream_sources
2026-05-22 17:22:13,504 | INFO | VCPlatform | [7535601861_2] Stream restarted via set_stream_sources
2026-05-22 17:22:18,259 | INFO | VCPlatform | [6444599625] Stream restarted via set_stream_sources
2026-05-22 17:25:04,136 | INFO | VCPlatform | [6444599625_2] Stream restarted via set_stream_sources
2026-05-22 17:25:09,148 | INFO | VCPlatform | [8015937475] Stream restarted via set_stream_sources
2026-05-22 17:25:28,083 | INFO | VCPlatform | [6451644278] Stream restarted via set_stream_sources
2026-05-22 17:28:32,609 | INFO | VCPlatform | [7535601861_2] Stream restarted via set_stream_sources
2026-05-22 17:28:54,708 | INFO | VCPlatform | [6444599625_3] Stream restarted via set_stream_sources
2026-05-22 17:29:36,366 | INFO | VCPlatform | [6444599625] Stream restarted via set_stream_sources
2026-05-22 17:31:32,323 | INFO | VCPlatform | [8015937475] Stream restarted via set_stream_sources
2026-05-22 17:32:22,266 | INFO | VCPlatform | [6444599625_2] Stream restarted via set_stream_sources
2026-05-22 17:34:51,717 | INFO | VCPlatform | [7535601861_2] Stream restarted via set_stream_sources
2026-05-22 17:36:12,813 | INFO | VCPlatform | [6444599625_3] Stream restarted via set_stream_sources
2026-05-22 17:36:46,197 | INFO | VCPlatform | [6451644278] Stream restarted via set_stream_sources
2026-05-22 17:36:54,466 | INFO | VCPlatform | [6444599625] Stream restarted via set_stream_sources
2026-05-22 17:37:55,416 | INFO | VCPlatform | [8015937475] Stream restarted via set_stream_sources
2026-05-22 17:39:40,360 | INFO | VCPlatform | [6444599625_2] Stream restarted via set_stream_sources
2026-05-22 17:41:10,823 | INFO | VCPlatform | [7535601861_2] Stream restarted via set_stream_sources
2026-05-22 17:43:30,916 | INFO | VCPlatform | [6444599625_3] Stream restarted via set_stream_sources
2026-05-22 17:44:12,568 | INFO | VCPlatform | [6444599625] Stream restarted via set_stream_sources
2026-05-22 17:44:18,519 | INFO | VCPlatform | [8015937475] Stream restarted via set_stream_sources
2026-05-22 17:46:58,474 | INFO | VCPlatform | [6444599625_2] Stream restarted via set_stream_sources
2026-05-22 17:47:29,959 | INFO | VCPlatform | [7535601861_2] Stream restarted via set_stream_sources
2026-05-22 17:48:04,303 | INFO | VCPlatform | [6451644278] Stream restarted via set_stream_sources
2026-05-22 17:50:41,624 | INFO | VCPlatform | [8015937475] Stream restarted via set_stream_sources
2026-05-22 17:50:49,017 | INFO | VCPlatform | [6444599625_3] Stream restarted via set_stream_sources
2026-05-22 17:51:30,672 | INFO | VCPlatform | [6444599625] Stream restarted via set_stream_sources
2026-05-22 17:53:49,062 | INFO | VCPlatform | [7535601861_2] Stream restarted via set_stream_sources
2026-05-22 17:54:16,581 | INFO | VCPlatform | [6444599625_2] Stream restarted via set_stream_sources
2026-05-22 17:57:04,775 | INFO | VCPlatform | [8015937475] Stream restarted via set_stream_sources
2026-05-22 17:58:07,123 | INFO | VCPlatform | [6444599625_3] Stream restarted via set_stream_sources
2026-05-22 17:58:48,791 | INFO | VCPlatform | [6444599625] Stream restarted via set_stream_sources
2026-05-22 17:59:22,407 | INFO | VCPlatform | [6451644278] Stream restarted via set_stream_sources
2026-05-22 18:00:08,231 | INFO | VCPlatform | [7535601861_2] Stream restarted via set_stream_sources
2026-05-22 18:01:34,690 | INFO | VCPlatform | [6444599625_2] Stream restarted via set_stream_sources
2026-05-22 18:03:27,888 | INFO | VCPlatform | [8015937475] Stream restarted via set_stream_sources
2026-05-22 18:05:25,226 | INFO | VCPlatform | [6444599625_3] Stream restarted via set_stream_sources
2026-05-22 18:06:06,897 | INFO | VCPlatform | [6444599625] Stream restarted via set_stream_sources
2026-05-22 18:06:27,327 | INFO | VCPlatform | [7535601861_2] Stream restarted via set_stream_sources
2026-05-22 18:08:52,792 | INFO | VCPlatform | [6444599625_2] Stream restarted via set_stream_sources
2026-05-22 18:09:50,990 | INFO | VCPlatform | [8015937475] Stream restarted via set_stream_sources
2026-05-22 18:10:40,511 | INFO | VCPlatform | [6451644278] Stream restarted via set_stream_sources
2026-05-22 18:12:43,331 | INFO | VCPlatform | [6444599625_3] Stream restarted via set_stream_sources
2026-05-22 18:12:46,428 | INFO | VCPlatform | [7535601861_2] Stream restarted via set_stream_sources
2026-05-22 18:13:25,000 | INFO | VCPlatform | [6444599625] Stream restarted via set_stream_sources
2026-05-22 18:16:10,932 | INFO | VCPlatform | [6444599625_2] Stream restarted via set_stream_sources
2026-05-22 18:16:14,099 | INFO | VCPlatform | [8015937475] Stream restarted via set_stream_sources
2026-05-22 18:19:05,555 | INFO | VCPlatform | [7535601861_2] Stream restarted via set_stream_sources
2026-05-22 18:20:01,590 | INFO | VCPlatform | [6444599625_3] Stream restarted via set_stream_sources
2026-05-22 18:20:43,104 | INFO | VCPlatform | [6444599625] Stream restarted via set_stream_sources
2026-05-22 18:21:58,614 | INFO | VCPlatform | [6451644278] Stream restarted via set_stream_sources
2026-05-22 18:22:37,202 | INFO | VCPlatform | [8015937475] Stream restarted via set_stream_sources
2026-05-22 18:23:29,012 | INFO | VCPlatform | [6444599625_2] Stream restarted via set_stream_sources
2026-05-22 18:25:24,686 | INFO | VCPlatform | [7535601861_2] Stream restarted via set_stream_sources
2026-05-22 18:27:19,635 | INFO | VCPlatform | [6444599625_3] Stream restarted via set_stream_sources
2026-05-22 18:28:01,208 | INFO | VCPlatform | [6444599625] Stream restarted via set_stream_sources
2026-05-22 18:29:00,308 | INFO | VCPlatform | [8015937475] Stream restarted via set_stream_sources
2026-05-22 18:30:47,118 | INFO | VCPlatform | [6444599625_2] Stream restarted via set_stream_sources
2026-05-22 18:31:43,791 | INFO | VCPlatform | [7535601861_2] Stream restarted via set_stream_sources
2026-05-22 18:33:16,717 | INFO | VCPlatform | [6451644278] Stream restarted via set_stream_sources
2026-05-22 18:34:37,745 | INFO | VCPlatform | [6444599625_3] Stream restarted via set_stream_sources
2026-05-22 18:35:19,310 | INFO | VCPlatform | [6444599625] Stream restarted via set_stream_sources
2026-05-22 18:35:23,413 | INFO | VCPlatform | [8015937475] Stream restarted via set_stream_sources
2026-05-22 18:38:02,900 | INFO | VCPlatform | [7535601861_2] Stream restarted via set_stream_sources
2026-05-22 18:38:05,239 | INFO | VCPlatform | [6444599625_2] Stream restarted via set_stream_sources
2026-05-22 18:41:46,516 | INFO | VCPlatform | [8015937475] Stream restarted via set_stream_sources
2026-05-22 18:41:55,849 | INFO | VCPlatform | [6444599625_3] Stream restarted via set_stream_sources
2026-05-22 18:42:37,412 | INFO | VCPlatform | [6444599625] Stream restarted via set_stream_sources
2026-05-22 18:44:22,005 | INFO | VCPlatform | [7535601861_2] Stream restarted via set_stream_sources
2026-05-22 18:44:34,819 | INFO | VCPlatform | [6451644278] Stream restarted via set_stream_sources
2026-05-22 18:45:23,336 | INFO | VCPlatform | [6444599625_2] Stream restarted via set_stream_sources
2026-05-22 18:48:09,629 | INFO | VCPlatform | [8015937475] Stream restarted via set_stream_sources
2026-05-22 18:49:13,952 | INFO | VCPlatform | [6444599625_3] Stream restarted via set_stream_sources
2026-05-22 18:49:55,514 | INFO | VCPlatform | [6444599625] Stream restarted via set_stream_sources
2026-05-22 18:50:41,108 | INFO | VCPlatform | [7535601861_2] Stream restarted via set_stream_sources
2026-05-22 18:52:41,440 | INFO | VCPlatform | [6444599625_2] Stream restarted via set_stream_sources
2026-05-22 18:54:32,739 | INFO | VCPlatform | [8015937475] Stream restarted via set_stream_sources
2026-05-22 18:55:52,925 | INFO | VCPlatform | [6451644278] Stream restarted via set_stream_sources
2026-05-22 18:56:32,053 | INFO | VCPlatform | [6444599625_3] Stream restarted via set_stream_sources
2026-05-22 18:57:00,212 | INFO | VCPlatform | [7535601861_2] Stream restarted via set_stream_sources
2026-05-22 18:57:13,616 | INFO | VCPlatform | [6444599625] Stream restarted via set_stream_sources
2026-05-22 18:59:59,544 | INFO | VCPlatform | [6444599625_2] Stream restarted via set_stream_sources
2026-05-22 19:00:55,842 | INFO | VCPlatform | [8015937475] Stream restarted via set_stream_sources
2026-05-22 19:03:19,318 | INFO | VCPlatform | [7535601861_2] Stream restarted via set_stream_sources
2026-05-22 19:03:50,157 | INFO | VCPlatform | [6444599625_3] Stream restarted via set_stream_sources
2026-05-22 19:04:31,719 | INFO | VCPlatform | [6444599625] Stream restarted via set_stream_sources
2026-05-22 19:07:11,029 | INFO | VCPlatform | [6451644278] Stream restarted via set_stream_sources
2026-05-22 19:07:17,647 | INFO | VCPlatform | [6444599625_2] Stream restarted via set_stream_sources
2026-05-22 19:07:18,943 | INFO | VCPlatform | [8015937475] Stream restarted via set_stream_sources
2026-05-22 19:09:38,426 | INFO | VCPlatform | [7535601861_2] Stream restarted via set_stream_sources
2026-05-22 19:11:08,261 | INFO | VCPlatform | [6444599625_3] Stream restarted via set_stream_sources
2026-05-22 19:11:49,825 | INFO | VCPlatform | [6444599625] Stream restarted via set_stream_sources
2026-05-22 19:13:42,049 | INFO | VCPlatform | [8015937475] Stream restarted via set_stream_sources
2026-05-22 19:14:35,753 | INFO | VCPlatform | [6444599625_2] Stream restarted via set_stream_sources
2026-05-22 19:15:57,534 | INFO | VCPlatform | [7535601861_2] Stream restarted via set_stream_sources
2026-05-22 19:18:26,365 | INFO | VCPlatform | [6444599625_3] Stream restarted via set_stream_sources
2026-05-22 19:18:29,133 | INFO | VCPlatform | [6451644278] Stream restarted via set_stream_sources
2026-05-22 19:19:07,928 | INFO | VCPlatform | [6444599625] Stream restarted via set_stream_sources
2026-05-22 19:20:05,155 | INFO | VCPlatform | [8015937475] Stream restarted via set_stream_sources
2026-05-22 19:21:53,853 | INFO | VCPlatform | [6444599625_2] Stream restarted via set_stream_sources
2026-05-22 19:22:16,636 | INFO | VCPlatform | [7535601861_2] Stream restarted via set_stream_sources
2026-05-22 19:25:44,468 | INFO | VCPlatform | [6444599625_3] Stream restarted via set_stream_sources
2026-05-22 19:26:26,051 | INFO | VCPlatform | [6444599625] Stream restarted via set_stream_sources
2026-05-22 19:26:28,257 | INFO | VCPlatform | [8015937475] Stream restarted via set_stream_sources
2026-05-22 19:28:35,740 | INFO | VCPlatform | [7535601861_2] Stream restarted via set_stream_sources
